ISO-10303-21;
HEADER;
FILE_DESCRIPTION(('KiCad electronic assembly'),'2;1');
FILE_NAME('Cell Backer.step','2026-02-04T20:21:53',('Pcbnew'),('Kicad'),
  'Open CASCADE STEP processor 7.8','KiCad to STEP converter','Unknown'
  );
FILE_SCHEMA(('AUTOMOTIVE_DESIGN { 1 0 10303 214 1 1 1 1 }'));
ENDSEC;
DATA;
#1 = APPLICATION_PROTOCOL_DEFINITION('international standard',
  'automotive_design',2000,#2);
#2 = APPLICATION_CONTEXT(
  'core data for automotive mechanical design processes');
#3 = SHAPE_DEFINITION_REPRESENTATION(#4,#10);
#4 = PRODUCT_DEFINITION_SHAPE('','',#5);
#5 = PRODUCT_DEFINITION('design','',#6,#9);
#6 = PRODUCT_DEFINITION_FORMATION('','',#7);
#7 = PRODUCT('Cell Backer 1','Cell Backer 1','',(#8));
#8 = PRODUCT_CONTEXT('',#2,'mechanical');
#9 = PRODUCT_DEFINITION_CONTEXT('part definition',#2,'design');
#10 = SHAPE_REPRESENTATION('',(#11,#15,#19,#23,#27,#31,#35,#39),#43);
#11 = AXIS2_PLACEMENT_3D('',#12,#13,#14);
#12 = CARTESIAN_POINT('',(0.,0.,0.));
#13 = DIRECTION('',(0.,0.,1.));
#14 = DIRECTION('',(1.,0.,-0.));
#15 = AXIS2_PLACEMENT_3D('',#16,#17,#18);
#16 = CARTESIAN_POINT('',(178.,-88.5,9.66E-02));
#17 = DIRECTION('',(0.,-1.,1.110223024625E-16));
#18 = DIRECTION('',(1.,0.,0.));
#19 = AXIS2_PLACEMENT_3D('',#20,#21,#22);
#20 = CARTESIAN_POINT('',(136.,-65.5,9.66E-02));
#21 = DIRECTION('',(1.224646799147E-16,1.,1.110223024625E-16));
#22 = DIRECTION('',(-1.,1.224646799147E-16,0.));
#23 = AXIS2_PLACEMENT_3D('',#24,#25,#26);
#24 = CARTESIAN_POINT('',(178.,-111.5,9.66E-02));
#25 = DIRECTION('',(1.224646799147E-16,1.,1.110223024625E-16));
#26 = DIRECTION('',(-1.,1.224646799147E-16,0.));
#27 = AXIS2_PLACEMENT_3D('',#28,#29,#30);
#28 = CARTESIAN_POINT('',(136.,-88.5,9.66E-02));
#29 = DIRECTION('',(0.,-1.,1.110223024625E-16));
#30 = DIRECTION('',(1.,0.,0.));
#31 = AXIS2_PLACEMENT_3D('',#32,#33,#34);
#32 = CARTESIAN_POINT('',(136.,-111.5,9.66E-02));
#33 = DIRECTION('',(1.224646799147E-16,1.,1.110223024625E-16));
#34 = DIRECTION('',(-1.,1.224646799147E-16,0.));
#35 = AXIS2_PLACEMENT_3D('',#36,#37,#38);
#36 = CARTESIAN_POINT('',(178.,-65.5,9.66E-02));
#37 = DIRECTION('',(1.224646799147E-16,1.,1.110223024625E-16));
#38 = DIRECTION('',(-1.,1.224646799147E-16,0.));
#39 = AXIS2_PLACEMENT_3D('',#40,#41,#42);
#40 = CARTESIAN_POINT('',(0.,0.,0.));
#41 = DIRECTION('',(0.,0.,1.));
#42 = DIRECTION('',(1.,0.,-0.));
#43 = ( GEOMETRIC_REPRESENTATION_CONTEXT(3) 
GLOBAL_UNCERTAINTY_ASSIGNED_CONTEXT((#47)) GLOBAL_UNIT_ASSIGNED_CONTEXT(
(#44,#45,#46)) REPRESENTATION_CONTEXT('Context #1',
  '3D Context with UNIT and UNCERTAINTY') );
#44 = ( LENGTH_UNIT() NAMED_UNIT(*) SI_UNIT(.MILLI.,.METRE.) );
#45 = ( NAMED_UNIT(*) PLANE_ANGLE_UNIT() SI_UNIT($,.RADIAN.) );
#46 = ( NAMED_UNIT(*) SI_UNIT($,.STERADIAN.) SOLID_ANGLE_UNIT() );
#47 = UNCERTAINTY_MEASURE_WITH_UNIT(LENGTH_MEASURE(1.E-07),#44,
  'distance_accuracy_value','confusion accuracy');
#48 = PRODUCT_RELATED_PRODUCT_CATEGORY('part',$,(#7));
#49 = SHAPE_DEFINITION_REPRESENTATION(#50,#56);
#50 = PRODUCT_DEFINITION_SHAPE('','',#51);
#51 = PRODUCT_DEFINITION('design','',#52,#55);
#52 = PRODUCT_DEFINITION_FORMATION('','',#53);
#53 = PRODUCT('SM141K06TF','SM141K06TF','',(#54));
#54 = PRODUCT_CONTEXT('',#2,'mechanical');
#55 = PRODUCT_DEFINITION_CONTEXT('part definition',#2,'design');
#56 = ADVANCED_BREP_SHAPE_REPRESENTATION('',(#11,#57),#1149);
#57 = MANIFOLD_SOLID_BREP('',#58);
#58 = CLOSED_SHELL('',(#59,#92,#101,#134,#143,#183,#214,#238,#278,#309,
    #333,#373,#404,#428,#468,#499,#523,#563,#594,#618,#658,#689,#713,
    #737,#754,#778,#795,#819,#836,#860,#877,#901,#918,#942,#959,#999,
    #1030,#1061,#1083,#1131));
#59 = ADVANCED_FACE('',(#60),#87,.T.);
#60 = FACE_BOUND('',#61,.T.);
#61 = EDGE_LOOP('',(#62,#71,#79,#86));
#62 = ORIENTED_EDGE('',*,*,#63,.F.);
#63 = EDGE_CURVE('',#64,#64,#66,.T.);
#64 = VERTEX_POINT('',#65);
#65 = CARTESIAN_POINT('',(-19.5,-1.E-02,1.836970198721E-16));
#66 = CIRCLE('',#67,1.5);
#67 = AXIS2_PLACEMENT_3D('',#68,#69,#70);
#68 = CARTESIAN_POINT('',(-18.,-1.E-02,0.));
#69 = DIRECTION('',(0.,-1.,0.));
#70 = DIRECTION('',(1.,0.,0.));
#71 = ORIENTED_EDGE('',*,*,#72,.T.);
#72 = EDGE_CURVE('',#64,#73,#75,.T.);
#73 = VERTEX_POINT('',#74);
#74 = CARTESIAN_POINT('',(-19.5,0.,1.836970198721E-16));
#75 = LINE('',#76,#77);
#76 = CARTESIAN_POINT('',(-19.5,0.,-1.836970198721E-16));
#77 = VECTOR('',#78,1.);
#78 = DIRECTION('',(0.,1.,0.));
#79 = ORIENTED_EDGE('',*,*,#80,.F.);
#80 = EDGE_CURVE('',#73,#73,#81,.T.);
#81 = CIRCLE('',#82,1.5);
#82 = AXIS2_PLACEMENT_3D('',#83,#84,#85);
#83 = CARTESIAN_POINT('',(-18.,0.,0.));
#84 = DIRECTION('',(-0.,1.,0.));
#85 = DIRECTION('',(1.,0.,0.));
#86 = ORIENTED_EDGE('',*,*,#72,.F.);
#87 = CYLINDRICAL_SURFACE('',#88,1.5);
#88 = AXIS2_PLACEMENT_3D('',#89,#90,#91);
#89 = CARTESIAN_POINT('',(-18.,0.,0.));
#90 = DIRECTION('',(0.,-1.,0.));
#91 = DIRECTION('',(1.,0.,0.));
#92 = ADVANCED_FACE('',(#93),#96,.F.);
#93 = FACE_BOUND('',#94,.T.);
#94 = EDGE_LOOP('',(#95));
#95 = ORIENTED_EDGE('',*,*,#63,.T.);
#96 = PLANE('',#97);
#97 = AXIS2_PLACEMENT_3D('',#98,#99,#100);
#98 = CARTESIAN_POINT('',(-18.,-1.E-02,0.));
#99 = DIRECTION('',(0.,1.,0.));
#100 = DIRECTION('',(1.,0.,0.));
#101 = ADVANCED_FACE('',(#102),#129,.T.);
#102 = FACE_BOUND('',#103,.T.);
#103 = EDGE_LOOP('',(#104,#113,#121,#128));
#104 = ORIENTED_EDGE('',*,*,#105,.F.);
#105 = EDGE_CURVE('',#106,#106,#108,.T.);
#106 = VERTEX_POINT('',#107);
#107 = CARTESIAN_POINT('',(16.5,-1.E-02,8.919034935076E-03));
#108 = CIRCLE('',#109,1.5);
#109 = AXIS2_PLACEMENT_3D('',#110,#111,#112);
#110 = CARTESIAN_POINT('',(18.,-1.E-02,8.919034935075E-03));
#111 = DIRECTION('',(0.,-1.,0.));
#112 = DIRECTION('',(1.,0.,0.));
#113 = ORIENTED_EDGE('',*,*,#114,.T.);
#114 = EDGE_CURVE('',#106,#115,#117,.T.);
#115 = VERTEX_POINT('',#116);
#116 = CARTESIAN_POINT('',(16.5,0.,8.919034935076E-03));
#117 = LINE('',#118,#119);
#118 = CARTESIAN_POINT('',(16.5,0.,8.919034935075E-03));
#119 = VECTOR('',#120,1.);
#120 = DIRECTION('',(0.,1.,0.));
#121 = ORIENTED_EDGE('',*,*,#122,.F.);
#122 = EDGE_CURVE('',#115,#115,#123,.T.);
#123 = CIRCLE('',#124,1.5);
#124 = AXIS2_PLACEMENT_3D('',#125,#126,#127);
#125 = CARTESIAN_POINT('',(18.,0.,8.919034935075E-03));
#126 = DIRECTION('',(-0.,1.,0.));
#127 = DIRECTION('',(1.,0.,0.));
#128 = ORIENTED_EDGE('',*,*,#114,.F.);
#129 = CYLINDRICAL_SURFACE('',#130,1.5);
#130 = AXIS2_PLACEMENT_3D('',#131,#132,#133);
#131 = CARTESIAN_POINT('',(18.,0.,8.919034935075E-03));
#132 = DIRECTION('',(0.,-1.,0.));
#133 = DIRECTION('',(1.,0.,0.));
#134 = ADVANCED_FACE('',(#135),#138,.F.);
#135 = FACE_BOUND('',#136,.T.);
#136 = EDGE_LOOP('',(#137));
#137 = ORIENTED_EDGE('',*,*,#105,.T.);
#138 = PLANE('',#139);
#139 = AXIS2_PLACEMENT_3D('',#140,#141,#142);
#140 = CARTESIAN_POINT('',(18.,-1.E-02,8.919034935075E-03));
#141 = DIRECTION('',(0.,1.,0.));
#142 = DIRECTION('',(1.,0.,0.));
#143 = ADVANCED_FACE('',(#144),#178,.T.);
#144 = FACE_BOUND('',#145,.T.);
#145 = EDGE_LOOP('',(#146,#156,#164,#172));
#146 = ORIENTED_EDGE('',*,*,#147,.F.);
#147 = EDGE_CURVE('',#148,#150,#152,.T.);
#148 = VERTEX_POINT('',#149);
#149 = CARTESIAN_POINT('',(20.65,1.1,-10.75));
#150 = VERTEX_POINT('',#151);
#151 = CARTESIAN_POINT('',(20.65,1.1,10.75));
#152 = LINE('',#153,#154);
#153 = CARTESIAN_POINT('',(20.65,1.1,-5.375));
#154 = VECTOR('',#155,1.);
#155 = DIRECTION('',(0.,0.,1.));
#156 = ORIENTED_EDGE('',*,*,#157,.F.);
#157 = EDGE_CURVE('',#158,#148,#160,.T.);
#158 = VERTEX_POINT('',#159);
#159 = CARTESIAN_POINT('',(13.85,1.1,-10.75));
#160 = LINE('',#161,#162);
#161 = CARTESIAN_POINT('',(15.55,1.1,-10.75));
#162 = VECTOR('',#163,1.);
#163 = DIRECTION('',(1.,0.,0.));
#164 = ORIENTED_EDGE('',*,*,#165,.F.);
#165 = EDGE_CURVE('',#166,#158,#168,.T.);
#166 = VERTEX_POINT('',#167);
#167 = CARTESIAN_POINT('',(13.85,1.1,10.75));
#168 = LINE('',#169,#170);
#169 = CARTESIAN_POINT('',(13.85,1.1,5.375));
#170 = VECTOR('',#171,1.);
#171 = DIRECTION('',(0.,0.,-1.));
#172 = ORIENTED_EDGE('',*,*,#173,.F.);
#173 = EDGE_CURVE('',#150,#166,#174,.T.);
#174 = LINE('',#175,#176);
#175 = CARTESIAN_POINT('',(18.95,1.1,10.75));
#176 = VECTOR('',#177,1.);
#177 = DIRECTION('',(-1.,0.,0.));
#178 = PLANE('',#179);
#179 = AXIS2_PLACEMENT_3D('',#180,#181,#182);
#180 = CARTESIAN_POINT('',(17.25,1.1,0.));
#181 = DIRECTION('',(0.,1.,0.));
#182 = DIRECTION('',(0.,-0.,1.));
#183 = ADVANCED_FACE('',(#184),#209,.T.);
#184 = FACE_BOUND('',#185,.T.);
#185 = EDGE_LOOP('',(#186,#187,#195,#203));
#186 = ORIENTED_EDGE('',*,*,#165,.T.);
#187 = ORIENTED_EDGE('',*,*,#188,.T.);
#188 = EDGE_CURVE('',#158,#189,#191,.T.);
#189 = VERTEX_POINT('',#190);
#190 = CARTESIAN_POINT('',(13.85,1.2,-10.75));
#191 = LINE('',#192,#193);
#192 = CARTESIAN_POINT('',(13.85,0.,-10.75));
#193 = VECTOR('',#194,1.);
#194 = DIRECTION('',(0.,1.,0.));
#195 = ORIENTED_EDGE('',*,*,#196,.F.);
#196 = EDGE_CURVE('',#197,#189,#199,.T.);
#197 = VERTEX_POINT('',#198);
#198 = CARTESIAN_POINT('',(13.85,1.2,10.75));
#199 = LINE('',#200,#201);
#200 = CARTESIAN_POINT('',(13.85,1.2,-10.75));
#201 = VECTOR('',#202,1.);
#202 = DIRECTION('',(0.,0.,-1.));
#203 = ORIENTED_EDGE('',*,*,#204,.F.);
#204 = EDGE_CURVE('',#166,#197,#205,.T.);
#205 = LINE('',#206,#207);
#206 = CARTESIAN_POINT('',(13.85,0.,10.75));
#207 = VECTOR('',#208,1.);
#208 = DIRECTION('',(0.,1.,0.));
#209 = PLANE('',#210);
#210 = AXIS2_PLACEMENT_3D('',#211,#212,#213);
#211 = CARTESIAN_POINT('',(13.85,0.,10.75));
#212 = DIRECTION('',(1.,0.,0.));
#213 = DIRECTION('',(0.,0.,-1.));
#214 = ADVANCED_FACE('',(#215),#233,.T.);
#215 = FACE_BOUND('',#216,.T.);
#216 = EDGE_LOOP('',(#217,#218,#226,#232));
#217 = ORIENTED_EDGE('',*,*,#157,.T.);
#218 = ORIENTED_EDGE('',*,*,#219,.T.);
#219 = EDGE_CURVE('',#148,#220,#222,.T.);
#220 = VERTEX_POINT('',#221);
#221 = CARTESIAN_POINT('',(20.65,1.2,-10.75));
#222 = LINE('',#223,#224);
#223 = CARTESIAN_POINT('',(20.65,0.,-10.75));
#224 = VECTOR('',#225,1.);
#225 = DIRECTION('',(0.,1.,0.));
#226 = ORIENTED_EDGE('',*,*,#227,.F.);
#227 = EDGE_CURVE('',#189,#220,#228,.T.);
#228 = LINE('',#229,#230);
#229 = CARTESIAN_POINT('',(20.65,1.2,-10.75));
#230 = VECTOR('',#231,1.);
#231 = DIRECTION('',(1.,0.,0.));
#232 = ORIENTED_EDGE('',*,*,#188,.F.);
#233 = PLANE('',#234);
#234 = AXIS2_PLACEMENT_3D('',#235,#236,#237);
#235 = CARTESIAN_POINT('',(13.85,0.,-10.75));
#236 = DIRECTION('',(0.,0.,1.));
#237 = DIRECTION('',(1.,0.,-0.));
#238 = ADVANCED_FACE('',(#239),#273,.T.);
#239 = FACE_BOUND('',#240,.T.);
#240 = EDGE_LOOP('',(#241,#251,#259,#267));
#241 = ORIENTED_EDGE('',*,*,#242,.F.);
#242 = EDGE_CURVE('',#243,#245,#247,.T.);
#243 = VERTEX_POINT('',#244);
#244 = CARTESIAN_POINT('',(13.75,1.1,-10.75));
#245 = VERTEX_POINT('',#246);
#246 = CARTESIAN_POINT('',(13.75,1.1,10.76783806987));
#247 = LINE('',#248,#249);
#248 = CARTESIAN_POINT('',(13.75,1.1,-5.370540482532));
#249 = VECTOR('',#250,1.);
#250 = DIRECTION('',(0.,0.,1.));
#251 = ORIENTED_EDGE('',*,*,#252,.F.);
#252 = EDGE_CURVE('',#253,#243,#255,.T.);
#253 = VERTEX_POINT('',#254);
#254 = CARTESIAN_POINT('',(6.95,1.1,-10.75));
#255 = LINE('',#256,#257);
#256 = CARTESIAN_POINT('',(8.65,1.1,-10.75));
#257 = VECTOR('',#258,1.);
#258 = DIRECTION('',(1.,0.,0.));
#259 = ORIENTED_EDGE('',*,*,#260,.F.);
#260 = EDGE_CURVE('',#261,#253,#263,.T.);
#261 = VERTEX_POINT('',#262);
#262 = CARTESIAN_POINT('',(6.95,1.1,10.76783806987));
#263 = LINE('',#264,#265);
#264 = CARTESIAN_POINT('',(6.95,1.1,5.388378552403));
#265 = VECTOR('',#266,1.);
#266 = DIRECTION('',(0.,0.,-1.));
#267 = ORIENTED_EDGE('',*,*,#268,.F.);
#268 = EDGE_CURVE('',#245,#261,#269,.T.);
#269 = LINE('',#270,#271);
#270 = CARTESIAN_POINT('',(12.05,1.1,10.76783806987));
#271 = VECTOR('',#272,1.);
#272 = DIRECTION('',(-1.,0.,0.));
#273 = PLANE('',#274);
#274 = AXIS2_PLACEMENT_3D('',#275,#276,#277);
#275 = CARTESIAN_POINT('',(10.35,1.1,8.919034935075E-03));
#276 = DIRECTION('',(0.,1.,0.));
#277 = DIRECTION('',(0.,-0.,1.));
#278 = ADVANCED_FACE('',(#279),#304,.T.);
#279 = FACE_BOUND('',#280,.T.);
#280 = EDGE_LOOP('',(#281,#282,#290,#298));
#281 = ORIENTED_EDGE('',*,*,#260,.T.);
#282 = ORIENTED_EDGE('',*,*,#283,.T.);
#283 = EDGE_CURVE('',#253,#284,#286,.T.);
#284 = VERTEX_POINT('',#285);
#285 = CARTESIAN_POINT('',(6.95,1.2,-10.75));
#286 = LINE('',#287,#288);
#287 = CARTESIAN_POINT('',(6.95,0.,-10.75));
#288 = VECTOR('',#289,1.);
#289 = DIRECTION('',(0.,1.,0.));
#290 = ORIENTED_EDGE('',*,*,#291,.F.);
#291 = EDGE_CURVE('',#292,#284,#294,.T.);
#292 = VERTEX_POINT('',#293);
#293 = CARTESIAN_POINT('',(6.95,1.2,10.76783806987));
#294 = LINE('',#295,#296);
#295 = CARTESIAN_POINT('',(6.95,1.2,-10.75));
#296 = VECTOR('',#297,1.);
#297 = DIRECTION('',(0.,0.,-1.));
#298 = ORIENTED_EDGE('',*,*,#299,.F.);
#299 = EDGE_CURVE('',#261,#292,#300,.T.);
#300 = LINE('',#301,#302);
#301 = CARTESIAN_POINT('',(6.95,0.,10.76783806987));
#302 = VECTOR('',#303,1.);
#303 = DIRECTION('',(0.,1.,0.));
#304 = PLANE('',#305);
#305 = AXIS2_PLACEMENT_3D('',#306,#307,#308);
#306 = CARTESIAN_POINT('',(6.95,0.,10.76783806987));
#307 = DIRECTION('',(1.,0.,0.));
#308 = DIRECTION('',(0.,0.,-1.));
#309 = ADVANCED_FACE('',(#310),#328,.T.);
#310 = FACE_BOUND('',#311,.T.);
#311 = EDGE_LOOP('',(#312,#313,#321,#327));
#312 = ORIENTED_EDGE('',*,*,#252,.T.);
#313 = ORIENTED_EDGE('',*,*,#314,.T.);
#314 = EDGE_CURVE('',#243,#315,#317,.T.);
#315 = VERTEX_POINT('',#316);
#316 = CARTESIAN_POINT('',(13.75,1.2,-10.75));
#317 = LINE('',#318,#319);
#318 = CARTESIAN_POINT('',(13.75,0.,-10.75));
#319 = VECTOR('',#320,1.);
#320 = DIRECTION('',(0.,1.,0.));
#321 = ORIENTED_EDGE('',*,*,#322,.F.);
#322 = EDGE_CURVE('',#284,#315,#323,.T.);
#323 = LINE('',#324,#325);
#324 = CARTESIAN_POINT('',(13.75,1.2,-10.75));
#325 = VECTOR('',#326,1.);
#326 = DIRECTION('',(1.,0.,0.));
#327 = ORIENTED_EDGE('',*,*,#283,.F.);
#328 = PLANE('',#329);
#329 = AXIS2_PLACEMENT_3D('',#330,#331,#332);
#330 = CARTESIAN_POINT('',(6.95,0.,-10.75));
#331 = DIRECTION('',(0.,0.,1.));
#332 = DIRECTION('',(1.,0.,-0.));
#333 = ADVANCED_FACE('',(#334),#368,.T.);
#334 = FACE_BOUND('',#335,.T.);
#335 = EDGE_LOOP('',(#336,#346,#354,#362));
#336 = ORIENTED_EDGE('',*,*,#337,.F.);
#337 = EDGE_CURVE('',#338,#340,#342,.T.);
#338 = VERTEX_POINT('',#339);
#339 = CARTESIAN_POINT('',(6.85,1.1,10.76783806987));
#340 = VERTEX_POINT('',#341);
#341 = CARTESIAN_POINT('',(5.E-02,1.1,10.76783806987));
#342 = LINE('',#343,#344);
#343 = CARTESIAN_POINT('',(5.15,1.1,10.76783806987));
#344 = VECTOR('',#345,1.);
#345 = DIRECTION('',(-1.,0.,0.));
#346 = ORIENTED_EDGE('',*,*,#347,.F.);
#347 = EDGE_CURVE('',#348,#338,#350,.T.);
#348 = VERTEX_POINT('',#349);
#349 = CARTESIAN_POINT('',(6.85,1.1,-10.75));
#350 = LINE('',#351,#352);
#351 = CARTESIAN_POINT('',(6.85,1.1,-5.370540482532));
#352 = VECTOR('',#353,1.);
#353 = DIRECTION('',(0.,0.,1.));
#354 = ORIENTED_EDGE('',*,*,#355,.F.);
#355 = EDGE_CURVE('',#356,#348,#358,.T.);
#356 = VERTEX_POINT('',#357);
#357 = CARTESIAN_POINT('',(5.E-02,1.1,-10.75));
#358 = LINE('',#359,#360);
#359 = CARTESIAN_POINT('',(1.75,1.1,-10.75));
#360 = VECTOR('',#361,1.);
#361 = DIRECTION('',(1.,0.,0.));
#362 = ORIENTED_EDGE('',*,*,#363,.F.);
#363 = EDGE_CURVE('',#340,#356,#364,.T.);
#364 = LINE('',#365,#366);
#365 = CARTESIAN_POINT('',(5.E-02,1.1,5.388378552403));
#366 = VECTOR('',#367,1.);
#367 = DIRECTION('',(0.,0.,-1.));
#368 = PLANE('',#369);
#369 = AXIS2_PLACEMENT_3D('',#370,#371,#372);
#370 = CARTESIAN_POINT('',(3.45,1.1,8.919034935075E-03));
#371 = DIRECTION('',(0.,1.,0.));
#372 = DIRECTION('',(0.,-0.,1.));
#373 = ADVANCED_FACE('',(#374),#399,.T.);
#374 = FACE_BOUND('',#375,.T.);
#375 = EDGE_LOOP('',(#376,#377,#385,#393));
#376 = ORIENTED_EDGE('',*,*,#355,.T.);
#377 = ORIENTED_EDGE('',*,*,#378,.T.);
#378 = EDGE_CURVE('',#348,#379,#381,.T.);
#379 = VERTEX_POINT('',#380);
#380 = CARTESIAN_POINT('',(6.85,1.2,-10.75));
#381 = LINE('',#382,#383);
#382 = CARTESIAN_POINT('',(6.85,0.,-10.75));
#383 = VECTOR('',#384,1.);
#384 = DIRECTION('',(0.,1.,0.));
#385 = ORIENTED_EDGE('',*,*,#386,.F.);
#386 = EDGE_CURVE('',#387,#379,#389,.T.);
#387 = VERTEX_POINT('',#388);
#388 = CARTESIAN_POINT('',(5.E-02,1.2,-10.75));
#389 = LINE('',#390,#391);
#390 = CARTESIAN_POINT('',(5.E-02,1.2,-10.75));
#391 = VECTOR('',#392,1.);
#392 = DIRECTION('',(1.,0.,0.));
#393 = ORIENTED_EDGE('',*,*,#394,.F.);
#394 = EDGE_CURVE('',#356,#387,#395,.T.);
#395 = LINE('',#396,#397);
#396 = CARTESIAN_POINT('',(5.E-02,0.,-10.75));
#397 = VECTOR('',#398,1.);
#398 = DIRECTION('',(0.,1.,0.));
#399 = PLANE('',#400);
#400 = AXIS2_PLACEMENT_3D('',#401,#402,#403);
#401 = CARTESIAN_POINT('',(5.E-02,0.,-10.75));
#402 = DIRECTION('',(0.,0.,1.));
#403 = DIRECTION('',(1.,0.,-0.));
#404 = ADVANCED_FACE('',(#405),#423,.T.);
#405 = FACE_BOUND('',#406,.T.);
#406 = EDGE_LOOP('',(#407,#408,#416,#422));
#407 = ORIENTED_EDGE('',*,*,#347,.T.);
#408 = ORIENTED_EDGE('',*,*,#409,.T.);
#409 = EDGE_CURVE('',#338,#410,#412,.T.);
#410 = VERTEX_POINT('',#411);
#411 = CARTESIAN_POINT('',(6.85,1.2,10.76783806987));
#412 = LINE('',#413,#414);
#413 = CARTESIAN_POINT('',(6.85,0.,10.76783806987));
#414 = VECTOR('',#415,1.);
#415 = DIRECTION('',(0.,1.,0.));
#416 = ORIENTED_EDGE('',*,*,#417,.F.);
#417 = EDGE_CURVE('',#379,#410,#418,.T.);
#418 = LINE('',#419,#420);
#419 = CARTESIAN_POINT('',(6.85,1.2,-10.75));
#420 = VECTOR('',#421,1.);
#421 = DIRECTION('',(0.,0.,1.));
#422 = ORIENTED_EDGE('',*,*,#378,.F.);
#423 = PLANE('',#424);
#424 = AXIS2_PLACEMENT_3D('',#425,#426,#427);
#425 = CARTESIAN_POINT('',(6.85,0.,-10.75));
#426 = DIRECTION('',(-1.,0.,0.));
#427 = DIRECTION('',(0.,0.,1.));
#428 = ADVANCED_FACE('',(#429),#463,.T.);
#429 = FACE_BOUND('',#430,.T.);
#430 = EDGE_LOOP('',(#431,#441,#449,#457));
#431 = ORIENTED_EDGE('',*,*,#432,.F.);
#432 = EDGE_CURVE('',#433,#435,#437,.T.);
#433 = VERTEX_POINT('',#434);
#434 = CARTESIAN_POINT('',(-5.E-02,1.1,-10.75));
#435 = VERTEX_POINT('',#436);
#436 = CARTESIAN_POINT('',(-5.E-02,1.1,10.75));
#437 = LINE('',#438,#439);
#438 = CARTESIAN_POINT('',(-5.E-02,1.1,-5.375));
#439 = VECTOR('',#440,1.);
#440 = DIRECTION('',(0.,0.,1.));
#441 = ORIENTED_EDGE('',*,*,#442,.F.);
#442 = EDGE_CURVE('',#443,#433,#445,.T.);
#443 = VERTEX_POINT('',#444);
#444 = CARTESIAN_POINT('',(-6.85,1.1,-10.75));
#445 = LINE('',#446,#447);
#446 = CARTESIAN_POINT('',(-5.15,1.1,-10.75));
#447 = VECTOR('',#448,1.);
#448 = DIRECTION('',(1.,0.,0.));
#449 = ORIENTED_EDGE('',*,*,#450,.F.);
#450 = EDGE_CURVE('',#451,#443,#453,.T.);
#451 = VERTEX_POINT('',#452);
#452 = CARTESIAN_POINT('',(-6.85,1.1,10.75));
#453 = LINE('',#454,#455);
#454 = CARTESIAN_POINT('',(-6.85,1.1,5.375));
#455 = VECTOR('',#456,1.);
#456 = DIRECTION('',(0.,0.,-1.));
#457 = ORIENTED_EDGE('',*,*,#458,.F.);
#458 = EDGE_CURVE('',#435,#451,#459,.T.);
#459 = LINE('',#460,#461);
#460 = CARTESIAN_POINT('',(-1.75,1.1,10.75));
#461 = VECTOR('',#462,1.);
#462 = DIRECTION('',(-1.,0.,-3.265361837133E-16));
#463 = PLANE('',#464);
#464 = AXIS2_PLACEMENT_3D('',#465,#466,#467);
#465 = CARTESIAN_POINT('',(-3.45,1.1,-2.22044604925E-15));
#466 = DIRECTION('',(0.,1.,0.));
#467 = DIRECTION('',(0.,-0.,1.));
#468 = ADVANCED_FACE('',(#469),#494,.T.);
#469 = FACE_BOUND('',#470,.T.);
#470 = EDGE_LOOP('',(#471,#472,#480,#488));
#471 = ORIENTED_EDGE('',*,*,#450,.T.);
#472 = ORIENTED_EDGE('',*,*,#473,.T.);
#473 = EDGE_CURVE('',#443,#474,#476,.T.);
#474 = VERTEX_POINT('',#475);
#475 = CARTESIAN_POINT('',(-6.85,1.2,-10.75));
#476 = LINE('',#477,#478);
#477 = CARTESIAN_POINT('',(-6.85,0.,-10.75));
#478 = VECTOR('',#479,1.);
#479 = DIRECTION('',(0.,1.,0.));
#480 = ORIENTED_EDGE('',*,*,#481,.F.);
#481 = EDGE_CURVE('',#482,#474,#484,.T.);
#482 = VERTEX_POINT('',#483);
#483 = CARTESIAN_POINT('',(-6.85,1.2,10.75));
#484 = LINE('',#485,#486);
#485 = CARTESIAN_POINT('',(-6.85,1.2,-10.75));
#486 = VECTOR('',#487,1.);
#487 = DIRECTION('',(0.,0.,-1.));
#488 = ORIENTED_EDGE('',*,*,#489,.F.);
#489 = EDGE_CURVE('',#451,#482,#490,.T.);
#490 = LINE('',#491,#492);
#491 = CARTESIAN_POINT('',(-6.85,0.,10.75));
#492 = VECTOR('',#493,1.);
#493 = DIRECTION('',(0.,1.,0.));
#494 = PLANE('',#495);
#495 = AXIS2_PLACEMENT_3D('',#496,#497,#498);
#496 = CARTESIAN_POINT('',(-6.85,0.,10.75));
#497 = DIRECTION('',(1.,0.,0.));
#498 = DIRECTION('',(0.,0.,-1.));
#499 = ADVANCED_FACE('',(#500),#518,.T.);
#500 = FACE_BOUND('',#501,.T.);
#501 = EDGE_LOOP('',(#502,#503,#511,#517));
#502 = ORIENTED_EDGE('',*,*,#442,.T.);
#503 = ORIENTED_EDGE('',*,*,#504,.T.);
#504 = EDGE_CURVE('',#433,#505,#507,.T.);
#505 = VERTEX_POINT('',#506);
#506 = CARTESIAN_POINT('',(-5.E-02,1.2,-10.75));
#507 = LINE('',#508,#509);
#508 = CARTESIAN_POINT('',(-5.E-02,0.,-10.75));
#509 = VECTOR('',#510,1.);
#510 = DIRECTION('',(0.,1.,0.));
#511 = ORIENTED_EDGE('',*,*,#512,.F.);
#512 = EDGE_CURVE('',#474,#505,#513,.T.);
#513 = LINE('',#514,#515);
#514 = CARTESIAN_POINT('',(-5.E-02,1.2,-10.75));
#515 = VECTOR('',#516,1.);
#516 = DIRECTION('',(1.,0.,0.));
#517 = ORIENTED_EDGE('',*,*,#473,.F.);
#518 = PLANE('',#519);
#519 = AXIS2_PLACEMENT_3D('',#520,#521,#522);
#520 = CARTESIAN_POINT('',(-6.85,0.,-10.75));
#521 = DIRECTION('',(0.,0.,1.));
#522 = DIRECTION('',(1.,0.,-0.));
#523 = ADVANCED_FACE('',(#524),#558,.T.);
#524 = FACE_BOUND('',#525,.T.);
#525 = EDGE_LOOP('',(#526,#536,#544,#552));
#526 = ORIENTED_EDGE('',*,*,#527,.F.);
#527 = EDGE_CURVE('',#528,#530,#532,.T.);
#528 = VERTEX_POINT('',#529);
#529 = CARTESIAN_POINT('',(-6.95,1.1,10.75));
#530 = VERTEX_POINT('',#531);
#531 = CARTESIAN_POINT('',(-13.75,1.1,10.75));
#532 = LINE('',#533,#534);
#533 = CARTESIAN_POINT('',(-8.65,1.1,10.75));
#534 = VECTOR('',#535,1.);
#535 = DIRECTION('',(-1.,0.,0.));
#536 = ORIENTED_EDGE('',*,*,#537,.F.);
#537 = EDGE_CURVE('',#538,#528,#540,.T.);
#538 = VERTEX_POINT('',#539);
#539 = CARTESIAN_POINT('',(-6.95,1.1,-10.75));
#540 = LINE('',#541,#542);
#541 = CARTESIAN_POINT('',(-6.95,1.1,-5.375));
#542 = VECTOR('',#543,1.);
#543 = DIRECTION('',(0.,0.,1.));
#544 = ORIENTED_EDGE('',*,*,#545,.F.);
#545 = EDGE_CURVE('',#546,#538,#548,.T.);
#546 = VERTEX_POINT('',#547);
#547 = CARTESIAN_POINT('',(-13.75,1.1,-10.75));
#548 = LINE('',#549,#550);
#549 = CARTESIAN_POINT('',(-12.05,1.1,-10.75));
#550 = VECTOR('',#551,1.);
#551 = DIRECTION('',(1.,0.,0.));
#552 = ORIENTED_EDGE('',*,*,#553,.F.);
#553 = EDGE_CURVE('',#530,#546,#554,.T.);
#554 = LINE('',#555,#556);
#555 = CARTESIAN_POINT('',(-13.75,1.1,5.375));
#556 = VECTOR('',#557,1.);
#557 = DIRECTION('',(0.,0.,-1.));
#558 = PLANE('',#559);
#559 = AXIS2_PLACEMENT_3D('',#560,#561,#562);
#560 = CARTESIAN_POINT('',(-10.35,1.1,-2.22044604925E-15));
#561 = DIRECTION('',(0.,1.,0.));
#562 = DIRECTION('',(0.,-0.,1.));
#563 = ADVANCED_FACE('',(#564),#589,.T.);
#564 = FACE_BOUND('',#565,.T.);
#565 = EDGE_LOOP('',(#566,#567,#575,#583));
#566 = ORIENTED_EDGE('',*,*,#545,.T.);
#567 = ORIENTED_EDGE('',*,*,#568,.T.);
#568 = EDGE_CURVE('',#538,#569,#571,.T.);
#569 = VERTEX_POINT('',#570);
#570 = CARTESIAN_POINT('',(-6.95,1.2,-10.75));
#571 = LINE('',#572,#573);
#572 = CARTESIAN_POINT('',(-6.95,0.,-10.75));
#573 = VECTOR('',#574,1.);
#574 = DIRECTION('',(0.,1.,0.));
#575 = ORIENTED_EDGE('',*,*,#576,.F.);
#576 = EDGE_CURVE('',#577,#569,#579,.T.);
#577 = VERTEX_POINT('',#578);
#578 = CARTESIAN_POINT('',(-13.75,1.2,-10.75));
#579 = LINE('',#580,#581);
#580 = CARTESIAN_POINT('',(-13.75,1.2,-10.75));
#581 = VECTOR('',#582,1.);
#582 = DIRECTION('',(1.,0.,0.));
#583 = ORIENTED_EDGE('',*,*,#584,.F.);
#584 = EDGE_CURVE('',#546,#577,#585,.T.);
#585 = LINE('',#586,#587);
#586 = CARTESIAN_POINT('',(-13.75,0.,-10.75));
#587 = VECTOR('',#588,1.);
#588 = DIRECTION('',(0.,1.,0.));
#589 = PLANE('',#590);
#590 = AXIS2_PLACEMENT_3D('',#591,#592,#593);
#591 = CARTESIAN_POINT('',(-13.75,0.,-10.75));
#592 = DIRECTION('',(0.,0.,1.));
#593 = DIRECTION('',(1.,0.,-0.));
#594 = ADVANCED_FACE('',(#595),#613,.T.);
#595 = FACE_BOUND('',#596,.T.);
#596 = EDGE_LOOP('',(#597,#598,#606,#612));
#597 = ORIENTED_EDGE('',*,*,#537,.T.);
#598 = ORIENTED_EDGE('',*,*,#599,.T.);
#599 = EDGE_CURVE('',#528,#600,#602,.T.);
#600 = VERTEX_POINT('',#601);
#601 = CARTESIAN_POINT('',(-6.95,1.2,10.75));
#602 = LINE('',#603,#604);
#603 = CARTESIAN_POINT('',(-6.95,0.,10.75));
#604 = VECTOR('',#605,1.);
#605 = DIRECTION('',(0.,1.,0.));
#606 = ORIENTED_EDGE('',*,*,#607,.F.);
#607 = EDGE_CURVE('',#569,#600,#608,.T.);
#608 = LINE('',#609,#610);
#609 = CARTESIAN_POINT('',(-6.95,1.2,-10.75));
#610 = VECTOR('',#611,1.);
#611 = DIRECTION('',(0.,0.,1.));
#612 = ORIENTED_EDGE('',*,*,#568,.F.);
#613 = PLANE('',#614);
#614 = AXIS2_PLACEMENT_3D('',#615,#616,#617);
#615 = CARTESIAN_POINT('',(-6.95,0.,-10.75));
#616 = DIRECTION('',(-1.,0.,0.));
#617 = DIRECTION('',(0.,0.,1.));
#618 = ADVANCED_FACE('',(#619),#653,.T.);
#619 = FACE_BOUND('',#620,.T.);
#620 = EDGE_LOOP('',(#621,#631,#639,#647));
#621 = ORIENTED_EDGE('',*,*,#622,.F.);
#622 = EDGE_CURVE('',#623,#625,#627,.T.);
#623 = VERTEX_POINT('',#624);
#624 = CARTESIAN_POINT('',(-13.85,1.1,10.75));
#625 = VERTEX_POINT('',#626);
#626 = CARTESIAN_POINT('',(-20.65,1.1,10.75));
#627 = LINE('',#628,#629);
#628 = CARTESIAN_POINT('',(-15.55,1.1,10.75));
#629 = VECTOR('',#630,1.);
#630 = DIRECTION('',(-1.,0.,0.));
#631 = ORIENTED_EDGE('',*,*,#632,.F.);
#632 = EDGE_CURVE('',#633,#623,#635,.T.);
#633 = VERTEX_POINT('',#634);
#634 = CARTESIAN_POINT('',(-13.85,1.1,-10.75));
#635 = LINE('',#636,#637);
#636 = CARTESIAN_POINT('',(-13.85,1.1,-5.375));
#637 = VECTOR('',#638,1.);
#638 = DIRECTION('',(0.,0.,1.));
#639 = ORIENTED_EDGE('',*,*,#640,.F.);
#640 = EDGE_CURVE('',#641,#633,#643,.T.);
#641 = VERTEX_POINT('',#642);
#642 = CARTESIAN_POINT('',(-20.65,1.1,-10.75));
#643 = LINE('',#644,#645);
#644 = CARTESIAN_POINT('',(-18.95,1.1,-10.75));
#645 = VECTOR('',#646,1.);
#646 = DIRECTION('',(1.,0.,0.));
#647 = ORIENTED_EDGE('',*,*,#648,.F.);
#648 = EDGE_CURVE('',#625,#641,#649,.T.);
#649 = LINE('',#650,#651);
#650 = CARTESIAN_POINT('',(-20.65,1.1,5.375));
#651 = VECTOR('',#652,1.);
#652 = DIRECTION('',(0.,0.,-1.));
#653 = PLANE('',#654);
#654 = AXIS2_PLACEMENT_3D('',#655,#656,#657);
#655 = CARTESIAN_POINT('',(-17.25,1.1,-2.22044604925E-15));
#656 = DIRECTION('',(0.,1.,0.));
#657 = DIRECTION('',(0.,-0.,1.));
#658 = ADVANCED_FACE('',(#659),#684,.T.);
#659 = FACE_BOUND('',#660,.T.);
#660 = EDGE_LOOP('',(#661,#662,#670,#678));
#661 = ORIENTED_EDGE('',*,*,#640,.T.);
#662 = ORIENTED_EDGE('',*,*,#663,.T.);
#663 = EDGE_CURVE('',#633,#664,#666,.T.);
#664 = VERTEX_POINT('',#665);
#665 = CARTESIAN_POINT('',(-13.85,1.2,-10.75));
#666 = LINE('',#667,#668);
#667 = CARTESIAN_POINT('',(-13.85,0.,-10.75));
#668 = VECTOR('',#669,1.);
#669 = DIRECTION('',(0.,1.,0.));
#670 = ORIENTED_EDGE('',*,*,#671,.F.);
#671 = EDGE_CURVE('',#672,#664,#674,.T.);
#672 = VERTEX_POINT('',#673);
#673 = CARTESIAN_POINT('',(-20.65,1.2,-10.75));
#674 = LINE('',#675,#676);
#675 = CARTESIAN_POINT('',(-20.65,1.2,-10.75));
#676 = VECTOR('',#677,1.);
#677 = DIRECTION('',(1.,0.,0.));
#678 = ORIENTED_EDGE('',*,*,#679,.F.);
#679 = EDGE_CURVE('',#641,#672,#680,.T.);
#680 = LINE('',#681,#682);
#681 = CARTESIAN_POINT('',(-20.65,0.,-10.75));
#682 = VECTOR('',#683,1.);
#683 = DIRECTION('',(0.,1.,0.));
#684 = PLANE('',#685);
#685 = AXIS2_PLACEMENT_3D('',#686,#687,#688);
#686 = CARTESIAN_POINT('',(-20.65,0.,-10.75));
#687 = DIRECTION('',(0.,0.,1.));
#688 = DIRECTION('',(1.,0.,-0.));
#689 = ADVANCED_FACE('',(#690),#708,.T.);
#690 = FACE_BOUND('',#691,.T.);
#691 = EDGE_LOOP('',(#692,#693,#701,#707));
#692 = ORIENTED_EDGE('',*,*,#632,.T.);
#693 = ORIENTED_EDGE('',*,*,#694,.T.);
#694 = EDGE_CURVE('',#623,#695,#697,.T.);
#695 = VERTEX_POINT('',#696);
#696 = CARTESIAN_POINT('',(-13.85,1.2,10.75));
#697 = LINE('',#698,#699);
#698 = CARTESIAN_POINT('',(-13.85,0.,10.75));
#699 = VECTOR('',#700,1.);
#700 = DIRECTION('',(0.,1.,0.));
#701 = ORIENTED_EDGE('',*,*,#702,.F.);
#702 = EDGE_CURVE('',#664,#695,#703,.T.);
#703 = LINE('',#704,#705);
#704 = CARTESIAN_POINT('',(-13.85,1.2,-10.75));
#705 = VECTOR('',#706,1.);
#706 = DIRECTION('',(0.,0.,1.));
#707 = ORIENTED_EDGE('',*,*,#663,.F.);
#708 = PLANE('',#709);
#709 = AXIS2_PLACEMENT_3D('',#710,#711,#712);
#710 = CARTESIAN_POINT('',(-13.85,0.,-10.75));
#711 = DIRECTION('',(-1.,0.,0.));
#712 = DIRECTION('',(0.,0.,1.));
#713 = ADVANCED_FACE('',(#714),#732,.T.);
#714 = FACE_BOUND('',#715,.T.);
#715 = EDGE_LOOP('',(#716,#717,#718,#726));
#716 = ORIENTED_EDGE('',*,*,#553,.T.);
#717 = ORIENTED_EDGE('',*,*,#584,.T.);
#718 = ORIENTED_EDGE('',*,*,#719,.F.);
#719 = EDGE_CURVE('',#720,#577,#722,.T.);
#720 = VERTEX_POINT('',#721);
#721 = CARTESIAN_POINT('',(-13.75,1.2,10.75));
#722 = LINE('',#723,#724);
#723 = CARTESIAN_POINT('',(-13.75,1.2,10.75));
#724 = VECTOR('',#725,1.);
#725 = DIRECTION('',(0.,0.,-1.));
#726 = ORIENTED_EDGE('',*,*,#727,.F.);
#727 = EDGE_CURVE('',#530,#720,#728,.T.);
#728 = LINE('',#729,#730);
#729 = CARTESIAN_POINT('',(-13.75,0.,10.75));
#730 = VECTOR('',#731,1.);
#731 = DIRECTION('',(0.,1.,0.));
#732 = PLANE('',#733);
#733 = AXIS2_PLACEMENT_3D('',#734,#735,#736);
#734 = CARTESIAN_POINT('',(-13.75,0.,10.75));
#735 = DIRECTION('',(1.,0.,0.));
#736 = DIRECTION('',(0.,0.,-1.));
#737 = ADVANCED_FACE('',(#738),#749,.T.);
#738 = FACE_BOUND('',#739,.T.);
#739 = EDGE_LOOP('',(#740,#741,#742,#748));
#740 = ORIENTED_EDGE('',*,*,#527,.T.);
#741 = ORIENTED_EDGE('',*,*,#727,.T.);
#742 = ORIENTED_EDGE('',*,*,#743,.F.);
#743 = EDGE_CURVE('',#600,#720,#744,.T.);
#744 = LINE('',#745,#746);
#745 = CARTESIAN_POINT('',(-6.95,1.2,10.75));
#746 = VECTOR('',#747,1.);
#747 = DIRECTION('',(-1.,0.,0.));
#748 = ORIENTED_EDGE('',*,*,#599,.F.);
#749 = PLANE('',#750);
#750 = AXIS2_PLACEMENT_3D('',#751,#752,#753);
#751 = CARTESIAN_POINT('',(-6.95,0.,10.75));
#752 = DIRECTION('',(0.,0.,-1.));
#753 = DIRECTION('',(-1.,0.,0.));
#754 = ADVANCED_FACE('',(#755),#773,.T.);
#755 = FACE_BOUND('',#756,.T.);
#756 = EDGE_LOOP('',(#757,#758,#759,#767));
#757 = ORIENTED_EDGE('',*,*,#648,.T.);
#758 = ORIENTED_EDGE('',*,*,#679,.T.);
#759 = ORIENTED_EDGE('',*,*,#760,.F.);
#760 = EDGE_CURVE('',#761,#672,#763,.T.);
#761 = VERTEX_POINT('',#762);
#762 = CARTESIAN_POINT('',(-20.65,1.2,10.75));
#763 = LINE('',#764,#765);
#764 = CARTESIAN_POINT('',(-20.65,1.2,10.75));
#765 = VECTOR('',#766,1.);
#766 = DIRECTION('',(0.,0.,-1.));
#767 = ORIENTED_EDGE('',*,*,#768,.F.);
#768 = EDGE_CURVE('',#625,#761,#769,.T.);
#769 = LINE('',#770,#771);
#770 = CARTESIAN_POINT('',(-20.65,0.,10.75));
#771 = VECTOR('',#772,1.);
#772 = DIRECTION('',(0.,1.,0.));
#773 = PLANE('',#774);
#774 = AXIS2_PLACEMENT_3D('',#775,#776,#777);
#775 = CARTESIAN_POINT('',(-20.65,0.,10.75));
#776 = DIRECTION('',(1.,0.,0.));
#777 = DIRECTION('',(0.,0.,-1.));
#778 = ADVANCED_FACE('',(#779),#790,.T.);
#779 = FACE_BOUND('',#780,.T.);
#780 = EDGE_LOOP('',(#781,#782,#783,#789));
#781 = ORIENTED_EDGE('',*,*,#622,.T.);
#782 = ORIENTED_EDGE('',*,*,#768,.T.);
#783 = ORIENTED_EDGE('',*,*,#784,.F.);
#784 = EDGE_CURVE('',#695,#761,#785,.T.);
#785 = LINE('',#786,#787);
#786 = CARTESIAN_POINT('',(-13.85,1.2,10.75));
#787 = VECTOR('',#788,1.);
#788 = DIRECTION('',(-1.,0.,0.));
#789 = ORIENTED_EDGE('',*,*,#694,.F.);
#790 = PLANE('',#791);
#791 = AXIS2_PLACEMENT_3D('',#792,#793,#794);
#792 = CARTESIAN_POINT('',(-13.85,0.,10.75));
#793 = DIRECTION('',(0.,0.,-1.));
#794 = DIRECTION('',(-1.,0.,0.));
#795 = ADVANCED_FACE('',(#796),#814,.T.);
#796 = FACE_BOUND('',#797,.T.);
#797 = EDGE_LOOP('',(#798,#799,#800,#808));
#798 = ORIENTED_EDGE('',*,*,#458,.T.);
#799 = ORIENTED_EDGE('',*,*,#489,.T.);
#800 = ORIENTED_EDGE('',*,*,#801,.F.);
#801 = EDGE_CURVE('',#802,#482,#804,.T.);
#802 = VERTEX_POINT('',#803);
#803 = CARTESIAN_POINT('',(-5.E-02,1.2,10.75));
#804 = LINE('',#805,#806);
#805 = CARTESIAN_POINT('',(-6.85,1.2,10.75));
#806 = VECTOR('',#807,1.);
#807 = DIRECTION('',(-1.,0.,-3.265361837133E-16));
#808 = ORIENTED_EDGE('',*,*,#809,.F.);
#809 = EDGE_CURVE('',#435,#802,#810,.T.);
#810 = LINE('',#811,#812);
#811 = CARTESIAN_POINT('',(-5.E-02,0.,10.75));
#812 = VECTOR('',#813,1.);
#813 = DIRECTION('',(0.,1.,0.));
#814 = PLANE('',#815);
#815 = AXIS2_PLACEMENT_3D('',#816,#817,#818);
#816 = CARTESIAN_POINT('',(-5.E-02,0.,10.75));
#817 = DIRECTION('',(3.265361837133E-16,0.,-1.));
#818 = DIRECTION('',(-1.,0.,-3.265361837133E-16));
#819 = ADVANCED_FACE('',(#820),#831,.T.);
#820 = FACE_BOUND('',#821,.T.);
#821 = EDGE_LOOP('',(#822,#823,#824,#830));
#822 = ORIENTED_EDGE('',*,*,#432,.T.);
#823 = ORIENTED_EDGE('',*,*,#809,.T.);
#824 = ORIENTED_EDGE('',*,*,#825,.F.);
#825 = EDGE_CURVE('',#505,#802,#826,.T.);
#826 = LINE('',#827,#828);
#827 = CARTESIAN_POINT('',(-5.E-02,1.2,10.75));
#828 = VECTOR('',#829,1.);
#829 = DIRECTION('',(0.,0.,1.));
#830 = ORIENTED_EDGE('',*,*,#504,.F.);
#831 = PLANE('',#832);
#832 = AXIS2_PLACEMENT_3D('',#833,#834,#835);
#833 = CARTESIAN_POINT('',(-5.E-02,0.,-10.75));
#834 = DIRECTION('',(-1.,0.,0.));
#835 = DIRECTION('',(0.,0.,1.));
#836 = ADVANCED_FACE('',(#837),#855,.T.);
#837 = FACE_BOUND('',#838,.T.);
#838 = EDGE_LOOP('',(#839,#840,#841,#849));
#839 = ORIENTED_EDGE('',*,*,#173,.T.);
#840 = ORIENTED_EDGE('',*,*,#204,.T.);
#841 = ORIENTED_EDGE('',*,*,#842,.F.);
#842 = EDGE_CURVE('',#843,#197,#845,.T.);
#843 = VERTEX_POINT('',#844);
#844 = CARTESIAN_POINT('',(20.65,1.2,10.75));
#845 = LINE('',#846,#847);
#846 = CARTESIAN_POINT('',(13.85,1.2,10.75));
#847 = VECTOR('',#848,1.);
#848 = DIRECTION('',(-1.,0.,0.));
#849 = ORIENTED_EDGE('',*,*,#850,.F.);
#850 = EDGE_CURVE('',#150,#843,#851,.T.);
#851 = LINE('',#852,#853);
#852 = CARTESIAN_POINT('',(20.65,0.,10.75));
#853 = VECTOR('',#854,1.);
#854 = DIRECTION('',(0.,1.,0.));
#855 = PLANE('',#856);
#856 = AXIS2_PLACEMENT_3D('',#857,#858,#859);
#857 = CARTESIAN_POINT('',(20.65,0.,10.75));
#858 = DIRECTION('',(0.,0.,-1.));
#859 = DIRECTION('',(-1.,0.,0.));
#860 = ADVANCED_FACE('',(#861),#872,.T.);
#861 = FACE_BOUND('',#862,.T.);
#862 = EDGE_LOOP('',(#863,#864,#865,#871));
#863 = ORIENTED_EDGE('',*,*,#147,.T.);
#864 = ORIENTED_EDGE('',*,*,#850,.T.);
#865 = ORIENTED_EDGE('',*,*,#866,.F.);
#866 = EDGE_CURVE('',#220,#843,#867,.T.);
#867 = LINE('',#868,#869);
#868 = CARTESIAN_POINT('',(20.65,1.2,10.75));
#869 = VECTOR('',#870,1.);
#870 = DIRECTION('',(0.,0.,1.));
#871 = ORIENTED_EDGE('',*,*,#219,.F.);
#872 = PLANE('',#873);
#873 = AXIS2_PLACEMENT_3D('',#874,#875,#876);
#874 = CARTESIAN_POINT('',(20.65,0.,-10.75));
#875 = DIRECTION('',(-1.,0.,0.));
#876 = DIRECTION('',(0.,0.,1.));
#877 = ADVANCED_FACE('',(#878),#896,.T.);
#878 = FACE_BOUND('',#879,.T.);
#879 = EDGE_LOOP('',(#880,#881,#882,#890));
#880 = ORIENTED_EDGE('',*,*,#268,.T.);
#881 = ORIENTED_EDGE('',*,*,#299,.T.);
#882 = ORIENTED_EDGE('',*,*,#883,.F.);
#883 = EDGE_CURVE('',#884,#292,#886,.T.);
#884 = VERTEX_POINT('',#885);
#885 = CARTESIAN_POINT('',(13.75,1.2,10.76783806987));
#886 = LINE('',#887,#888);
#887 = CARTESIAN_POINT('',(6.95,1.2,10.76783806987));
#888 = VECTOR('',#889,1.);
#889 = DIRECTION('',(-1.,0.,0.));
#890 = ORIENTED_EDGE('',*,*,#891,.F.);
#891 = EDGE_CURVE('',#245,#884,#892,.T.);
#892 = LINE('',#893,#894);
#893 = CARTESIAN_POINT('',(13.75,0.,10.76783806987));
#894 = VECTOR('',#895,1.);
#895 = DIRECTION('',(0.,1.,0.));
#896 = PLANE('',#897);
#897 = AXIS2_PLACEMENT_3D('',#898,#899,#900);
#898 = CARTESIAN_POINT('',(13.75,0.,10.76783806987));
#899 = DIRECTION('',(0.,0.,-1.));
#900 = DIRECTION('',(-1.,0.,0.));
#901 = ADVANCED_FACE('',(#902),#913,.T.);
#902 = FACE_BOUND('',#903,.T.);
#903 = EDGE_LOOP('',(#904,#905,#906,#912));
#904 = ORIENTED_EDGE('',*,*,#242,.T.);
#905 = ORIENTED_EDGE('',*,*,#891,.T.);
#906 = ORIENTED_EDGE('',*,*,#907,.F.);
#907 = EDGE_CURVE('',#315,#884,#908,.T.);
#908 = LINE('',#909,#910);
#909 = CARTESIAN_POINT('',(13.75,1.2,10.76783806987));
#910 = VECTOR('',#911,1.);
#911 = DIRECTION('',(0.,0.,1.));
#912 = ORIENTED_EDGE('',*,*,#314,.F.);
#913 = PLANE('',#914);
#914 = AXIS2_PLACEMENT_3D('',#915,#916,#917);
#915 = CARTESIAN_POINT('',(13.75,0.,-10.75));
#916 = DIRECTION('',(-1.,0.,0.));
#917 = DIRECTION('',(0.,0.,1.));
#918 = ADVANCED_FACE('',(#919),#937,.T.);
#919 = FACE_BOUND('',#920,.T.);
#920 = EDGE_LOOP('',(#921,#922,#923,#931));
#921 = ORIENTED_EDGE('',*,*,#363,.T.);
#922 = ORIENTED_EDGE('',*,*,#394,.T.);
#923 = ORIENTED_EDGE('',*,*,#924,.F.);
#924 = EDGE_CURVE('',#925,#387,#927,.T.);
#925 = VERTEX_POINT('',#926);
#926 = CARTESIAN_POINT('',(5.E-02,1.2,10.76783806987));
#927 = LINE('',#928,#929);
#928 = CARTESIAN_POINT('',(5.E-02,1.2,10.76783806987));
#929 = VECTOR('',#930,1.);
#930 = DIRECTION('',(0.,0.,-1.));
#931 = ORIENTED_EDGE('',*,*,#932,.F.);
#932 = EDGE_CURVE('',#340,#925,#933,.T.);
#933 = LINE('',#934,#935);
#934 = CARTESIAN_POINT('',(5.E-02,0.,10.76783806987));
#935 = VECTOR('',#936,1.);
#936 = DIRECTION('',(0.,1.,0.));
#937 = PLANE('',#938);
#938 = AXIS2_PLACEMENT_3D('',#939,#940,#941);
#939 = CARTESIAN_POINT('',(5.E-02,0.,10.76783806987));
#940 = DIRECTION('',(1.,0.,0.));
#941 = DIRECTION('',(0.,0.,-1.));
#942 = ADVANCED_FACE('',(#943),#954,.T.);
#943 = FACE_BOUND('',#944,.T.);
#944 = EDGE_LOOP('',(#945,#946,#947,#953));
#945 = ORIENTED_EDGE('',*,*,#337,.T.);
#946 = ORIENTED_EDGE('',*,*,#932,.T.);
#947 = ORIENTED_EDGE('',*,*,#948,.F.);
#948 = EDGE_CURVE('',#410,#925,#949,.T.);
#949 = LINE('',#950,#951);
#950 = CARTESIAN_POINT('',(6.85,1.2,10.76783806987));
#951 = VECTOR('',#952,1.);
#952 = DIRECTION('',(-1.,0.,0.));
#953 = ORIENTED_EDGE('',*,*,#409,.F.);
#954 = PLANE('',#955);
#955 = AXIS2_PLACEMENT_3D('',#956,#957,#958);
#956 = CARTESIAN_POINT('',(6.85,0.,10.76783806987));
#957 = DIRECTION('',(0.,0.,-1.));
#958 = DIRECTION('',(-1.,0.,0.));
#959 = ADVANCED_FACE('',(#960),#994,.T.);
#960 = FACE_BOUND('',#961,.T.);
#961 = EDGE_LOOP('',(#962,#972,#980,#988));
#962 = ORIENTED_EDGE('',*,*,#963,.F.);
#963 = EDGE_CURVE('',#964,#966,#968,.T.);
#964 = VERTEX_POINT('',#965);
#965 = CARTESIAN_POINT('',(-21.,0.,11.5));
#966 = VERTEX_POINT('',#967);
#967 = CARTESIAN_POINT('',(-21.,0.,-11.5));
#968 = LINE('',#969,#970);
#969 = CARTESIAN_POINT('',(-21.,0.,11.5));
#970 = VECTOR('',#971,1.);
#971 = DIRECTION('',(0.,0.,-1.));
#972 = ORIENTED_EDGE('',*,*,#973,.T.);
#973 = EDGE_CURVE('',#964,#974,#976,.T.);
#974 = VERTEX_POINT('',#975);
#975 = CARTESIAN_POINT('',(-21.,1.2,11.5));
#976 = LINE('',#977,#978);
#977 = CARTESIAN_POINT('',(-21.,0.,11.5));
#978 = VECTOR('',#979,1.);
#979 = DIRECTION('',(0.,1.,0.));
#980 = ORIENTED_EDGE('',*,*,#981,.F.);
#981 = EDGE_CURVE('',#982,#974,#984,.T.);
#982 = VERTEX_POINT('',#983);
#983 = CARTESIAN_POINT('',(-21.,1.2,-11.5));
#984 = LINE('',#985,#986);
#985 = CARTESIAN_POINT('',(-21.,1.2,11.5));
#986 = VECTOR('',#987,1.);
#987 = DIRECTION('',(0.,0.,1.));
#988 = ORIENTED_EDGE('',*,*,#989,.F.);
#989 = EDGE_CURVE('',#966,#982,#990,.T.);
#990 = LINE('',#991,#992);
#991 = CARTESIAN_POINT('',(-21.,0.,-11.5));
#992 = VECTOR('',#993,1.);
#993 = DIRECTION('',(0.,1.,0.));
#994 = PLANE('',#995);
#995 = AXIS2_PLACEMENT_3D('',#996,#997,#998);
#996 = CARTESIAN_POINT('',(-21.,0.,-11.5));
#997 = DIRECTION('',(-1.,0.,0.));
#998 = DIRECTION('',(0.,0.,1.));
#999 = ADVANCED_FACE('',(#1000),#1025,.T.);
#1000 = FACE_BOUND('',#1001,.T.);
#1001 = EDGE_LOOP('',(#1002,#1010,#1011,#1019));
#1002 = ORIENTED_EDGE('',*,*,#1003,.F.);
#1003 = EDGE_CURVE('',#966,#1004,#1006,.T.);
#1004 = VERTEX_POINT('',#1005);
#1005 = CARTESIAN_POINT('',(21.,0.,-11.5));
#1006 = LINE('',#1007,#1008);
#1007 = CARTESIAN_POINT('',(-21.,0.,-11.5));
#1008 = VECTOR('',#1009,1.);
#1009 = DIRECTION('',(1.,0.,0.));
#1010 = ORIENTED_EDGE('',*,*,#989,.T.);
#1011 = ORIENTED_EDGE('',*,*,#1012,.F.);
#1012 = EDGE_CURVE('',#1013,#982,#1015,.T.);
#1013 = VERTEX_POINT('',#1014);
#1014 = CARTESIAN_POINT('',(21.,1.2,-11.5));
#1015 = LINE('',#1016,#1017);
#1016 = CARTESIAN_POINT('',(-21.,1.2,-11.5));
#1017 = VECTOR('',#1018,1.);
#1018 = DIRECTION('',(-1.,0.,0.));
#1019 = ORIENTED_EDGE('',*,*,#1020,.F.);
#1020 = EDGE_CURVE('',#1004,#1013,#1021,.T.);
#1021 = LINE('',#1022,#1023);
#1022 = CARTESIAN_POINT('',(21.,0.,-11.5));
#1023 = VECTOR('',#1024,1.);
#1024 = DIRECTION('',(0.,1.,0.));
#1025 = PLANE('',#1026);
#1026 = AXIS2_PLACEMENT_3D('',#1027,#1028,#1029);
#1027 = CARTESIAN_POINT('',(21.,0.,-11.5));
#1028 = DIRECTION('',(0.,0.,-1.));
#1029 = DIRECTION('',(-1.,0.,0.));
#1030 = ADVANCED_FACE('',(#1031),#1056,.T.);
#1031 = FACE_BOUND('',#1032,.T.);
#1032 = EDGE_LOOP('',(#1033,#1041,#1042,#1050));
#1033 = ORIENTED_EDGE('',*,*,#1034,.F.);
#1034 = EDGE_CURVE('',#1004,#1035,#1037,.T.);
#1035 = VERTEX_POINT('',#1036);
#1036 = CARTESIAN_POINT('',(21.,0.,11.5));
#1037 = LINE('',#1038,#1039);
#1038 = CARTESIAN_POINT('',(21.,0.,-11.5));
#1039 = VECTOR('',#1040,1.);
#1040 = DIRECTION('',(0.,0.,1.));
#1041 = ORIENTED_EDGE('',*,*,#1020,.T.);
#1042 = ORIENTED_EDGE('',*,*,#1043,.F.);
#1043 = EDGE_CURVE('',#1044,#1013,#1046,.T.);
#1044 = VERTEX_POINT('',#1045);
#1045 = CARTESIAN_POINT('',(21.,1.2,11.5));
#1046 = LINE('',#1047,#1048);
#1047 = CARTESIAN_POINT('',(21.,1.2,-11.5));
#1048 = VECTOR('',#1049,1.);
#1049 = DIRECTION('',(0.,0.,-1.));
#1050 = ORIENTED_EDGE('',*,*,#1051,.F.);
#1051 = EDGE_CURVE('',#1035,#1044,#1052,.T.);
#1052 = LINE('',#1053,#1054);
#1053 = CARTESIAN_POINT('',(21.,0.,11.5));
#1054 = VECTOR('',#1055,1.);
#1055 = DIRECTION('',(0.,1.,0.));
#1056 = PLANE('',#1057);
#1057 = AXIS2_PLACEMENT_3D('',#1058,#1059,#1060);
#1058 = CARTESIAN_POINT('',(21.,0.,11.5));
#1059 = DIRECTION('',(1.,0.,0.));
#1060 = DIRECTION('',(0.,0.,-1.));
#1061 = ADVANCED_FACE('',(#1062),#1078,.T.);
#1062 = FACE_BOUND('',#1063,.T.);
#1063 = EDGE_LOOP('',(#1064,#1070,#1071,#1077));
#1064 = ORIENTED_EDGE('',*,*,#1065,.F.);
#1065 = EDGE_CURVE('',#1035,#964,#1066,.T.);
#1066 = LINE('',#1067,#1068);
#1067 = CARTESIAN_POINT('',(21.,0.,11.5));
#1068 = VECTOR('',#1069,1.);
#1069 = DIRECTION('',(-1.,0.,0.));
#1070 = ORIENTED_EDGE('',*,*,#1051,.T.);
#1071 = ORIENTED_EDGE('',*,*,#1072,.F.);
#1072 = EDGE_CURVE('',#974,#1044,#1073,.T.);
#1073 = LINE('',#1074,#1075);
#1074 = CARTESIAN_POINT('',(21.,1.2,11.5));
#1075 = VECTOR('',#1076,1.);
#1076 = DIRECTION('',(1.,0.,0.));
#1077 = ORIENTED_EDGE('',*,*,#973,.F.);
#1078 = PLANE('',#1079);
#1079 = AXIS2_PLACEMENT_3D('',#1080,#1081,#1082);
#1080 = CARTESIAN_POINT('',(-21.,0.,11.5));
#1081 = DIRECTION('',(0.,0.,1.));
#1082 = DIRECTION('',(1.,0.,-0.));
#1083 = ADVANCED_FACE('',(#1084,#1090,#1096,#1102,#1108,#1114,#1120),
  #1126,.T.);
#1084 = FACE_BOUND('',#1085,.T.);
#1085 = EDGE_LOOP('',(#1086,#1087,#1088,#1089));
#1086 = ORIENTED_EDGE('',*,*,#1072,.T.);
#1087 = ORIENTED_EDGE('',*,*,#1043,.T.);
#1088 = ORIENTED_EDGE('',*,*,#1012,.T.);
#1089 = ORIENTED_EDGE('',*,*,#981,.T.);
#1090 = FACE_BOUND('',#1091,.T.);
#1091 = EDGE_LOOP('',(#1092,#1093,#1094,#1095));
#1092 = ORIENTED_EDGE('',*,*,#948,.T.);
#1093 = ORIENTED_EDGE('',*,*,#924,.T.);
#1094 = ORIENTED_EDGE('',*,*,#386,.T.);
#1095 = ORIENTED_EDGE('',*,*,#417,.T.);
#1096 = FACE_BOUND('',#1097,.T.);
#1097 = EDGE_LOOP('',(#1098,#1099,#1100,#1101));
#1098 = ORIENTED_EDGE('',*,*,#907,.T.);
#1099 = ORIENTED_EDGE('',*,*,#883,.T.);
#1100 = ORIENTED_EDGE('',*,*,#291,.T.);
#1101 = ORIENTED_EDGE('',*,*,#322,.T.);
#1102 = FACE_BOUND('',#1103,.T.);
#1103 = EDGE_LOOP('',(#1104,#1105,#1106,#1107));
#1104 = ORIENTED_EDGE('',*,*,#866,.T.);
#1105 = ORIENTED_EDGE('',*,*,#842,.T.);
#1106 = ORIENTED_EDGE('',*,*,#196,.T.);
#1107 = ORIENTED_EDGE('',*,*,#227,.T.);
#1108 = FACE_BOUND('',#1109,.T.);
#1109 = EDGE_LOOP('',(#1110,#1111,#1112,#1113));
#1110 = ORIENTED_EDGE('',*,*,#825,.T.);
#1111 = ORIENTED_EDGE('',*,*,#801,.T.);
#1112 = ORIENTED_EDGE('',*,*,#481,.T.);
#1113 = ORIENTED_EDGE('',*,*,#512,.T.);
#1114 = FACE_BOUND('',#1115,.T.);
#1115 = EDGE_LOOP('',(#1116,#1117,#1118,#1119));
#1116 = ORIENTED_EDGE('',*,*,#784,.T.);
#1117 = ORIENTED_EDGE('',*,*,#760,.T.);
#1118 = ORIENTED_EDGE('',*,*,#671,.T.);
#1119 = ORIENTED_EDGE('',*,*,#702,.T.);
#1120 = FACE_BOUND('',#1121,.T.);
#1121 = EDGE_LOOP('',(#1122,#1123,#1124,#1125));
#1122 = ORIENTED_EDGE('',*,*,#743,.T.);
#1123 = ORIENTED_EDGE('',*,*,#719,.T.);
#1124 = ORIENTED_EDGE('',*,*,#576,.T.);
#1125 = ORIENTED_EDGE('',*,*,#607,.T.);
#1126 = PLANE('',#1127);
#1127 = AXIS2_PLACEMENT_3D('',#1128,#1129,#1130);
#1128 = CARTESIAN_POINT('',(0.,1.2,0.));
#1129 = DIRECTION('',(0.,1.,0.));
#1130 = DIRECTION('',(0.,-0.,1.));
#1131 = ADVANCED_FACE('',(#1132,#1138,#1141),#1144,.F.);
#1132 = FACE_BOUND('',#1133,.T.);
#1133 = EDGE_LOOP('',(#1134,#1135,#1136,#1137));
#1134 = ORIENTED_EDGE('',*,*,#1065,.T.);
#1135 = ORIENTED_EDGE('',*,*,#963,.T.);
#1136 = ORIENTED_EDGE('',*,*,#1003,.T.);
#1137 = ORIENTED_EDGE('',*,*,#1034,.T.);
#1138 = FACE_BOUND('',#1139,.T.);
#1139 = EDGE_LOOP('',(#1140));
#1140 = ORIENTED_EDGE('',*,*,#80,.T.);
#1141 = FACE_BOUND('',#1142,.T.);
#1142 = EDGE_LOOP('',(#1143));
#1143 = ORIENTED_EDGE('',*,*,#122,.T.);
#1144 = PLANE('',#1145);
#1145 = AXIS2_PLACEMENT_3D('',#1146,#1147,#1148);
#1146 = CARTESIAN_POINT('',(0.,0.,0.));
#1147 = DIRECTION('',(0.,1.,0.));
#1148 = DIRECTION('',(1.,0.,0.));
#1149 = ( GEOMETRIC_REPRESENTATION_CONTEXT(3) 
GLOBAL_UNCERTAINTY_ASSIGNED_CONTEXT((#1153)) 
GLOBAL_UNIT_ASSIGNED_CONTEXT((#1150,#1151,#1152)) REPRESENTATION_CONTEXT
('Context #1','3D Context with UNIT and UNCERTAINTY') );
#1150 = ( LENGTH_UNIT() NAMED_UNIT(*) SI_UNIT(.MILLI.,.METRE.) );
#1151 = ( NAMED_UNIT(*) PLANE_ANGLE_UNIT() SI_UNIT($,.RADIAN.) );
#1152 = ( NAMED_UNIT(*) SI_UNIT($,.STERADIAN.) SOLID_ANGLE_UNIT() );
#1153 = UNCERTAINTY_MEASURE_WITH_UNIT(LENGTH_MEASURE(1.E-07),#1150,
  'distance_accuracy_value','confusion accuracy');
#1154 = CONTEXT_DEPENDENT_SHAPE_REPRESENTATION(#1155,#1157);
#1155 = ( REPRESENTATION_RELATIONSHIP('','',#56,#10) 
REPRESENTATION_RELATIONSHIP_WITH_TRANSFORMATION(#1156) 
SHAPE_REPRESENTATION_RELATIONSHIP() );
#1156 = ITEM_DEFINED_TRANSFORMATION('','',#11,#15);
#1157 = PRODUCT_DEFINITION_SHAPE('Placement','Placement of an item',
  #1158);
#1158 = NEXT_ASSEMBLY_USAGE_OCCURRENCE('1','SC2','',#5,#51,$);
#1159 = PRODUCT_RELATED_PRODUCT_CATEGORY('part',$,(#53));
#1160 = CONTEXT_DEPENDENT_SHAPE_REPRESENTATION(#1161,#1163);
#1161 = ( REPRESENTATION_RELATIONSHIP('','',#56,#10) 
REPRESENTATION_RELATIONSHIP_WITH_TRANSFORMATION(#1162) 
SHAPE_REPRESENTATION_RELATIONSHIP() );
#1162 = ITEM_DEFINED_TRANSFORMATION('','',#11,#19);
#1163 = PRODUCT_DEFINITION_SHAPE('Placement','Placement of an item',
  #1164);
#1164 = NEXT_ASSEMBLY_USAGE_OCCURRENCE('2','SC6','',#5,#51,$);
#1165 = CONTEXT_DEPENDENT_SHAPE_REPRESENTATION(#1166,#1168);
#1166 = ( REPRESENTATION_RELATIONSHIP('','',#56,#10) 
REPRESENTATION_RELATIONSHIP_WITH_TRANSFORMATION(#1167) 
SHAPE_REPRESENTATION_RELATIONSHIP() );
#1167 = ITEM_DEFINED_TRANSFORMATION('','',#11,#23);
#1168 = PRODUCT_DEFINITION_SHAPE('Placement','Placement of an item',
  #1169);
#1169 = NEXT_ASSEMBLY_USAGE_OCCURRENCE('3','SC3','',#5,#51,$);
#1170 = CONTEXT_DEPENDENT_SHAPE_REPRESENTATION(#1171,#1173);
#1171 = ( REPRESENTATION_RELATIONSHIP('','',#56,#10) 
REPRESENTATION_RELATIONSHIP_WITH_TRANSFORMATION(#1172) 
SHAPE_REPRESENTATION_RELATIONSHIP() );
#1172 = ITEM_DEFINED_TRANSFORMATION('','',#11,#27);
#1173 = PRODUCT_DEFINITION_SHAPE('Placement','Placement of an item',
  #1174);
#1174 = NEXT_ASSEMBLY_USAGE_OCCURRENCE('4','SC5','',#5,#51,$);
#1175 = CONTEXT_DEPENDENT_SHAPE_REPRESENTATION(#1176,#1178);
#1176 = ( REPRESENTATION_RELATIONSHIP('','',#56,#10) 
REPRESENTATION_RELATIONSHIP_WITH_TRANSFORMATION(#1177) 
SHAPE_REPRESENTATION_RELATIONSHIP() );
#1177 = ITEM_DEFINED_TRANSFORMATION('','',#11,#31);
#1178 = PRODUCT_DEFINITION_SHAPE('Placement','Placement of an item',
  #1179);
#1179 = NEXT_ASSEMBLY_USAGE_OCCURRENCE('5','SC4','',#5,#51,$);
#1180 = CONTEXT_DEPENDENT_SHAPE_REPRESENTATION(#1181,#1183);
#1181 = ( REPRESENTATION_RELATIONSHIP('','',#56,#10) 
REPRESENTATION_RELATIONSHIP_WITH_TRANSFORMATION(#1182) 
SHAPE_REPRESENTATION_RELATIONSHIP() );
#1182 = ITEM_DEFINED_TRANSFORMATION('','',#11,#35);
#1183 = PRODUCT_DEFINITION_SHAPE('Placement','Placement of an item',
  #1184);
#1184 = NEXT_ASSEMBLY_USAGE_OCCURRENCE('6','SC1','',#5,#51,$);
#1185 = SHAPE_DEFINITION_REPRESENTATION(#1186,#1192);
#1186 = PRODUCT_DEFINITION_SHAPE('','',#1187);
#1187 = PRODUCT_DEFINITION('design','',#1188,#1191);
#1188 = PRODUCT_DEFINITION_FORMATION('','',#1189);
#1189 = PRODUCT('Cell Backer_PCB','Cell Backer_PCB','',(#1190));
#1190 = PRODUCT_CONTEXT('',#2,'mechanical');
#1191 = PRODUCT_DEFINITION_CONTEXT('part definition',#2,'design');
#1192 = ADVANCED_BREP_SHAPE_REPRESENTATION('',(#11,#1193),#6184);
#1193 = MANIFOLD_SOLID_BREP('',#1194);
#1194 = CLOSED_SHELL('',(#1195,#1237,#1268,#1299,#2571,#3843,#3860,#3877
    ,#3894,#3911,#3928,#3945,#3962,#3979,#3996,#4013,#4030,#4047,#4064,
    #4081,#4098,#4115,#4132,#4149,#4166,#4183,#4200,#4217,#4234,#4251,
    #4268,#4285,#4302,#4319,#4336,#4353,#4370,#4387,#4404,#4421,#4438,
    #4455,#4472,#4489,#4506,#4523,#4540,#4557,#4574,#4591,#4608,#4625,
    #4642,#4659,#4676,#4693,#4710,#4727,#4744,#4761,#4778,#4795,#4812,
    #4829,#4846,#4863,#4880,#4892,#4909,#4926,#4943,#4960,#4977,#4994,
    #5011,#5033,#5050,#5067,#5084,#5101,#5118,#5135,#5152,#5169,#5181,
    #5198,#5215,#5232,#5249,#5266,#5283,#5300,#5322,#5339,#5356,#5373,
    #5390,#5407,#5424,#5441,#5458,#5470,#5487,#5504,#5526,#5543,#5560,
    #5577,#5594,#5611,#5628,#5645,#5662,#5674,#5691,#5708,#5725,#5742,
    #5759,#5776,#5793,#5810,#5827,#5844,#5861,#5878,#5895,#5917,#5934,
    #5951,#5968,#5985,#6002,#6019,#6036,#6053,#6065,#6082,#6099,#6116,
    #6133,#6150,#6167));
#1195 = ADVANCED_FACE('',(#1196),#1232,.T.);
#1196 = FACE_BOUND('',#1197,.T.);
#1197 = EDGE_LOOP('',(#1198,#1208,#1217,#1225));
#1198 = ORIENTED_EDGE('',*,*,#1199,.T.);
#1199 = EDGE_CURVE('',#1200,#1202,#1204,.T.);
#1200 = VERTEX_POINT('',#1201);
#1201 = CARTESIAN_POINT('',(196.5,-49.,0.));
#1202 = VERTEX_POINT('',#1203);
#1203 = CARTESIAN_POINT('',(196.5,-49.,1.16E-02));
#1204 = LINE('',#1205,#1206);
#1205 = CARTESIAN_POINT('',(196.5,-49.,0.));
#1206 = VECTOR('',#1207,1.);
#1207 = DIRECTION('',(0.,0.,1.));
#1208 = ORIENTED_EDGE('',*,*,#1209,.T.);
#1209 = EDGE_CURVE('',#1202,#1210,#1212,.T.);
#1210 = VERTEX_POINT('',#1211);
#1211 = CARTESIAN_POINT('',(199.,-51.5,1.16E-02));
#1212 = CIRCLE('',#1213,2.499999839417);
#1213 = AXIS2_PLACEMENT_3D('',#1214,#1215,#1216);
#1214 = CARTESIAN_POINT('',(196.50000016058,-51.49999983941,1.16E-02));
#1215 = DIRECTION('',(0.,0.,-1.));
#1216 = DIRECTION('',(-6.423313565071E-08,1.,0.));
#1217 = ORIENTED_EDGE('',*,*,#1218,.F.);
#1218 = EDGE_CURVE('',#1219,#1210,#1221,.T.);
#1219 = VERTEX_POINT('',#1220);
#1220 = CARTESIAN_POINT('',(199.,-51.5,0.));
#1221 = LINE('',#1222,#1223);
#1222 = CARTESIAN_POINT('',(199.,-51.5,0.));
#1223 = VECTOR('',#1224,1.);
#1224 = DIRECTION('',(0.,0.,1.));
#1225 = ORIENTED_EDGE('',*,*,#1226,.F.);
#1226 = EDGE_CURVE('',#1200,#1219,#1227,.T.);
#1227 = CIRCLE('',#1228,2.499999839417);
#1228 = AXIS2_PLACEMENT_3D('',#1229,#1230,#1231);
#1229 = CARTESIAN_POINT('',(196.50000016058,-51.49999983941,0.));
#1230 = DIRECTION('',(0.,0.,-1.));
#1231 = DIRECTION('',(-6.423313565071E-08,1.,0.));
#1232 = CYLINDRICAL_SURFACE('',#1233,2.499999839417);
#1233 = AXIS2_PLACEMENT_3D('',#1234,#1235,#1236);
#1234 = CARTESIAN_POINT('',(196.50000016058,-51.49999983941,0.));
#1235 = DIRECTION('',(0.,0.,-1.));
#1236 = DIRECTION('',(-6.423313565071E-08,1.,0.));
#1237 = ADVANCED_FACE('',(#1238),#1263,.T.);
#1238 = FACE_BOUND('',#1239,.T.);
#1239 = EDGE_LOOP('',(#1240,#1250,#1256,#1257));
#1240 = ORIENTED_EDGE('',*,*,#1241,.T.);
#1241 = EDGE_CURVE('',#1242,#1244,#1246,.T.);
#1242 = VERTEX_POINT('',#1243);
#1243 = CARTESIAN_POINT('',(190.,-49.,0.));
#1244 = VERTEX_POINT('',#1245);
#1245 = CARTESIAN_POINT('',(190.,-49.,1.16E-02));
#1246 = LINE('',#1247,#1248);
#1247 = CARTESIAN_POINT('',(190.,-49.,0.));
#1248 = VECTOR('',#1249,1.);
#1249 = DIRECTION('',(0.,0.,1.));
#1250 = ORIENTED_EDGE('',*,*,#1251,.T.);
#1251 = EDGE_CURVE('',#1244,#1202,#1252,.T.);
#1252 = LINE('',#1253,#1254);
#1253 = CARTESIAN_POINT('',(190.,-49.,1.16E-02));
#1254 = VECTOR('',#1255,1.);
#1255 = DIRECTION('',(1.,0.,0.));
#1256 = ORIENTED_EDGE('',*,*,#1199,.F.);
#1257 = ORIENTED_EDGE('',*,*,#1258,.F.);
#1258 = EDGE_CURVE('',#1242,#1200,#1259,.T.);
#1259 = LINE('',#1260,#1261);
#1260 = CARTESIAN_POINT('',(190.,-49.,0.));
#1261 = VECTOR('',#1262,1.);
#1262 = DIRECTION('',(1.,0.,0.));
#1263 = PLANE('',#1264);
#1264 = AXIS2_PLACEMENT_3D('',#1265,#1266,#1267);
#1265 = CARTESIAN_POINT('',(190.,-49.,0.));
#1266 = DIRECTION('',(0.,1.,0.));
#1267 = DIRECTION('',(1.,0.,0.));
#1268 = ADVANCED_FACE('',(#1269),#1294,.T.);
#1269 = FACE_BOUND('',#1270,.T.);
#1270 = EDGE_LOOP('',(#1271,#1272,#1280,#1288));
#1271 = ORIENTED_EDGE('',*,*,#1218,.T.);
#1272 = ORIENTED_EDGE('',*,*,#1273,.T.);
#1273 = EDGE_CURVE('',#1210,#1274,#1276,.T.);
#1274 = VERTEX_POINT('',#1275);
#1275 = CARTESIAN_POINT('',(199.,-54.,1.16E-02));
#1276 = LINE('',#1277,#1278);
#1277 = CARTESIAN_POINT('',(199.,-51.5,1.16E-02));
#1278 = VECTOR('',#1279,1.);
#1279 = DIRECTION('',(0.,-1.,0.));
#1280 = ORIENTED_EDGE('',*,*,#1281,.F.);
#1281 = EDGE_CURVE('',#1282,#1274,#1284,.T.);
#1282 = VERTEX_POINT('',#1283);
#1283 = CARTESIAN_POINT('',(199.,-54.,0.));
#1284 = LINE('',#1285,#1286);
#1285 = CARTESIAN_POINT('',(199.,-54.,0.));
#1286 = VECTOR('',#1287,1.);
#1287 = DIRECTION('',(0.,0.,1.));
#1288 = ORIENTED_EDGE('',*,*,#1289,.F.);
#1289 = EDGE_CURVE('',#1219,#1282,#1290,.T.);
#1290 = LINE('',#1291,#1292);
#1291 = CARTESIAN_POINT('',(199.,-51.5,0.));
#1292 = VECTOR('',#1293,1.);
#1293 = DIRECTION('',(0.,-1.,0.));
#1294 = PLANE('',#1295);
#1295 = AXIS2_PLACEMENT_3D('',#1296,#1297,#1298);
#1296 = CARTESIAN_POINT('',(199.,-51.5,0.));
#1297 = DIRECTION('',(1.,0.,-0.));
#1298 = DIRECTION('',(0.,-1.,0.));
#1299 = ADVANCED_FACE('',(#1300,#1826,#1837,#1848,#1859,#1870,#1881,
    #1892,#1903,#1989,#2000,#2011,#2022,#2033,#2044,#2055,#2066,#2152,
    #2163,#2174,#2260,#2271,#2282,#2293,#2304,#2315,#2326,#2337,#2348,
    #2359,#2370,#2381,#2392,#2403,#2489,#2500,#2511,#2522,#2533,#2544,
    #2555),#2566,.F.);
#1300 = FACE_BOUND('',#1301,.F.);
#1301 = EDGE_LOOP('',(#1302,#1303,#1304,#1313,#1321,#1330,#1338,#1347,
    #1355,#1364,#1373,#1381,#1390,#1398,#1407,#1415,#1424,#1433,#1441,
    #1450,#1458,#1467,#1475,#1483,#1492,#1500,#1509,#1517,#1525,#1533,
    #1541,#1549,#1558,#1566,#1575,#1583,#1591,#1600,#1608,#1617,#1625,
    #1633,#1642,#1651,#1659,#1668,#1676,#1685,#1693,#1702,#1711,#1719,
    #1727,#1736,#1744,#1753,#1761,#1769,#1778,#1786,#1795,#1803,#1811,
    #1819,#1825));
#1302 = ORIENTED_EDGE('',*,*,#1226,.F.);
#1303 = ORIENTED_EDGE('',*,*,#1258,.F.);
#1304 = ORIENTED_EDGE('',*,*,#1305,.F.);
#1305 = EDGE_CURVE('',#1306,#1242,#1308,.T.);
#1306 = VERTEX_POINT('',#1307);
#1307 = CARTESIAN_POINT('',(187.5,-51.5,0.));
#1308 = CIRCLE('',#1309,2.499999839417);
#1309 = AXIS2_PLACEMENT_3D('',#1310,#1311,#1312);
#1310 = CARTESIAN_POINT('',(189.99999983941,-51.49999983941,0.));
#1311 = DIRECTION('',(0.,0.,-1.));
#1312 = DIRECTION('',(-1.,-6.423313565071E-08,-0.));
#1313 = ORIENTED_EDGE('',*,*,#1314,.F.);
#1314 = EDGE_CURVE('',#1315,#1306,#1317,.T.);
#1315 = VERTEX_POINT('',#1316);
#1316 = CARTESIAN_POINT('',(187.5,-58.5,0.));
#1317 = LINE('',#1318,#1319);
#1318 = CARTESIAN_POINT('',(187.5,-58.5,0.));
#1319 = VECTOR('',#1320,1.);
#1320 = DIRECTION('',(0.,1.,0.));
#1321 = ORIENTED_EDGE('',*,*,#1322,.F.);
#1322 = EDGE_CURVE('',#1323,#1315,#1325,.T.);
#1323 = VERTEX_POINT('',#1324);
#1324 = CARTESIAN_POINT('',(185.,-61.,0.));
#1325 = CIRCLE('',#1326,2.499999839417);
#1326 = AXIS2_PLACEMENT_3D('',#1327,#1328,#1329);
#1327 = CARTESIAN_POINT('',(185.00000016058,-58.50000016058,0.));
#1328 = DIRECTION('',(0.,0.,1.));
#1329 = DIRECTION('',(-6.423313565071E-08,-1.,0.));
#1330 = ORIENTED_EDGE('',*,*,#1331,.F.);
#1331 = EDGE_CURVE('',#1332,#1323,#1334,.T.);
#1332 = VERTEX_POINT('',#1333);
#1333 = CARTESIAN_POINT('',(171.,-60.999999,0.));
#1334 = LINE('',#1335,#1336);
#1335 = CARTESIAN_POINT('',(171.,-60.999999,0.));
#1336 = VECTOR('',#1337,1.);
#1337 = DIRECTION('',(1.,-7.142857124823E-08,0.));
#1338 = ORIENTED_EDGE('',*,*,#1339,.F.);
#1339 = EDGE_CURVE('',#1340,#1332,#1342,.T.);
#1340 = VERTEX_POINT('',#1341);
#1341 = CARTESIAN_POINT('',(168.5,-58.499999,0.));
#1342 = CIRCLE('',#1343,2.499999839417);
#1343 = AXIS2_PLACEMENT_3D('',#1344,#1345,#1346);
#1344 = CARTESIAN_POINT('',(170.99999983941,-58.49999916058,0.));
#1345 = DIRECTION('',(0.,0.,1.));
#1346 = DIRECTION('',(-1.,6.423313565071E-08,0.));
#1347 = ORIENTED_EDGE('',*,*,#1348,.F.);
#1348 = EDGE_CURVE('',#1349,#1340,#1351,.T.);
#1349 = VERTEX_POINT('',#1350);
#1350 = CARTESIAN_POINT('',(168.5,-51.499999,0.));
#1351 = LINE('',#1352,#1353);
#1352 = CARTESIAN_POINT('',(168.5,-51.499999,0.));
#1353 = VECTOR('',#1354,1.);
#1354 = DIRECTION('',(0.,-1.,0.));
#1355 = ORIENTED_EDGE('',*,*,#1356,.F.);
#1356 = EDGE_CURVE('',#1357,#1349,#1359,.T.);
#1357 = VERTEX_POINT('',#1358);
#1358 = CARTESIAN_POINT('',(166.,-49.,0.));
#1359 = CIRCLE('',#1360,2.499999839416);
#1360 = AXIS2_PLACEMENT_3D('',#1361,#1362,#1363);
#1361 = CARTESIAN_POINT('',(166.00000016058,-51.49999983941,0.));
#1362 = DIRECTION('',(0.,0.,-1.));
#1363 = DIRECTION('',(-6.423348807995E-08,1.,0.));
#1364 = ORIENTED_EDGE('',*,*,#1365,.F.);
#1365 = EDGE_CURVE('',#1366,#1357,#1368,.T.);
#1366 = VERTEX_POINT('',#1367);
#1367 = CARTESIAN_POINT('',(163.5,-51.5,0.));
#1368 = CIRCLE('',#1369,2.499999839417);
#1369 = AXIS2_PLACEMENT_3D('',#1370,#1371,#1372);
#1370 = CARTESIAN_POINT('',(165.99999983941,-51.49999983941,0.));
#1371 = DIRECTION('',(0.,0.,-1.));
#1372 = DIRECTION('',(-1.,-6.423313565071E-08,-0.));
#1373 = ORIENTED_EDGE('',*,*,#1374,.F.);
#1374 = EDGE_CURVE('',#1375,#1366,#1377,.T.);
#1375 = VERTEX_POINT('',#1376);
#1376 = CARTESIAN_POINT('',(163.5,-58.5,0.));
#1377 = LINE('',#1378,#1379);
#1378 = CARTESIAN_POINT('',(163.5,-58.5,0.));
#1379 = VECTOR('',#1380,1.);
#1380 = DIRECTION('',(0.,1.,0.));
#1381 = ORIENTED_EDGE('',*,*,#1382,.F.);
#1382 = EDGE_CURVE('',#1383,#1375,#1385,.T.);
#1383 = VERTEX_POINT('',#1384);
#1384 = CARTESIAN_POINT('',(161.,-61.,0.));
#1385 = CIRCLE('',#1386,2.499999839417);
#1386 = AXIS2_PLACEMENT_3D('',#1387,#1388,#1389);
#1387 = CARTESIAN_POINT('',(161.00000016058,-58.50000016058,0.));
#1388 = DIRECTION('',(0.,0.,1.));
#1389 = DIRECTION('',(-6.423313565071E-08,-1.,0.));
#1390 = ORIENTED_EDGE('',*,*,#1391,.F.);
#1391 = EDGE_CURVE('',#1392,#1383,#1394,.T.);
#1392 = VERTEX_POINT('',#1393);
#1393 = CARTESIAN_POINT('',(153.,-61.,0.));
#1394 = LINE('',#1395,#1396);
#1395 = CARTESIAN_POINT('',(153.,-61.,0.));
#1396 = VECTOR('',#1397,1.);
#1397 = DIRECTION('',(1.,0.,0.));
#1398 = ORIENTED_EDGE('',*,*,#1399,.F.);
#1399 = EDGE_CURVE('',#1400,#1392,#1402,.T.);
#1400 = VERTEX_POINT('',#1401);
#1401 = CARTESIAN_POINT('',(150.5,-58.5,0.));
#1402 = CIRCLE('',#1403,2.499999839417);
#1403 = AXIS2_PLACEMENT_3D('',#1404,#1405,#1406);
#1404 = CARTESIAN_POINT('',(152.99999983941,-58.50000016058,0.));
#1405 = DIRECTION('',(0.,0.,1.));
#1406 = DIRECTION('',(-1.,6.423313565071E-08,0.));
#1407 = ORIENTED_EDGE('',*,*,#1408,.F.);
#1408 = EDGE_CURVE('',#1409,#1400,#1411,.T.);
#1409 = VERTEX_POINT('',#1410);
#1410 = CARTESIAN_POINT('',(150.5,-51.5,0.));
#1411 = LINE('',#1412,#1413);
#1412 = CARTESIAN_POINT('',(150.5,-51.5,0.));
#1413 = VECTOR('',#1414,1.);
#1414 = DIRECTION('',(0.,-1.,0.));
#1415 = ORIENTED_EDGE('',*,*,#1416,.F.);
#1416 = EDGE_CURVE('',#1417,#1409,#1419,.T.);
#1417 = VERTEX_POINT('',#1418);
#1418 = CARTESIAN_POINT('',(148.,-49.,0.));
#1419 = CIRCLE('',#1420,2.499999839417);
#1420 = AXIS2_PLACEMENT_3D('',#1421,#1422,#1423);
#1421 = CARTESIAN_POINT('',(148.00000016058,-51.49999983941,0.));
#1422 = DIRECTION('',(0.,0.,-1.));
#1423 = DIRECTION('',(-6.423313565071E-08,1.,0.));
#1424 = ORIENTED_EDGE('',*,*,#1425,.F.);
#1425 = EDGE_CURVE('',#1426,#1417,#1428,.T.);
#1426 = VERTEX_POINT('',#1427);
#1427 = CARTESIAN_POINT('',(145.5,-51.5,0.));
#1428 = CIRCLE('',#1429,2.499999839417);
#1429 = AXIS2_PLACEMENT_3D('',#1430,#1431,#1432);
#1430 = CARTESIAN_POINT('',(147.99999983941,-51.49999983941,0.));
#1431 = DIRECTION('',(0.,0.,-1.));
#1432 = DIRECTION('',(-1.,-6.423313565071E-08,-0.));
#1433 = ORIENTED_EDGE('',*,*,#1434,.F.);
#1434 = EDGE_CURVE('',#1435,#1426,#1437,.T.);
#1435 = VERTEX_POINT('',#1436);
#1436 = CARTESIAN_POINT('',(145.5,-58.5,0.));
#1437 = LINE('',#1438,#1439);
#1438 = CARTESIAN_POINT('',(145.5,-58.5,0.));
#1439 = VECTOR('',#1440,1.);
#1440 = DIRECTION('',(0.,1.,0.));
#1441 = ORIENTED_EDGE('',*,*,#1442,.F.);
#1442 = EDGE_CURVE('',#1443,#1435,#1445,.T.);
#1443 = VERTEX_POINT('',#1444);
#1444 = CARTESIAN_POINT('',(143.,-61.,0.));
#1445 = CIRCLE('',#1446,2.499999839417);
#1446 = AXIS2_PLACEMENT_3D('',#1447,#1448,#1449);
#1447 = CARTESIAN_POINT('',(143.00000016058,-58.50000016058,0.));
#1448 = DIRECTION('',(0.,0.,1.));
#1449 = DIRECTION('',(-6.423313565071E-08,-1.,0.));
#1450 = ORIENTED_EDGE('',*,*,#1451,.F.);
#1451 = EDGE_CURVE('',#1452,#1443,#1454,.T.);
#1452 = VERTEX_POINT('',#1453);
#1453 = CARTESIAN_POINT('',(128.999999,-61.,0.));
#1454 = LINE('',#1455,#1456);
#1455 = CARTESIAN_POINT('',(128.999999,-61.,0.));
#1456 = VECTOR('',#1457,1.);
#1457 = DIRECTION('',(1.,0.,0.));
#1458 = ORIENTED_EDGE('',*,*,#1459,.F.);
#1459 = EDGE_CURVE('',#1460,#1452,#1462,.T.);
#1460 = VERTEX_POINT('',#1461);
#1461 = CARTESIAN_POINT('',(126.499998,-58.5,0.));
#1462 = CIRCLE('',#1463,2.500001546525);
#1463 = AXIS2_PLACEMENT_3D('',#1464,#1465,#1466);
#1464 = CARTESIAN_POINT('',(128.99999954652,-58.49999845347,0.));
#1465 = DIRECTION('',(0.,0.,1.));
#1466 = DIRECTION('',(-1.,-6.186094292309E-07,0.));
#1467 = ORIENTED_EDGE('',*,*,#1468,.F.);
#1468 = EDGE_CURVE('',#1469,#1460,#1471,.T.);
#1469 = VERTEX_POINT('',#1470);
#1470 = CARTESIAN_POINT('',(126.499999,-54.000001,0.));
#1471 = LINE('',#1472,#1473);
#1472 = CARTESIAN_POINT('',(126.499999,-54.000001,0.));
#1473 = VECTOR('',#1474,1.);
#1474 = DIRECTION('',(-2.222222710439E-07,-1.,0.));
#1475 = ORIENTED_EDGE('',*,*,#1476,.F.);
#1476 = EDGE_CURVE('',#1477,#1469,#1479,.T.);
#1477 = VERTEX_POINT('',#1478);
#1478 = CARTESIAN_POINT('',(126.499999,-51.500001,0.));
#1479 = LINE('',#1480,#1481);
#1480 = CARTESIAN_POINT('',(126.499999,-51.500001,0.));
#1481 = VECTOR('',#1482,1.);
#1482 = DIRECTION('',(0.,-1.,0.));
#1483 = ORIENTED_EDGE('',*,*,#1484,.F.);
#1484 = EDGE_CURVE('',#1485,#1477,#1487,.T.);
#1485 = VERTEX_POINT('',#1486);
#1486 = CARTESIAN_POINT('',(123.999999,-49.000001,0.));
#1487 = CIRCLE('',#1488,2.499996425212);
#1488 = AXIS2_PLACEMENT_3D('',#1489,#1490,#1491);
#1489 = CARTESIAN_POINT('',(124.00000257479,-51.49999742521,0.));
#1490 = DIRECTION('',(0.,0.,-1.));
#1491 = DIRECTION('',(-1.429918141302E-06,0.999999999999,0.));
#1492 = ORIENTED_EDGE('',*,*,#1493,.F.);
#1493 = EDGE_CURVE('',#1494,#1485,#1496,.T.);
#1494 = VERTEX_POINT('',#1495);
#1495 = CARTESIAN_POINT('',(117.499999,-49.000001,0.));
#1496 = LINE('',#1497,#1498);
#1497 = CARTESIAN_POINT('',(117.499999,-49.000001,0.));
#1498 = VECTOR('',#1499,1.);
#1499 = DIRECTION('',(1.,0.,0.));
#1500 = ORIENTED_EDGE('',*,*,#1501,.F.);
#1501 = EDGE_CURVE('',#1502,#1494,#1504,.T.);
#1502 = VERTEX_POINT('',#1503);
#1503 = CARTESIAN_POINT('',(115.,-51.5,0.));
#1504 = CIRCLE('',#1505,2.499998132311);
#1505 = AXIS2_PLACEMENT_3D('',#1506,#1507,#1508);
#1506 = CARTESIAN_POINT('',(117.49999813231,-51.49999913231,0.));
#1507 = DIRECTION('',(0.,0.,-1.));
#1508 = DIRECTION('',(-1.,-3.470760680963E-07,-0.));
#1509 = ORIENTED_EDGE('',*,*,#1510,.F.);
#1510 = EDGE_CURVE('',#1511,#1502,#1513,.T.);
#1511 = VERTEX_POINT('',#1512);
#1512 = CARTESIAN_POINT('',(115.,-54.,0.));
#1513 = LINE('',#1514,#1515);
#1514 = CARTESIAN_POINT('',(115.,-54.,0.));
#1515 = VECTOR('',#1516,1.);
#1516 = DIRECTION('',(0.,1.,0.));
#1517 = ORIENTED_EDGE('',*,*,#1518,.F.);
#1518 = EDGE_CURVE('',#1519,#1511,#1521,.T.);
#1519 = VERTEX_POINT('',#1520);
#1520 = CARTESIAN_POINT('',(115.,-77.,0.));
#1521 = LINE('',#1522,#1523);
#1522 = CARTESIAN_POINT('',(115.,-77.,0.));
#1523 = VECTOR('',#1524,1.);
#1524 = DIRECTION('',(0.,1.,0.));
#1525 = ORIENTED_EDGE('',*,*,#1526,.F.);
#1526 = EDGE_CURVE('',#1527,#1519,#1529,.T.);
#1527 = VERTEX_POINT('',#1528);
#1528 = CARTESIAN_POINT('',(115.,-100.,0.));
#1529 = LINE('',#1530,#1531);
#1530 = CARTESIAN_POINT('',(115.,-100.,0.));
#1531 = VECTOR('',#1532,1.);
#1532 = DIRECTION('',(0.,1.,0.));
#1533 = ORIENTED_EDGE('',*,*,#1534,.F.);
#1534 = EDGE_CURVE('',#1535,#1527,#1537,.T.);
#1535 = VERTEX_POINT('',#1536);
#1536 = CARTESIAN_POINT('',(115.,-123.,0.));
#1537 = LINE('',#1538,#1539);
#1538 = CARTESIAN_POINT('',(115.,-123.,0.));
#1539 = VECTOR('',#1540,1.);
#1540 = DIRECTION('',(0.,1.,0.));
#1541 = ORIENTED_EDGE('',*,*,#1542,.F.);
#1542 = EDGE_CURVE('',#1543,#1535,#1545,.T.);
#1543 = VERTEX_POINT('',#1544);
#1544 = CARTESIAN_POINT('',(115.,-125.5,0.));
#1545 = LINE('',#1546,#1547);
#1546 = CARTESIAN_POINT('',(115.,-125.5,0.));
#1547 = VECTOR('',#1548,1.);
#1548 = DIRECTION('',(0.,1.,0.));
#1549 = ORIENTED_EDGE('',*,*,#1550,.F.);
#1550 = EDGE_CURVE('',#1551,#1543,#1553,.T.);
#1551 = VERTEX_POINT('',#1552);
#1552 = CARTESIAN_POINT('',(117.5,-128.,0.));
#1553 = CIRCLE('',#1554,2.499996425212);
#1554 = AXIS2_PLACEMENT_3D('',#1555,#1556,#1557);
#1555 = CARTESIAN_POINT('',(117.49999642521,-125.5000035747,0.));
#1556 = DIRECTION('',(0.,0.,-1.));
#1557 = DIRECTION('',(1.429918146986E-06,-0.999999999999,0.));
#1558 = ORIENTED_EDGE('',*,*,#1559,.F.);
#1559 = EDGE_CURVE('',#1560,#1551,#1562,.T.);
#1560 = VERTEX_POINT('',#1561);
#1561 = CARTESIAN_POINT('',(124.,-128.,0.));
#1562 = LINE('',#1563,#1564);
#1563 = CARTESIAN_POINT('',(124.,-128.,0.));
#1564 = VECTOR('',#1565,1.);
#1565 = DIRECTION('',(-1.,0.,0.));
#1566 = ORIENTED_EDGE('',*,*,#1567,.F.);
#1567 = EDGE_CURVE('',#1568,#1560,#1570,.T.);
#1568 = VERTEX_POINT('',#1569);
#1569 = CARTESIAN_POINT('',(126.499999,-125.500001,0.));
#1570 = CIRCLE('',#1571,2.499998132311);
#1571 = AXIS2_PLACEMENT_3D('',#1572,#1573,#1574);
#1572 = CARTESIAN_POINT('',(124.00000086769,-125.5000018676,0.));
#1573 = DIRECTION('',(0.,0.,-1.));
#1574 = DIRECTION('',(1.,3.470760737807E-07,0.));
#1575 = ORIENTED_EDGE('',*,*,#1576,.F.);
#1576 = EDGE_CURVE('',#1577,#1568,#1579,.T.);
#1577 = VERTEX_POINT('',#1578);
#1578 = CARTESIAN_POINT('',(126.499999,-123.000001,0.));
#1579 = LINE('',#1580,#1581);
#1580 = CARTESIAN_POINT('',(126.499999,-123.000001,0.));
#1581 = VECTOR('',#1582,1.);
#1582 = DIRECTION('',(0.,-1.,0.));
#1583 = ORIENTED_EDGE('',*,*,#1584,.F.);
#1584 = EDGE_CURVE('',#1585,#1577,#1587,.T.);
#1585 = VERTEX_POINT('',#1586);
#1586 = CARTESIAN_POINT('',(126.499999,-118.500001,0.));
#1587 = LINE('',#1588,#1589);
#1588 = CARTESIAN_POINT('',(126.499999,-118.500001,0.));
#1589 = VECTOR('',#1590,1.);
#1590 = DIRECTION('',(0.,-1.,0.));
#1591 = ORIENTED_EDGE('',*,*,#1592,.F.);
#1592 = EDGE_CURVE('',#1593,#1585,#1595,.T.);
#1593 = VERTEX_POINT('',#1594);
#1594 = CARTESIAN_POINT('',(128.999999,-116.000001,0.));
#1595 = CIRCLE('',#1596,2.499999839417);
#1596 = AXIS2_PLACEMENT_3D('',#1597,#1598,#1599);
#1597 = CARTESIAN_POINT('',(128.99999883941,-118.5000008394,0.));
#1598 = DIRECTION('',(0.,0.,1.));
#1599 = DIRECTION('',(6.423313565071E-08,1.,-0.));
#1600 = ORIENTED_EDGE('',*,*,#1601,.F.);
#1601 = EDGE_CURVE('',#1602,#1593,#1604,.T.);
#1602 = VERTEX_POINT('',#1603);
#1603 = CARTESIAN_POINT('',(143.,-116.,0.));
#1604 = LINE('',#1605,#1606);
#1605 = CARTESIAN_POINT('',(143.,-116.,0.));
#1606 = VECTOR('',#1607,1.);
#1607 = DIRECTION('',(-1.,-7.142856614619E-08,0.));
#1608 = ORIENTED_EDGE('',*,*,#1609,.F.);
#1609 = EDGE_CURVE('',#1610,#1602,#1612,.T.);
#1610 = VERTEX_POINT('',#1611);
#1611 = CARTESIAN_POINT('',(145.5,-118.5,0.));
#1612 = CIRCLE('',#1613,2.499996425212);
#1613 = AXIS2_PLACEMENT_3D('',#1614,#1615,#1616);
#1614 = CARTESIAN_POINT('',(143.00000357479,-118.4999964252,0.));
#1615 = DIRECTION('',(0.,0.,1.));
#1616 = DIRECTION('',(0.999999999999,-1.429918141302E-06,0.));
#1617 = ORIENTED_EDGE('',*,*,#1618,.F.);
#1618 = EDGE_CURVE('',#1619,#1610,#1621,.T.);
#1619 = VERTEX_POINT('',#1620);
#1620 = CARTESIAN_POINT('',(145.500001,-123.,0.));
#1621 = LINE('',#1622,#1623);
#1622 = CARTESIAN_POINT('',(145.500001,-123.,0.));
#1623 = VECTOR('',#1624,1.);
#1624 = DIRECTION('',(-2.222222216612E-07,1.,0.));
#1625 = ORIENTED_EDGE('',*,*,#1626,.F.);
#1626 = EDGE_CURVE('',#1627,#1619,#1629,.T.);
#1627 = VERTEX_POINT('',#1628);
#1628 = CARTESIAN_POINT('',(145.500001,-125.5,0.));
#1629 = LINE('',#1630,#1631);
#1630 = CARTESIAN_POINT('',(145.500001,-125.5,0.));
#1631 = VECTOR('',#1632,1.);
#1632 = DIRECTION('',(0.,1.,0.));
#1633 = ORIENTED_EDGE('',*,*,#1634,.F.);
#1634 = EDGE_CURVE('',#1635,#1627,#1637,.T.);
#1635 = VERTEX_POINT('',#1636);
#1636 = CARTESIAN_POINT('',(148.000001,-128.,0.));
#1637 = CIRCLE('',#1638,2.499999839417);
#1638 = AXIS2_PLACEMENT_3D('',#1639,#1640,#1641);
#1639 = CARTESIAN_POINT('',(148.00000083941,-125.5000001605,0.));
#1640 = DIRECTION('',(0.,0.,-1.));
#1641 = DIRECTION('',(6.42331470194E-08,-1.,0.));
#1642 = ORIENTED_EDGE('',*,*,#1643,.F.);
#1643 = EDGE_CURVE('',#1644,#1635,#1646,.T.);
#1644 = VERTEX_POINT('',#1645);
#1645 = CARTESIAN_POINT('',(150.500001,-125.5,0.));
#1646 = CIRCLE('',#1647,2.499999839417);
#1647 = AXIS2_PLACEMENT_3D('',#1648,#1649,#1650);
#1648 = CARTESIAN_POINT('',(148.00000116058,-125.5000001605,0.));
#1649 = DIRECTION('',(0.,0.,-1.));
#1650 = DIRECTION('',(1.,6.423314133505E-08,0.));
#1651 = ORIENTED_EDGE('',*,*,#1652,.F.);
#1652 = EDGE_CURVE('',#1653,#1644,#1655,.T.);
#1653 = VERTEX_POINT('',#1654);
#1654 = CARTESIAN_POINT('',(150.5,-118.5,0.));
#1655 = LINE('',#1656,#1657);
#1656 = CARTESIAN_POINT('',(150.5,-118.5,0.));
#1657 = VECTOR('',#1658,1.);
#1658 = DIRECTION('',(1.428571424965E-07,-1.,0.));
#1659 = ORIENTED_EDGE('',*,*,#1660,.F.);
#1660 = EDGE_CURVE('',#1661,#1653,#1663,.T.);
#1661 = VERTEX_POINT('',#1662);
#1662 = CARTESIAN_POINT('',(153.,-116.,0.));
#1663 = CIRCLE('',#1664,2.499999839417);
#1664 = AXIS2_PLACEMENT_3D('',#1665,#1666,#1667);
#1665 = CARTESIAN_POINT('',(152.99999983941,-118.4999998394,0.));
#1666 = DIRECTION('',(0.,0.,1.));
#1667 = DIRECTION('',(6.42331470194E-08,1.,-0.));
#1668 = ORIENTED_EDGE('',*,*,#1669,.F.);
#1669 = EDGE_CURVE('',#1670,#1661,#1672,.T.);
#1670 = VERTEX_POINT('',#1671);
#1671 = CARTESIAN_POINT('',(161.,-116.,0.));
#1672 = LINE('',#1673,#1674);
#1673 = CARTESIAN_POINT('',(161.,-116.,0.));
#1674 = VECTOR('',#1675,1.);
#1675 = DIRECTION('',(-1.,0.,0.));
#1676 = ORIENTED_EDGE('',*,*,#1677,.F.);
#1677 = EDGE_CURVE('',#1678,#1670,#1680,.T.);
#1678 = VERTEX_POINT('',#1679);
#1679 = CARTESIAN_POINT('',(163.5,-118.5,0.));
#1680 = CIRCLE('',#1681,2.499999839417);
#1681 = AXIS2_PLACEMENT_3D('',#1682,#1683,#1684);
#1682 = CARTESIAN_POINT('',(161.00000016058,-118.4999998394,0.));
#1683 = DIRECTION('',(0.,0.,1.));
#1684 = DIRECTION('',(1.,-6.423314133505E-08,0.));
#1685 = ORIENTED_EDGE('',*,*,#1686,.F.);
#1686 = EDGE_CURVE('',#1687,#1678,#1689,.T.);
#1687 = VERTEX_POINT('',#1688);
#1688 = CARTESIAN_POINT('',(163.5,-125.5,0.));
#1689 = LINE('',#1690,#1691);
#1690 = CARTESIAN_POINT('',(163.5,-125.5,0.));
#1691 = VECTOR('',#1692,1.);
#1692 = DIRECTION('',(0.,1.,0.));
#1693 = ORIENTED_EDGE('',*,*,#1694,.F.);
#1694 = EDGE_CURVE('',#1695,#1687,#1697,.T.);
#1695 = VERTEX_POINT('',#1696);
#1696 = CARTESIAN_POINT('',(166.,-128.,0.));
#1697 = CIRCLE('',#1698,2.499999839417);
#1698 = AXIS2_PLACEMENT_3D('',#1699,#1700,#1701);
#1699 = CARTESIAN_POINT('',(165.99999983941,-125.5000001605,0.));
#1700 = DIRECTION('',(0.,0.,-1.));
#1701 = DIRECTION('',(6.42331470194E-08,-1.,0.));
#1702 = ORIENTED_EDGE('',*,*,#1703,.F.);
#1703 = EDGE_CURVE('',#1704,#1695,#1706,.T.);
#1704 = VERTEX_POINT('',#1705);
#1705 = CARTESIAN_POINT('',(168.5,-125.5,0.));
#1706 = CIRCLE('',#1707,2.499999839417);
#1707 = AXIS2_PLACEMENT_3D('',#1708,#1709,#1710);
#1708 = CARTESIAN_POINT('',(166.00000016058,-125.5000001605,0.));
#1709 = DIRECTION('',(0.,0.,-1.));
#1710 = DIRECTION('',(1.,6.423314133505E-08,0.));
#1711 = ORIENTED_EDGE('',*,*,#1712,.F.);
#1712 = EDGE_CURVE('',#1713,#1704,#1715,.T.);
#1713 = VERTEX_POINT('',#1714);
#1714 = CARTESIAN_POINT('',(168.5,-123.,0.));
#1715 = LINE('',#1716,#1717);
#1716 = CARTESIAN_POINT('',(168.5,-123.,0.));
#1717 = VECTOR('',#1718,1.);
#1718 = DIRECTION('',(0.,-1.,0.));
#1719 = ORIENTED_EDGE('',*,*,#1720,.F.);
#1720 = EDGE_CURVE('',#1721,#1713,#1723,.T.);
#1721 = VERTEX_POINT('',#1722);
#1722 = CARTESIAN_POINT('',(168.5,-118.5,0.));
#1723 = LINE('',#1724,#1725);
#1724 = CARTESIAN_POINT('',(168.5,-118.5,0.));
#1725 = VECTOR('',#1726,1.);
#1726 = DIRECTION('',(0.,-1.,0.));
#1727 = ORIENTED_EDGE('',*,*,#1728,.F.);
#1728 = EDGE_CURVE('',#1729,#1721,#1731,.T.);
#1729 = VERTEX_POINT('',#1730);
#1730 = CARTESIAN_POINT('',(171.,-116.,0.));
#1731 = CIRCLE('',#1732,2.499999839417);
#1732 = AXIS2_PLACEMENT_3D('',#1733,#1734,#1735);
#1733 = CARTESIAN_POINT('',(170.99999983941,-118.4999998394,0.));
#1734 = DIRECTION('',(0.,0.,1.));
#1735 = DIRECTION('',(6.42331470194E-08,1.,-0.));
#1736 = ORIENTED_EDGE('',*,*,#1737,.F.);
#1737 = EDGE_CURVE('',#1738,#1729,#1740,.T.);
#1738 = VERTEX_POINT('',#1739);
#1739 = CARTESIAN_POINT('',(185.,-115.999999,0.));
#1740 = LINE('',#1741,#1742);
#1741 = CARTESIAN_POINT('',(185.,-115.999999,0.));
#1742 = VECTOR('',#1743,1.);
#1743 = DIRECTION('',(-1.,-7.142857124823E-08,0.));
#1744 = ORIENTED_EDGE('',*,*,#1745,.F.);
#1745 = EDGE_CURVE('',#1746,#1738,#1748,.T.);
#1746 = VERTEX_POINT('',#1747);
#1747 = CARTESIAN_POINT('',(187.500001,-118.499999,0.));
#1748 = CIRCLE('',#1749,2.499999839418);
#1749 = AXIS2_PLACEMENT_3D('',#1750,#1751,#1752);
#1750 = CARTESIAN_POINT('',(185.00000116058,-118.4999988394,0.));
#1751 = DIRECTION('',(0.,0.,1.));
#1752 = DIRECTION('',(1.,-6.423306743859E-08,0.));
#1753 = ORIENTED_EDGE('',*,*,#1754,.F.);
#1754 = EDGE_CURVE('',#1755,#1746,#1757,.T.);
#1755 = VERTEX_POINT('',#1756);
#1756 = CARTESIAN_POINT('',(187.500001,-122.999999,0.));
#1757 = LINE('',#1758,#1759);
#1758 = CARTESIAN_POINT('',(187.500001,-122.999999,0.));
#1759 = VECTOR('',#1760,1.);
#1760 = DIRECTION('',(0.,1.,0.));
#1761 = ORIENTED_EDGE('',*,*,#1762,.F.);
#1762 = EDGE_CURVE('',#1763,#1755,#1765,.T.);
#1763 = VERTEX_POINT('',#1764);
#1764 = CARTESIAN_POINT('',(187.500001,-125.499999,0.));
#1765 = LINE('',#1766,#1767);
#1766 = CARTESIAN_POINT('',(187.500001,-125.499999,0.));
#1767 = VECTOR('',#1768,1.);
#1768 = DIRECTION('',(0.,1.,0.));
#1769 = ORIENTED_EDGE('',*,*,#1770,.F.);
#1770 = EDGE_CURVE('',#1771,#1763,#1773,.T.);
#1771 = VERTEX_POINT('',#1772);
#1772 = CARTESIAN_POINT('',(190.000001,-127.999999,0.));
#1773 = CIRCLE('',#1774,2.499996425212);
#1774 = AXIS2_PLACEMENT_3D('',#1775,#1776,#1777);
#1775 = CARTESIAN_POINT('',(189.99999742521,-125.5000025747,0.));
#1776 = DIRECTION('',(0.,0.,-1.));
#1777 = DIRECTION('',(1.429918141302E-06,-0.999999999999,0.));
#1778 = ORIENTED_EDGE('',*,*,#1779,.F.);
#1779 = EDGE_CURVE('',#1780,#1771,#1782,.T.);
#1780 = VERTEX_POINT('',#1781);
#1781 = CARTESIAN_POINT('',(196.500001,-127.999999,0.));
#1782 = LINE('',#1783,#1784);
#1783 = CARTESIAN_POINT('',(196.500001,-127.999999,0.));
#1784 = VECTOR('',#1785,1.);
#1785 = DIRECTION('',(-1.,0.,0.));
#1786 = ORIENTED_EDGE('',*,*,#1787,.F.);
#1787 = EDGE_CURVE('',#1788,#1780,#1790,.T.);
#1788 = VERTEX_POINT('',#1789);
#1789 = CARTESIAN_POINT('',(199.,-125.5,0.));
#1790 = CIRCLE('',#1791,2.499998132311);
#1791 = AXIS2_PLACEMENT_3D('',#1792,#1793,#1794);
#1792 = CARTESIAN_POINT('',(196.50000186768,-125.5000008676,0.));
#1793 = DIRECTION('',(0.,0.,-1.));
#1794 = DIRECTION('',(1.,3.470760567276E-07,0.));
#1795 = ORIENTED_EDGE('',*,*,#1796,.F.);
#1796 = EDGE_CURVE('',#1797,#1788,#1799,.T.);
#1797 = VERTEX_POINT('',#1798);
#1798 = CARTESIAN_POINT('',(199.,-123.,0.));
#1799 = LINE('',#1800,#1801);
#1800 = CARTESIAN_POINT('',(199.,-123.,0.));
#1801 = VECTOR('',#1802,1.);
#1802 = DIRECTION('',(0.,-1.,0.));
#1803 = ORIENTED_EDGE('',*,*,#1804,.F.);
#1804 = EDGE_CURVE('',#1805,#1797,#1807,.T.);
#1805 = VERTEX_POINT('',#1806);
#1806 = CARTESIAN_POINT('',(199.,-100.,0.));
#1807 = LINE('',#1808,#1809);
#1808 = CARTESIAN_POINT('',(199.,-100.,0.));
#1809 = VECTOR('',#1810,1.);
#1810 = DIRECTION('',(0.,-1.,0.));
#1811 = ORIENTED_EDGE('',*,*,#1812,.F.);
#1812 = EDGE_CURVE('',#1813,#1805,#1815,.T.);
#1813 = VERTEX_POINT('',#1814);
#1814 = CARTESIAN_POINT('',(199.,-77.,0.));
#1815 = LINE('',#1816,#1817);
#1816 = CARTESIAN_POINT('',(199.,-77.,0.));
#1817 = VECTOR('',#1818,1.);
#1818 = DIRECTION('',(0.,-1.,0.));
#1819 = ORIENTED_EDGE('',*,*,#1820,.F.);
#1820 = EDGE_CURVE('',#1282,#1813,#1821,.T.);
#1821 = LINE('',#1822,#1823);
#1822 = CARTESIAN_POINT('',(199.,-54.,0.));
#1823 = VECTOR('',#1824,1.);
#1824 = DIRECTION('',(0.,-1.,0.));
#1825 = ORIENTED_EDGE('',*,*,#1289,.F.);
#1826 = FACE_BOUND('',#1827,.F.);
#1827 = EDGE_LOOP('',(#1828));
#1828 = ORIENTED_EDGE('',*,*,#1829,.T.);
#1829 = EDGE_CURVE('',#1830,#1830,#1832,.T.);
#1830 = VERTEX_POINT('',#1831);
#1831 = CARTESIAN_POINT('',(117.499996,-126.000004,0.));
#1832 = CIRCLE('',#1833,0.5);
#1833 = AXIS2_PLACEMENT_3D('',#1834,#1835,#1836);
#1834 = CARTESIAN_POINT('',(117.499996,-125.500004,0.));
#1835 = DIRECTION('',(-0.,0.,-1.));
#1836 = DIRECTION('',(-0.,-1.,0.));
#1837 = FACE_BOUND('',#1838,.F.);
#1838 = EDGE_LOOP('',(#1839));
#1839 = ORIENTED_EDGE('',*,*,#1840,.T.);
#1840 = EDGE_CURVE('',#1841,#1841,#1843,.T.);
#1841 = VERTEX_POINT('',#1842);
#1842 = CARTESIAN_POINT('',(124.000001,-126.000002,0.));
#1843 = CIRCLE('',#1844,0.5);
#1844 = AXIS2_PLACEMENT_3D('',#1845,#1846,#1847);
#1845 = CARTESIAN_POINT('',(124.000001,-125.500002,0.));
#1846 = DIRECTION('',(-0.,0.,-1.));
#1847 = DIRECTION('',(-0.,-1.,0.));
#1848 = FACE_BOUND('',#1849,.F.);
#1849 = EDGE_LOOP('',(#1850));
#1850 = ORIENTED_EDGE('',*,*,#1851,.T.);
#1851 = EDGE_CURVE('',#1852,#1852,#1854,.T.);
#1852 = VERTEX_POINT('',#1853);
#1853 = CARTESIAN_POINT('',(118.,-113.,0.));
#1854 = CIRCLE('',#1855,1.5);
#1855 = AXIS2_PLACEMENT_3D('',#1856,#1857,#1858);
#1856 = CARTESIAN_POINT('',(118.,-111.5,0.));
#1857 = DIRECTION('',(-0.,0.,-1.));
#1858 = DIRECTION('',(-0.,-1.,0.));
#1859 = FACE_BOUND('',#1860,.F.);
#1860 = EDGE_LOOP('',(#1861));
#1861 = ORIENTED_EDGE('',*,*,#1862,.T.);
#1862 = EDGE_CURVE('',#1863,#1863,#1865,.T.);
#1863 = VERTEX_POINT('',#1864);
#1864 = CARTESIAN_POINT('',(122.,-113.,0.));
#1865 = CIRCLE('',#1866,1.5);
#1866 = AXIS2_PLACEMENT_3D('',#1867,#1868,#1869);
#1867 = CARTESIAN_POINT('',(122.,-111.5,0.));
#1868 = DIRECTION('',(-0.,0.,-1.));
#1869 = DIRECTION('',(-0.,-1.,0.));
#1870 = FACE_BOUND('',#1871,.F.);
#1871 = EDGE_LOOP('',(#1872));
#1872 = ORIENTED_EDGE('',*,*,#1873,.T.);
#1873 = EDGE_CURVE('',#1874,#1874,#1876,.T.);
#1874 = VERTEX_POINT('',#1875);
#1875 = CARTESIAN_POINT('',(148.000001,-126.,0.));
#1876 = CIRCLE('',#1877,0.5);
#1877 = AXIS2_PLACEMENT_3D('',#1878,#1879,#1880);
#1878 = CARTESIAN_POINT('',(148.000001,-125.5,0.));
#1879 = DIRECTION('',(-0.,0.,-1.));
#1880 = DIRECTION('',(-0.,-1.,0.));
#1881 = FACE_BOUND('',#1882,.F.);
#1882 = EDGE_LOOP('',(#1883));
#1883 = ORIENTED_EDGE('',*,*,#1884,.T.);
#1884 = EDGE_CURVE('',#1885,#1885,#1887,.T.);
#1885 = VERTEX_POINT('',#1886);
#1886 = CARTESIAN_POINT('',(150.,-113.,0.));
#1887 = CIRCLE('',#1888,1.5);
#1888 = AXIS2_PLACEMENT_3D('',#1889,#1890,#1891);
#1889 = CARTESIAN_POINT('',(150.,-111.5,0.));
#1890 = DIRECTION('',(-0.,0.,-1.));
#1891 = DIRECTION('',(-0.,-1.,0.));
#1892 = FACE_BOUND('',#1893,.F.);
#1893 = EDGE_LOOP('',(#1894));
#1894 = ORIENTED_EDGE('',*,*,#1895,.T.);
#1895 = EDGE_CURVE('',#1896,#1896,#1898,.T.);
#1896 = VERTEX_POINT('',#1897);
#1897 = CARTESIAN_POINT('',(154.,-113.,0.));
#1898 = CIRCLE('',#1899,1.5);
#1899 = AXIS2_PLACEMENT_3D('',#1900,#1901,#1902);
#1900 = CARTESIAN_POINT('',(154.,-111.5,0.));
#1901 = DIRECTION('',(-0.,0.,-1.));
#1902 = DIRECTION('',(-0.,-1.,0.));
#1903 = FACE_BOUND('',#1904,.F.);
#1904 = EDGE_LOOP('',(#1905,#1916,#1924,#1933,#1941,#1949,#1958,#1966,
    #1975,#1983));
#1905 = ORIENTED_EDGE('',*,*,#1906,.F.);
#1906 = EDGE_CURVE('',#1907,#1909,#1911,.T.);
#1907 = VERTEX_POINT('',#1908);
#1908 = CARTESIAN_POINT('',(129.,-93.,0.));
#1909 = VERTEX_POINT('',#1910);
#1910 = CARTESIAN_POINT('',(126.5,-95.5,0.));
#1911 = CIRCLE('',#1912,2.499999839417);
#1912 = AXIS2_PLACEMENT_3D('',#1913,#1914,#1915);
#1913 = CARTESIAN_POINT('',(128.99999983941,-95.49999983941,0.));
#1914 = DIRECTION('',(0.,0.,1.));
#1915 = DIRECTION('',(6.42331470194E-08,1.,-0.));
#1916 = ORIENTED_EDGE('',*,*,#1917,.F.);
#1917 = EDGE_CURVE('',#1918,#1907,#1920,.T.);
#1918 = VERTEX_POINT('',#1919);
#1919 = CARTESIAN_POINT('',(143.,-93.,0.));
#1920 = LINE('',#1921,#1922);
#1921 = CARTESIAN_POINT('',(143.,-93.,0.));
#1922 = VECTOR('',#1923,1.);
#1923 = DIRECTION('',(-1.,0.,0.));
#1924 = ORIENTED_EDGE('',*,*,#1925,.F.);
#1925 = EDGE_CURVE('',#1926,#1918,#1928,.T.);
#1926 = VERTEX_POINT('',#1927);
#1927 = CARTESIAN_POINT('',(145.5,-95.5,0.));
#1928 = CIRCLE('',#1929,2.499996425212);
#1929 = AXIS2_PLACEMENT_3D('',#1930,#1931,#1932);
#1930 = CARTESIAN_POINT('',(143.00000357479,-95.49999642521,0.));
#1931 = DIRECTION('',(0.,0.,1.));
#1932 = DIRECTION('',(0.999999999999,-1.429918141302E-06,0.));
#1933 = ORIENTED_EDGE('',*,*,#1934,.F.);
#1934 = EDGE_CURVE('',#1935,#1926,#1937,.T.);
#1935 = VERTEX_POINT('',#1936);
#1936 = CARTESIAN_POINT('',(145.500001,-100.,0.));
#1937 = LINE('',#1938,#1939);
#1938 = CARTESIAN_POINT('',(145.500001,-100.,0.));
#1939 = VECTOR('',#1940,1.);
#1940 = DIRECTION('',(-2.222222216612E-07,1.,0.));
#1941 = ORIENTED_EDGE('',*,*,#1942,.F.);
#1942 = EDGE_CURVE('',#1943,#1935,#1945,.T.);
#1943 = VERTEX_POINT('',#1944);
#1944 = CARTESIAN_POINT('',(145.500002,-104.5,0.));
#1945 = LINE('',#1946,#1947);
#1946 = CARTESIAN_POINT('',(145.500002,-104.5,0.));
#1947 = VECTOR('',#1948,1.);
#1948 = DIRECTION('',(-2.222222216612E-07,1.,0.));
#1949 = ORIENTED_EDGE('',*,*,#1950,.F.);
#1950 = EDGE_CURVE('',#1951,#1943,#1953,.T.);
#1951 = VERTEX_POINT('',#1952);
#1952 = CARTESIAN_POINT('',(143.000002,-107.,0.));
#1953 = CIRCLE('',#1954,2.499999839417);
#1954 = AXIS2_PLACEMENT_3D('',#1955,#1956,#1957);
#1955 = CARTESIAN_POINT('',(143.00000216058,-104.5000001605,0.));
#1956 = DIRECTION('',(0.,0.,1.));
#1957 = DIRECTION('',(-6.42331470194E-08,-1.,0.));
#1958 = ORIENTED_EDGE('',*,*,#1959,.F.);
#1959 = EDGE_CURVE('',#1960,#1951,#1962,.T.);
#1960 = VERTEX_POINT('',#1961);
#1961 = CARTESIAN_POINT('',(129.,-107.,0.));
#1962 = LINE('',#1963,#1964);
#1963 = CARTESIAN_POINT('',(129.,-107.,0.));
#1964 = VECTOR('',#1965,1.);
#1965 = DIRECTION('',(1.,0.,0.));
#1966 = ORIENTED_EDGE('',*,*,#1967,.F.);
#1967 = EDGE_CURVE('',#1968,#1960,#1970,.T.);
#1968 = VERTEX_POINT('',#1969);
#1969 = CARTESIAN_POINT('',(126.5,-104.5,0.));
#1970 = CIRCLE('',#1971,2.499999839417);
#1971 = AXIS2_PLACEMENT_3D('',#1972,#1973,#1974);
#1972 = CARTESIAN_POINT('',(128.99999983941,-104.5000001605,0.));
#1973 = DIRECTION('',(0.,0.,1.));
#1974 = DIRECTION('',(-1.,6.42331470194E-08,0.));
#1975 = ORIENTED_EDGE('',*,*,#1976,.F.);
#1976 = EDGE_CURVE('',#1977,#1968,#1979,.T.);
#1977 = VERTEX_POINT('',#1978);
#1978 = CARTESIAN_POINT('',(126.5,-100.,0.));
#1979 = LINE('',#1980,#1981);
#1980 = CARTESIAN_POINT('',(126.5,-100.,0.));
#1981 = VECTOR('',#1982,1.);
#1982 = DIRECTION('',(0.,-1.,0.));
#1983 = ORIENTED_EDGE('',*,*,#1984,.F.);
#1984 = EDGE_CURVE('',#1909,#1977,#1985,.T.);
#1985 = LINE('',#1986,#1987);
#1986 = CARTESIAN_POINT('',(126.5,-95.5,0.));
#1987 = VECTOR('',#1988,1.);
#1988 = DIRECTION('',(0.,-1.,0.));
#1989 = FACE_BOUND('',#1990,.F.);
#1990 = EDGE_LOOP('',(#1991));
#1991 = ORIENTED_EDGE('',*,*,#1992,.T.);
#1992 = EDGE_CURVE('',#1993,#1993,#1995,.T.);
#1993 = VERTEX_POINT('',#1994);
#1994 = CARTESIAN_POINT('',(166.,-126.,0.));
#1995 = CIRCLE('',#1996,0.5);
#1996 = AXIS2_PLACEMENT_3D('',#1997,#1998,#1999);
#1997 = CARTESIAN_POINT('',(166.,-125.5,0.));
#1998 = DIRECTION('',(-0.,0.,-1.));
#1999 = DIRECTION('',(-0.,-1.,0.));
#2000 = FACE_BOUND('',#2001,.F.);
#2001 = EDGE_LOOP('',(#2002));
#2002 = ORIENTED_EDGE('',*,*,#2003,.T.);
#2003 = EDGE_CURVE('',#2004,#2004,#2006,.T.);
#2004 = VERTEX_POINT('',#2005);
#2005 = CARTESIAN_POINT('',(160.,-113.,0.));
#2006 = CIRCLE('',#2007,1.5);
#2007 = AXIS2_PLACEMENT_3D('',#2008,#2009,#2010);
#2008 = CARTESIAN_POINT('',(160.,-111.5,0.));
#2009 = DIRECTION('',(-0.,0.,-1.));
#2010 = DIRECTION('',(-0.,-1.,0.));
#2011 = FACE_BOUND('',#2012,.F.);
#2012 = EDGE_LOOP('',(#2013));
#2013 = ORIENTED_EDGE('',*,*,#2014,.T.);
#2014 = EDGE_CURVE('',#2015,#2015,#2017,.T.);
#2015 = VERTEX_POINT('',#2016);
#2016 = CARTESIAN_POINT('',(164.,-113.,0.));
#2017 = CIRCLE('',#2018,1.5);
#2018 = AXIS2_PLACEMENT_3D('',#2019,#2020,#2021);
#2019 = CARTESIAN_POINT('',(164.,-111.5,0.));
#2020 = DIRECTION('',(-0.,0.,-1.));
#2021 = DIRECTION('',(-0.,-1.,0.));
#2022 = FACE_BOUND('',#2023,.F.);
#2023 = EDGE_LOOP('',(#2024));
#2024 = ORIENTED_EDGE('',*,*,#2025,.T.);
#2025 = EDGE_CURVE('',#2026,#2026,#2028,.T.);
#2026 = VERTEX_POINT('',#2027);
#2027 = CARTESIAN_POINT('',(189.999997,-126.000003,0.));
#2028 = CIRCLE('',#2029,0.5);
#2029 = AXIS2_PLACEMENT_3D('',#2030,#2031,#2032);
#2030 = CARTESIAN_POINT('',(189.999997,-125.500003,0.));
#2031 = DIRECTION('',(-0.,0.,-1.));
#2032 = DIRECTION('',(-0.,-1.,0.));
#2033 = FACE_BOUND('',#2034,.F.);
#2034 = EDGE_LOOP('',(#2035));
#2035 = ORIENTED_EDGE('',*,*,#2036,.T.);
#2036 = EDGE_CURVE('',#2037,#2037,#2039,.T.);
#2037 = VERTEX_POINT('',#2038);
#2038 = CARTESIAN_POINT('',(196.500002,-126.000001,0.));
#2039 = CIRCLE('',#2040,0.5);
#2040 = AXIS2_PLACEMENT_3D('',#2041,#2042,#2043);
#2041 = CARTESIAN_POINT('',(196.500002,-125.500001,0.));
#2042 = DIRECTION('',(-0.,0.,-1.));
#2043 = DIRECTION('',(-0.,-1.,0.));
#2044 = FACE_BOUND('',#2045,.F.);
#2045 = EDGE_LOOP('',(#2046));
#2046 = ORIENTED_EDGE('',*,*,#2047,.T.);
#2047 = EDGE_CURVE('',#2048,#2048,#2050,.T.);
#2048 = VERTEX_POINT('',#2049);
#2049 = CARTESIAN_POINT('',(192.,-113.,0.));
#2050 = CIRCLE('',#2051,1.5);
#2051 = AXIS2_PLACEMENT_3D('',#2052,#2053,#2054);
#2052 = CARTESIAN_POINT('',(192.,-111.5,0.));
#2053 = DIRECTION('',(-0.,0.,-1.));
#2054 = DIRECTION('',(-0.,-1.,0.));
#2055 = FACE_BOUND('',#2056,.F.);
#2056 = EDGE_LOOP('',(#2057));
#2057 = ORIENTED_EDGE('',*,*,#2058,.T.);
#2058 = EDGE_CURVE('',#2059,#2059,#2061,.T.);
#2059 = VERTEX_POINT('',#2060);
#2060 = CARTESIAN_POINT('',(196.,-113.,0.));
#2061 = CIRCLE('',#2062,1.5);
#2062 = AXIS2_PLACEMENT_3D('',#2063,#2064,#2065);
#2063 = CARTESIAN_POINT('',(196.,-111.5,0.));
#2064 = DIRECTION('',(-0.,0.,-1.));
#2065 = DIRECTION('',(-0.,-1.,0.));
#2066 = FACE_BOUND('',#2067,.F.);
#2067 = EDGE_LOOP('',(#2068,#2079,#2087,#2096,#2104,#2112,#2121,#2129,
    #2138,#2146));
#2068 = ORIENTED_EDGE('',*,*,#2069,.F.);
#2069 = EDGE_CURVE('',#2070,#2072,#2074,.T.);
#2070 = VERTEX_POINT('',#2071);
#2071 = CARTESIAN_POINT('',(171.,-93.,0.));
#2072 = VERTEX_POINT('',#2073);
#2073 = CARTESIAN_POINT('',(168.5,-95.5,0.));
#2074 = CIRCLE('',#2075,2.499999839417);
#2075 = AXIS2_PLACEMENT_3D('',#2076,#2077,#2078);
#2076 = CARTESIAN_POINT('',(170.99999983941,-95.49999983941,0.));
#2077 = DIRECTION('',(0.,0.,1.));
#2078 = DIRECTION('',(6.42331470194E-08,1.,-0.));
#2079 = ORIENTED_EDGE('',*,*,#2080,.F.);
#2080 = EDGE_CURVE('',#2081,#2070,#2083,.T.);
#2081 = VERTEX_POINT('',#2082);
#2082 = CARTESIAN_POINT('',(185.,-93.,0.));
#2083 = LINE('',#2084,#2085);
#2084 = CARTESIAN_POINT('',(185.,-93.,0.));
#2085 = VECTOR('',#2086,1.);
#2086 = DIRECTION('',(-1.,0.,0.));
#2087 = ORIENTED_EDGE('',*,*,#2088,.F.);
#2088 = EDGE_CURVE('',#2089,#2081,#2091,.T.);
#2089 = VERTEX_POINT('',#2090);
#2090 = CARTESIAN_POINT('',(187.5,-95.5,0.));
#2091 = CIRCLE('',#2092,2.499996425212);
#2092 = AXIS2_PLACEMENT_3D('',#2093,#2094,#2095);
#2093 = CARTESIAN_POINT('',(185.00000357479,-95.49999642521,0.));
#2094 = DIRECTION('',(0.,0.,1.));
#2095 = DIRECTION('',(0.999999999999,-1.429918141302E-06,0.));
#2096 = ORIENTED_EDGE('',*,*,#2097,.F.);
#2097 = EDGE_CURVE('',#2098,#2089,#2100,.T.);
#2098 = VERTEX_POINT('',#2099);
#2099 = CARTESIAN_POINT('',(187.500001,-100.,0.));
#2100 = LINE('',#2101,#2102);
#2101 = CARTESIAN_POINT('',(187.500001,-100.,0.));
#2102 = VECTOR('',#2103,1.);
#2103 = DIRECTION('',(-2.222222216612E-07,1.,0.));
#2104 = ORIENTED_EDGE('',*,*,#2105,.F.);
#2105 = EDGE_CURVE('',#2106,#2098,#2108,.T.);
#2106 = VERTEX_POINT('',#2107);
#2107 = CARTESIAN_POINT('',(187.500001,-104.5,0.));
#2108 = LINE('',#2109,#2110);
#2109 = CARTESIAN_POINT('',(187.500001,-104.5,0.));
#2110 = VECTOR('',#2111,1.);
#2111 = DIRECTION('',(0.,1.,0.));
#2112 = ORIENTED_EDGE('',*,*,#2113,.F.);
#2113 = EDGE_CURVE('',#2114,#2106,#2116,.T.);
#2114 = VERTEX_POINT('',#2115);
#2115 = CARTESIAN_POINT('',(185.,-107.,0.));
#2116 = CIRCLE('',#2117,2.500001546525);
#2117 = AXIS2_PLACEMENT_3D('',#2118,#2119,#2120);
#2118 = CARTESIAN_POINT('',(184.99999945347,-104.4999984534,0.));
#2119 = DIRECTION('',(0.,0.,1.));
#2120 = DIRECTION('',(2.186095128387E-07,-1.,0.));
#2121 = ORIENTED_EDGE('',*,*,#2122,.F.);
#2122 = EDGE_CURVE('',#2123,#2114,#2125,.T.);
#2123 = VERTEX_POINT('',#2124);
#2124 = CARTESIAN_POINT('',(171.,-107.,0.));
#2125 = LINE('',#2126,#2127);
#2126 = CARTESIAN_POINT('',(171.,-107.,0.));
#2127 = VECTOR('',#2128,1.);
#2128 = DIRECTION('',(1.,0.,0.));
#2129 = ORIENTED_EDGE('',*,*,#2130,.F.);
#2130 = EDGE_CURVE('',#2131,#2123,#2133,.T.);
#2131 = VERTEX_POINT('',#2132);
#2132 = CARTESIAN_POINT('',(168.5,-104.5,0.));
#2133 = CIRCLE('',#2134,2.499999839417);
#2134 = AXIS2_PLACEMENT_3D('',#2135,#2136,#2137);
#2135 = CARTESIAN_POINT('',(170.99999983941,-104.5000001605,0.));
#2136 = DIRECTION('',(0.,0.,1.));
#2137 = DIRECTION('',(-1.,6.423314133505E-08,0.));
#2138 = ORIENTED_EDGE('',*,*,#2139,.F.);
#2139 = EDGE_CURVE('',#2140,#2131,#2142,.T.);
#2140 = VERTEX_POINT('',#2141);
#2141 = CARTESIAN_POINT('',(168.5,-100.,0.));
#2142 = LINE('',#2143,#2144);
#2143 = CARTESIAN_POINT('',(168.5,-100.,0.));
#2144 = VECTOR('',#2145,1.);
#2145 = DIRECTION('',(0.,-1.,0.));
#2146 = ORIENTED_EDGE('',*,*,#2147,.F.);
#2147 = EDGE_CURVE('',#2072,#2140,#2148,.T.);
#2148 = LINE('',#2149,#2150);
#2149 = CARTESIAN_POINT('',(168.5,-95.5,0.));
#2150 = VECTOR('',#2151,1.);
#2151 = DIRECTION('',(0.,-1.,0.));
#2152 = FACE_BOUND('',#2153,.F.);
#2153 = EDGE_LOOP('',(#2154));
#2154 = ORIENTED_EDGE('',*,*,#2155,.T.);
#2155 = EDGE_CURVE('',#2156,#2156,#2158,.T.);
#2156 = VERTEX_POINT('',#2157);
#2157 = CARTESIAN_POINT('',(118.,-90.,0.));
#2158 = CIRCLE('',#2159,1.5);
#2159 = AXIS2_PLACEMENT_3D('',#2160,#2161,#2162);
#2160 = CARTESIAN_POINT('',(118.,-88.5,0.));
#2161 = DIRECTION('',(-0.,0.,-1.));
#2162 = DIRECTION('',(-0.,-1.,0.));
#2163 = FACE_BOUND('',#2164,.F.);
#2164 = EDGE_LOOP('',(#2165));
#2165 = ORIENTED_EDGE('',*,*,#2166,.T.);
#2166 = EDGE_CURVE('',#2167,#2167,#2169,.T.);
#2167 = VERTEX_POINT('',#2168);
#2168 = CARTESIAN_POINT('',(122.,-90.,0.));
#2169 = CIRCLE('',#2170,1.5);
#2170 = AXIS2_PLACEMENT_3D('',#2171,#2172,#2173);
#2171 = CARTESIAN_POINT('',(122.,-88.5,0.));
#2172 = DIRECTION('',(-0.,0.,-1.));
#2173 = DIRECTION('',(-0.,-1.,0.));
#2174 = FACE_BOUND('',#2175,.F.);
#2175 = EDGE_LOOP('',(#2176,#2187,#2195,#2204,#2212,#2220,#2229,#2237,
    #2246,#2254));
#2176 = ORIENTED_EDGE('',*,*,#2177,.F.);
#2177 = EDGE_CURVE('',#2178,#2180,#2182,.T.);
#2178 = VERTEX_POINT('',#2179);
#2179 = CARTESIAN_POINT('',(129.,-70.,0.));
#2180 = VERTEX_POINT('',#2181);
#2181 = CARTESIAN_POINT('',(126.5,-72.5,0.));
#2182 = CIRCLE('',#2183,2.499999839417);
#2183 = AXIS2_PLACEMENT_3D('',#2184,#2185,#2186);
#2184 = CARTESIAN_POINT('',(128.99999983941,-72.49999983941,0.));
#2185 = DIRECTION('',(0.,0.,1.));
#2186 = DIRECTION('',(6.42331470194E-08,1.,-0.));
#2187 = ORIENTED_EDGE('',*,*,#2188,.F.);
#2188 = EDGE_CURVE('',#2189,#2178,#2191,.T.);
#2189 = VERTEX_POINT('',#2190);
#2190 = CARTESIAN_POINT('',(143.,-70.000001,0.));
#2191 = LINE('',#2192,#2193);
#2192 = CARTESIAN_POINT('',(143.,-70.000001,0.));
#2193 = VECTOR('',#2194,1.);
#2194 = DIRECTION('',(-1.,7.142857124823E-08,0.));
#2195 = ORIENTED_EDGE('',*,*,#2196,.F.);
#2196 = EDGE_CURVE('',#2197,#2189,#2199,.T.);
#2197 = VERTEX_POINT('',#2198);
#2198 = CARTESIAN_POINT('',(145.499999,-72.5,0.));
#2199 = CIRCLE('',#2200,2.499994718109);
#2200 = AXIS2_PLACEMENT_3D('',#2201,#2202,#2203);
#2201 = CARTESIAN_POINT('',(143.00000428189,-72.4999957181,0.));
#2202 = DIRECTION('',(0.,0.,1.));
#2203 = DIRECTION('',(0.999999999999,-1.712761448967E-06,0.));
#2204 = ORIENTED_EDGE('',*,*,#2205,.F.);
#2205 = EDGE_CURVE('',#2206,#2197,#2208,.T.);
#2206 = VERTEX_POINT('',#2207);
#2207 = CARTESIAN_POINT('',(145.5,-77.,0.));
#2208 = LINE('',#2209,#2210);
#2209 = CARTESIAN_POINT('',(145.5,-77.,0.));
#2210 = VECTOR('',#2211,1.);
#2211 = DIRECTION('',(-2.222222216612E-07,1.,0.));
#2212 = ORIENTED_EDGE('',*,*,#2213,.F.);
#2213 = EDGE_CURVE('',#2214,#2206,#2216,.T.);
#2214 = VERTEX_POINT('',#2215);
#2215 = CARTESIAN_POINT('',(145.500001,-81.5,0.));
#2216 = LINE('',#2217,#2218);
#2217 = CARTESIAN_POINT('',(145.500001,-81.5,0.));
#2218 = VECTOR('',#2219,1.);
#2219 = DIRECTION('',(-2.222222216612E-07,1.,0.));
#2220 = ORIENTED_EDGE('',*,*,#2221,.F.);
#2221 = EDGE_CURVE('',#2222,#2214,#2224,.T.);
#2222 = VERTEX_POINT('',#2223);
#2223 = CARTESIAN_POINT('',(143.000001,-84.,0.));
#2224 = CIRCLE('',#2225,2.499999839417);
#2225 = AXIS2_PLACEMENT_3D('',#2226,#2227,#2228);
#2226 = CARTESIAN_POINT('',(143.00000116058,-81.50000016058,0.));
#2227 = DIRECTION('',(0.,0.,1.));
#2228 = DIRECTION('',(-6.42331470194E-08,-1.,0.));
#2229 = ORIENTED_EDGE('',*,*,#2230,.F.);
#2230 = EDGE_CURVE('',#2231,#2222,#2233,.T.);
#2231 = VERTEX_POINT('',#2232);
#2232 = CARTESIAN_POINT('',(129.,-84.,0.));
#2233 = LINE('',#2234,#2235);
#2234 = CARTESIAN_POINT('',(129.,-84.,0.));
#2235 = VECTOR('',#2236,1.);
#2236 = DIRECTION('',(1.,0.,0.));
#2237 = ORIENTED_EDGE('',*,*,#2238,.F.);
#2238 = EDGE_CURVE('',#2239,#2231,#2241,.T.);
#2239 = VERTEX_POINT('',#2240);
#2240 = CARTESIAN_POINT('',(126.5,-81.5,0.));
#2241 = CIRCLE('',#2242,2.499999839417);
#2242 = AXIS2_PLACEMENT_3D('',#2243,#2244,#2245);
#2243 = CARTESIAN_POINT('',(128.99999983941,-81.50000016058,0.));
#2244 = DIRECTION('',(0.,0.,1.));
#2245 = DIRECTION('',(-1.,6.42331470194E-08,0.));
#2246 = ORIENTED_EDGE('',*,*,#2247,.F.);
#2247 = EDGE_CURVE('',#2248,#2239,#2250,.T.);
#2248 = VERTEX_POINT('',#2249);
#2249 = CARTESIAN_POINT('',(126.500002,-77.,0.));
#2250 = LINE('',#2251,#2252);
#2251 = CARTESIAN_POINT('',(126.500002,-77.,0.));
#2252 = VECTOR('',#2253,1.);
#2253 = DIRECTION('',(-4.444444433223E-07,-1.,0.));
#2254 = ORIENTED_EDGE('',*,*,#2255,.F.);
#2255 = EDGE_CURVE('',#2180,#2248,#2256,.T.);
#2256 = LINE('',#2257,#2258);
#2257 = CARTESIAN_POINT('',(126.5,-72.5,0.));
#2258 = VECTOR('',#2259,1.);
#2259 = DIRECTION('',(4.444444433223E-07,-1.,0.));
#2260 = FACE_BOUND('',#2261,.F.);
#2261 = EDGE_LOOP('',(#2262));
#2262 = ORIENTED_EDGE('',*,*,#2263,.T.);
#2263 = EDGE_CURVE('',#2264,#2264,#2266,.T.);
#2264 = VERTEX_POINT('',#2265);
#2265 = CARTESIAN_POINT('',(150.,-90.,0.));
#2266 = CIRCLE('',#2267,1.5);
#2267 = AXIS2_PLACEMENT_3D('',#2268,#2269,#2270);
#2268 = CARTESIAN_POINT('',(150.,-88.5,0.));
#2269 = DIRECTION('',(-0.,0.,-1.));
#2270 = DIRECTION('',(-0.,-1.,0.));
#2271 = FACE_BOUND('',#2272,.F.);
#2272 = EDGE_LOOP('',(#2273));
#2273 = ORIENTED_EDGE('',*,*,#2274,.T.);
#2274 = EDGE_CURVE('',#2275,#2275,#2277,.T.);
#2275 = VERTEX_POINT('',#2276);
#2276 = CARTESIAN_POINT('',(154.,-90.,0.));
#2277 = CIRCLE('',#2278,1.5);
#2278 = AXIS2_PLACEMENT_3D('',#2279,#2280,#2281);
#2279 = CARTESIAN_POINT('',(154.,-88.5,0.));
#2280 = DIRECTION('',(-0.,0.,-1.));
#2281 = DIRECTION('',(-0.,-1.,0.));
#2282 = FACE_BOUND('',#2283,.F.);
#2283 = EDGE_LOOP('',(#2284));
#2284 = ORIENTED_EDGE('',*,*,#2285,.T.);
#2285 = EDGE_CURVE('',#2286,#2286,#2288,.T.);
#2286 = VERTEX_POINT('',#2287);
#2287 = CARTESIAN_POINT('',(118.,-67.,0.));
#2288 = CIRCLE('',#2289,1.5);
#2289 = AXIS2_PLACEMENT_3D('',#2290,#2291,#2292);
#2290 = CARTESIAN_POINT('',(118.,-65.5,0.));
#2291 = DIRECTION('',(-0.,0.,-1.));
#2292 = DIRECTION('',(-0.,-1.,0.));
#2293 = FACE_BOUND('',#2294,.F.);
#2294 = EDGE_LOOP('',(#2295));
#2295 = ORIENTED_EDGE('',*,*,#2296,.T.);
#2296 = EDGE_CURVE('',#2297,#2297,#2299,.T.);
#2297 = VERTEX_POINT('',#2298);
#2298 = CARTESIAN_POINT('',(122.,-67.,0.));
#2299 = CIRCLE('',#2300,1.5);
#2300 = AXIS2_PLACEMENT_3D('',#2301,#2302,#2303);
#2301 = CARTESIAN_POINT('',(122.,-65.5,0.));
#2302 = DIRECTION('',(-0.,0.,-1.));
#2303 = DIRECTION('',(-0.,-1.,0.));
#2304 = FACE_BOUND('',#2305,.F.);
#2305 = EDGE_LOOP('',(#2306));
#2306 = ORIENTED_EDGE('',*,*,#2307,.T.);
#2307 = EDGE_CURVE('',#2308,#2308,#2310,.T.);
#2308 = VERTEX_POINT('',#2309);
#2309 = CARTESIAN_POINT('',(117.499999,-52.000001,0.));
#2310 = CIRCLE('',#2311,0.5);
#2311 = AXIS2_PLACEMENT_3D('',#2312,#2313,#2314);
#2312 = CARTESIAN_POINT('',(117.499999,-51.500001,0.));
#2313 = DIRECTION('',(-0.,0.,-1.));
#2314 = DIRECTION('',(-0.,-1.,0.));
#2315 = FACE_BOUND('',#2316,.F.);
#2316 = EDGE_LOOP('',(#2317));
#2317 = ORIENTED_EDGE('',*,*,#2318,.T.);
#2318 = EDGE_CURVE('',#2319,#2319,#2321,.T.);
#2319 = VERTEX_POINT('',#2320);
#2320 = CARTESIAN_POINT('',(123.999999,-52.000001,0.));
#2321 = CIRCLE('',#2322,0.5);
#2322 = AXIS2_PLACEMENT_3D('',#2323,#2324,#2325);
#2323 = CARTESIAN_POINT('',(123.999999,-51.500001,0.));
#2324 = DIRECTION('',(-0.,0.,-1.));
#2325 = DIRECTION('',(-0.,-1.,0.));
#2326 = FACE_BOUND('',#2327,.F.);
#2327 = EDGE_LOOP('',(#2328));
#2328 = ORIENTED_EDGE('',*,*,#2329,.T.);
#2329 = EDGE_CURVE('',#2330,#2330,#2332,.T.);
#2330 = VERTEX_POINT('',#2331);
#2331 = CARTESIAN_POINT('',(150.,-67.,0.));
#2332 = CIRCLE('',#2333,1.5);
#2333 = AXIS2_PLACEMENT_3D('',#2334,#2335,#2336);
#2334 = CARTESIAN_POINT('',(150.,-65.5,0.));
#2335 = DIRECTION('',(-0.,0.,-1.));
#2336 = DIRECTION('',(-0.,-1.,0.));
#2337 = FACE_BOUND('',#2338,.F.);
#2338 = EDGE_LOOP('',(#2339));
#2339 = ORIENTED_EDGE('',*,*,#2340,.T.);
#2340 = EDGE_CURVE('',#2341,#2341,#2343,.T.);
#2341 = VERTEX_POINT('',#2342);
#2342 = CARTESIAN_POINT('',(154.,-67.,0.));
#2343 = CIRCLE('',#2344,1.5);
#2344 = AXIS2_PLACEMENT_3D('',#2345,#2346,#2347);
#2345 = CARTESIAN_POINT('',(154.,-65.5,0.));
#2346 = DIRECTION('',(-0.,0.,-1.));
#2347 = DIRECTION('',(-0.,-1.,0.));
#2348 = FACE_BOUND('',#2349,.F.);
#2349 = EDGE_LOOP('',(#2350));
#2350 = ORIENTED_EDGE('',*,*,#2351,.T.);
#2351 = EDGE_CURVE('',#2352,#2352,#2354,.T.);
#2352 = VERTEX_POINT('',#2353);
#2353 = CARTESIAN_POINT('',(148.000001,-52.000001,0.));
#2354 = CIRCLE('',#2355,0.5);
#2355 = AXIS2_PLACEMENT_3D('',#2356,#2357,#2358);
#2356 = CARTESIAN_POINT('',(148.000001,-51.500001,0.));
#2357 = DIRECTION('',(-0.,0.,-1.));
#2358 = DIRECTION('',(-0.,-1.,0.));
#2359 = FACE_BOUND('',#2360,.F.);
#2360 = EDGE_LOOP('',(#2361));
#2361 = ORIENTED_EDGE('',*,*,#2362,.T.);
#2362 = EDGE_CURVE('',#2363,#2363,#2365,.T.);
#2363 = VERTEX_POINT('',#2364);
#2364 = CARTESIAN_POINT('',(160.,-90.,0.));
#2365 = CIRCLE('',#2366,1.5);
#2366 = AXIS2_PLACEMENT_3D('',#2367,#2368,#2369);
#2367 = CARTESIAN_POINT('',(160.,-88.5,0.));
#2368 = DIRECTION('',(-0.,0.,-1.));
#2369 = DIRECTION('',(-0.,-1.,0.));
#2370 = FACE_BOUND('',#2371,.F.);
#2371 = EDGE_LOOP('',(#2372));
#2372 = ORIENTED_EDGE('',*,*,#2373,.T.);
#2373 = EDGE_CURVE('',#2374,#2374,#2376,.T.);
#2374 = VERTEX_POINT('',#2375);
#2375 = CARTESIAN_POINT('',(164.,-90.,0.));
#2376 = CIRCLE('',#2377,1.5);
#2377 = AXIS2_PLACEMENT_3D('',#2378,#2379,#2380);
#2378 = CARTESIAN_POINT('',(164.,-88.5,0.));
#2379 = DIRECTION('',(-0.,0.,-1.));
#2380 = DIRECTION('',(-0.,-1.,0.));
#2381 = FACE_BOUND('',#2382,.F.);
#2382 = EDGE_LOOP('',(#2383));
#2383 = ORIENTED_EDGE('',*,*,#2384,.T.);
#2384 = EDGE_CURVE('',#2385,#2385,#2387,.T.);
#2385 = VERTEX_POINT('',#2386);
#2386 = CARTESIAN_POINT('',(192.,-90.,0.));
#2387 = CIRCLE('',#2388,1.5);
#2388 = AXIS2_PLACEMENT_3D('',#2389,#2390,#2391);
#2389 = CARTESIAN_POINT('',(192.,-88.5,0.));
#2390 = DIRECTION('',(-0.,0.,-1.));
#2391 = DIRECTION('',(-0.,-1.,0.));
#2392 = FACE_BOUND('',#2393,.F.);
#2393 = EDGE_LOOP('',(#2394));
#2394 = ORIENTED_EDGE('',*,*,#2395,.T.);
#2395 = EDGE_CURVE('',#2396,#2396,#2398,.T.);
#2396 = VERTEX_POINT('',#2397);
#2397 = CARTESIAN_POINT('',(196.,-90.,0.));
#2398 = CIRCLE('',#2399,1.5);
#2399 = AXIS2_PLACEMENT_3D('',#2400,#2401,#2402);
#2400 = CARTESIAN_POINT('',(196.,-88.5,0.));
#2401 = DIRECTION('',(-0.,0.,-1.));
#2402 = DIRECTION('',(-0.,-1.,0.));
#2403 = FACE_BOUND('',#2404,.F.);
#2404 = EDGE_LOOP('',(#2405,#2416,#2424,#2433,#2441,#2449,#2458,#2466,
    #2475,#2483));
#2405 = ORIENTED_EDGE('',*,*,#2406,.F.);
#2406 = EDGE_CURVE('',#2407,#2409,#2411,.T.);
#2407 = VERTEX_POINT('',#2408);
#2408 = CARTESIAN_POINT('',(171.,-70.,0.));
#2409 = VERTEX_POINT('',#2410);
#2410 = CARTESIAN_POINT('',(168.5,-72.5,0.));
#2411 = CIRCLE('',#2412,2.499999839417);
#2412 = AXIS2_PLACEMENT_3D('',#2413,#2414,#2415);
#2413 = CARTESIAN_POINT('',(170.99999983941,-72.49999983941,0.));
#2414 = DIRECTION('',(0.,0.,1.));
#2415 = DIRECTION('',(6.42331470194E-08,1.,-0.));
#2416 = ORIENTED_EDGE('',*,*,#2417,.F.);
#2417 = EDGE_CURVE('',#2418,#2407,#2420,.T.);
#2418 = VERTEX_POINT('',#2419);
#2419 = CARTESIAN_POINT('',(185.,-70.,0.));
#2420 = LINE('',#2421,#2422);
#2421 = CARTESIAN_POINT('',(185.,-70.,0.));
#2422 = VECTOR('',#2423,1.);
#2423 = DIRECTION('',(-1.,0.,0.));
#2424 = ORIENTED_EDGE('',*,*,#2425,.F.);
#2425 = EDGE_CURVE('',#2426,#2418,#2428,.T.);
#2426 = VERTEX_POINT('',#2427);
#2427 = CARTESIAN_POINT('',(187.500001,-72.5,0.));
#2428 = CIRCLE('',#2429,2.500001546525);
#2429 = AXIS2_PLACEMENT_3D('',#2430,#2431,#2432);
#2430 = CARTESIAN_POINT('',(184.99999945347,-72.50000154652,0.));
#2431 = DIRECTION('',(0.,0.,1.));
#2432 = DIRECTION('',(1.,6.186094349152E-07,-0.));
#2433 = ORIENTED_EDGE('',*,*,#2434,.F.);
#2434 = EDGE_CURVE('',#2435,#2426,#2437,.T.);
#2435 = VERTEX_POINT('',#2436);
#2436 = CARTESIAN_POINT('',(187.500001,-77.,0.));
#2437 = LINE('',#2438,#2439);
#2438 = CARTESIAN_POINT('',(187.500001,-77.,0.));
#2439 = VECTOR('',#2440,1.);
#2440 = DIRECTION('',(0.,1.,0.));
#2441 = ORIENTED_EDGE('',*,*,#2442,.F.);
#2442 = EDGE_CURVE('',#2443,#2435,#2445,.T.);
#2443 = VERTEX_POINT('',#2444);
#2444 = CARTESIAN_POINT('',(187.500002,-81.5,0.));
#2445 = LINE('',#2446,#2447);
#2446 = CARTESIAN_POINT('',(187.500002,-81.5,0.));
#2447 = VECTOR('',#2448,1.);
#2448 = DIRECTION('',(-2.222222216612E-07,1.,0.));
#2449 = ORIENTED_EDGE('',*,*,#2450,.F.);
#2450 = EDGE_CURVE('',#2451,#2443,#2453,.T.);
#2451 = VERTEX_POINT('',#2452);
#2452 = CARTESIAN_POINT('',(185.,-84.,0.));
#2453 = CIRCLE('',#2454,2.499999839419);
#2454 = AXIS2_PLACEMENT_3D('',#2455,#2456,#2457);
#2455 = CARTESIAN_POINT('',(185.00000216058,-81.50000016058,0.));
#2456 = DIRECTION('',(0.,0.,1.));
#2457 = DIRECTION('',(-8.642325597392E-07,-1.,0.));
#2458 = ORIENTED_EDGE('',*,*,#2459,.F.);
#2459 = EDGE_CURVE('',#2460,#2451,#2462,.T.);
#2460 = VERTEX_POINT('',#2461);
#2461 = CARTESIAN_POINT('',(171.,-84.,0.));
#2462 = LINE('',#2463,#2464);
#2463 = CARTESIAN_POINT('',(171.,-84.,0.));
#2464 = VECTOR('',#2465,1.);
#2465 = DIRECTION('',(1.,0.,0.));
#2466 = ORIENTED_EDGE('',*,*,#2467,.F.);
#2467 = EDGE_CURVE('',#2468,#2460,#2470,.T.);
#2468 = VERTEX_POINT('',#2469);
#2469 = CARTESIAN_POINT('',(168.5,-81.5,0.));
#2470 = CIRCLE('',#2471,2.499999839417);
#2471 = AXIS2_PLACEMENT_3D('',#2472,#2473,#2474);
#2472 = CARTESIAN_POINT('',(170.99999983941,-81.50000016058,0.));
#2473 = DIRECTION('',(0.,0.,1.));
#2474 = DIRECTION('',(-1.,6.423314133505E-08,0.));
#2475 = ORIENTED_EDGE('',*,*,#2476,.F.);
#2476 = EDGE_CURVE('',#2477,#2468,#2479,.T.);
#2477 = VERTEX_POINT('',#2478);
#2478 = CARTESIAN_POINT('',(168.500002,-77.,0.));
#2479 = LINE('',#2480,#2481);
#2480 = CARTESIAN_POINT('',(168.500002,-77.,0.));
#2481 = VECTOR('',#2482,1.);
#2482 = DIRECTION('',(-4.444444433223E-07,-1.,0.));
#2483 = ORIENTED_EDGE('',*,*,#2484,.F.);
#2484 = EDGE_CURVE('',#2409,#2477,#2485,.T.);
#2485 = LINE('',#2486,#2487);
#2486 = CARTESIAN_POINT('',(168.5,-72.5,0.));
#2487 = VECTOR('',#2488,1.);
#2488 = DIRECTION('',(4.444444433223E-07,-1.,0.));
#2489 = FACE_BOUND('',#2490,.F.);
#2490 = EDGE_LOOP('',(#2491));
#2491 = ORIENTED_EDGE('',*,*,#2492,.T.);
#2492 = EDGE_CURVE('',#2493,#2493,#2495,.T.);
#2493 = VERTEX_POINT('',#2494);
#2494 = CARTESIAN_POINT('',(160.,-67.,0.));
#2495 = CIRCLE('',#2496,1.5);
#2496 = AXIS2_PLACEMENT_3D('',#2497,#2498,#2499);
#2497 = CARTESIAN_POINT('',(160.,-65.5,0.));
#2498 = DIRECTION('',(-0.,0.,-1.));
#2499 = DIRECTION('',(-0.,-1.,0.));
#2500 = FACE_BOUND('',#2501,.F.);
#2501 = EDGE_LOOP('',(#2502));
#2502 = ORIENTED_EDGE('',*,*,#2503,.T.);
#2503 = EDGE_CURVE('',#2504,#2504,#2506,.T.);
#2504 = VERTEX_POINT('',#2505);
#2505 = CARTESIAN_POINT('',(164.,-67.,0.));
#2506 = CIRCLE('',#2507,1.5);
#2507 = AXIS2_PLACEMENT_3D('',#2508,#2509,#2510);
#2508 = CARTESIAN_POINT('',(164.,-65.5,0.));
#2509 = DIRECTION('',(-0.,0.,-1.));
#2510 = DIRECTION('',(-0.,-1.,0.));
#2511 = FACE_BOUND('',#2512,.F.);
#2512 = EDGE_LOOP('',(#2513));
#2513 = ORIENTED_EDGE('',*,*,#2514,.T.);
#2514 = EDGE_CURVE('',#2515,#2515,#2517,.T.);
#2515 = VERTEX_POINT('',#2516);
#2516 = CARTESIAN_POINT('',(165.999999,-51.999999,0.));
#2517 = CIRCLE('',#2518,0.5);
#2518 = AXIS2_PLACEMENT_3D('',#2519,#2520,#2521);
#2519 = CARTESIAN_POINT('',(165.999999,-51.499999,0.));
#2520 = DIRECTION('',(-0.,0.,-1.));
#2521 = DIRECTION('',(-0.,-1.,0.));
#2522 = FACE_BOUND('',#2523,.F.);
#2523 = EDGE_LOOP('',(#2524));
#2524 = ORIENTED_EDGE('',*,*,#2525,.T.);
#2525 = EDGE_CURVE('',#2526,#2526,#2528,.T.);
#2526 = VERTEX_POINT('',#2527);
#2527 = CARTESIAN_POINT('',(192.,-67.,0.));
#2528 = CIRCLE('',#2529,1.5);
#2529 = AXIS2_PLACEMENT_3D('',#2530,#2531,#2532);
#2530 = CARTESIAN_POINT('',(192.,-65.5,0.));
#2531 = DIRECTION('',(-0.,0.,-1.));
#2532 = DIRECTION('',(-0.,-1.,0.));
#2533 = FACE_BOUND('',#2534,.F.);
#2534 = EDGE_LOOP('',(#2535));
#2535 = ORIENTED_EDGE('',*,*,#2536,.T.);
#2536 = EDGE_CURVE('',#2537,#2537,#2539,.T.);
#2537 = VERTEX_POINT('',#2538);
#2538 = CARTESIAN_POINT('',(196.,-67.,0.));
#2539 = CIRCLE('',#2540,1.5);
#2540 = AXIS2_PLACEMENT_3D('',#2541,#2542,#2543);
#2541 = CARTESIAN_POINT('',(196.,-65.5,0.));
#2542 = DIRECTION('',(-0.,0.,-1.));
#2543 = DIRECTION('',(-0.,-1.,0.));
#2544 = FACE_BOUND('',#2545,.F.);
#2545 = EDGE_LOOP('',(#2546));
#2546 = ORIENTED_EDGE('',*,*,#2547,.T.);
#2547 = EDGE_CURVE('',#2548,#2548,#2550,.T.);
#2548 = VERTEX_POINT('',#2549);
#2549 = CARTESIAN_POINT('',(190.,-52.,0.));
#2550 = CIRCLE('',#2551,0.5);
#2551 = AXIS2_PLACEMENT_3D('',#2552,#2553,#2554);
#2552 = CARTESIAN_POINT('',(190.,-51.5,0.));
#2553 = DIRECTION('',(-0.,0.,-1.));
#2554 = DIRECTION('',(-0.,-1.,0.));
#2555 = FACE_BOUND('',#2556,.F.);
#2556 = EDGE_LOOP('',(#2557));
#2557 = ORIENTED_EDGE('',*,*,#2558,.T.);
#2558 = EDGE_CURVE('',#2559,#2559,#2561,.T.);
#2559 = VERTEX_POINT('',#2560);
#2560 = CARTESIAN_POINT('',(196.5,-52.,0.));
#2561 = CIRCLE('',#2562,0.5);
#2562 = AXIS2_PLACEMENT_3D('',#2563,#2564,#2565);
#2563 = CARTESIAN_POINT('',(196.5,-51.5,0.));
#2564 = DIRECTION('',(-0.,0.,-1.));
#2565 = DIRECTION('',(-0.,-1.,0.));
#2566 = PLANE('',#2567);
#2567 = AXIS2_PLACEMENT_3D('',#2568,#2569,#2570);
#2568 = CARTESIAN_POINT('',(0.,0.,0.));
#2569 = DIRECTION('',(0.,0.,1.));
#2570 = DIRECTION('',(1.,0.,-0.));
#2571 = ADVANCED_FACE('',(#2572,#3098,#3109,#3120,#3131,#3142,#3153,
    #3164,#3175,#3261,#3272,#3283,#3294,#3305,#3316,#3327,#3338,#3424,
    #3435,#3446,#3532,#3543,#3554,#3565,#3576,#3587,#3598,#3609,#3620,
    #3631,#3642,#3653,#3664,#3675,#3761,#3772,#3783,#3794,#3805,#3816,
    #3827),#3838,.T.);
#2572 = FACE_BOUND('',#2573,.T.);
#2573 = EDGE_LOOP('',(#2574,#2575,#2576,#2585,#2593,#2602,#2610,#2619,
    #2627,#2636,#2645,#2653,#2662,#2670,#2679,#2687,#2696,#2705,#2713,
    #2722,#2730,#2739,#2747,#2755,#2764,#2772,#2781,#2789,#2797,#2805,
    #2813,#2821,#2830,#2838,#2847,#2855,#2863,#2872,#2880,#2889,#2897,
    #2905,#2914,#2923,#2931,#2940,#2948,#2957,#2965,#2974,#2983,#2991,
    #2999,#3008,#3016,#3025,#3033,#3041,#3050,#3058,#3067,#3075,#3083,
    #3091,#3097));
#2574 = ORIENTED_EDGE('',*,*,#1209,.F.);
#2575 = ORIENTED_EDGE('',*,*,#1251,.F.);
#2576 = ORIENTED_EDGE('',*,*,#2577,.F.);
#2577 = EDGE_CURVE('',#2578,#1244,#2580,.T.);
#2578 = VERTEX_POINT('',#2579);
#2579 = CARTESIAN_POINT('',(187.5,-51.5,1.16E-02));
#2580 = CIRCLE('',#2581,2.499999839417);
#2581 = AXIS2_PLACEMENT_3D('',#2582,#2583,#2584);
#2582 = CARTESIAN_POINT('',(189.99999983941,-51.49999983941,1.16E-02));
#2583 = DIRECTION('',(0.,0.,-1.));
#2584 = DIRECTION('',(-1.,-6.423313565071E-08,-0.));
#2585 = ORIENTED_EDGE('',*,*,#2586,.F.);
#2586 = EDGE_CURVE('',#2587,#2578,#2589,.T.);
#2587 = VERTEX_POINT('',#2588);
#2588 = CARTESIAN_POINT('',(187.5,-58.5,1.16E-02));
#2589 = LINE('',#2590,#2591);
#2590 = CARTESIAN_POINT('',(187.5,-58.5,1.16E-02));
#2591 = VECTOR('',#2592,1.);
#2592 = DIRECTION('',(0.,1.,0.));
#2593 = ORIENTED_EDGE('',*,*,#2594,.F.);
#2594 = EDGE_CURVE('',#2595,#2587,#2597,.T.);
#2595 = VERTEX_POINT('',#2596);
#2596 = CARTESIAN_POINT('',(185.,-61.,1.16E-02));
#2597 = CIRCLE('',#2598,2.499999839417);
#2598 = AXIS2_PLACEMENT_3D('',#2599,#2600,#2601);
#2599 = CARTESIAN_POINT('',(185.00000016058,-58.50000016058,1.16E-02));
#2600 = DIRECTION('',(0.,0.,1.));
#2601 = DIRECTION('',(-6.423313565071E-08,-1.,0.));
#2602 = ORIENTED_EDGE('',*,*,#2603,.F.);
#2603 = EDGE_CURVE('',#2604,#2595,#2606,.T.);
#2604 = VERTEX_POINT('',#2605);
#2605 = CARTESIAN_POINT('',(171.,-60.999999,1.16E-02));
#2606 = LINE('',#2607,#2608);
#2607 = CARTESIAN_POINT('',(171.,-60.999999,1.16E-02));
#2608 = VECTOR('',#2609,1.);
#2609 = DIRECTION('',(1.,-7.142857124823E-08,0.));
#2610 = ORIENTED_EDGE('',*,*,#2611,.F.);
#2611 = EDGE_CURVE('',#2612,#2604,#2614,.T.);
#2612 = VERTEX_POINT('',#2613);
#2613 = CARTESIAN_POINT('',(168.5,-58.499999,1.16E-02));
#2614 = CIRCLE('',#2615,2.499999839417);
#2615 = AXIS2_PLACEMENT_3D('',#2616,#2617,#2618);
#2616 = CARTESIAN_POINT('',(170.99999983941,-58.49999916058,1.16E-02));
#2617 = DIRECTION('',(0.,0.,1.));
#2618 = DIRECTION('',(-1.,6.423313565071E-08,0.));
#2619 = ORIENTED_EDGE('',*,*,#2620,.F.);
#2620 = EDGE_CURVE('',#2621,#2612,#2623,.T.);
#2621 = VERTEX_POINT('',#2622);
#2622 = CARTESIAN_POINT('',(168.5,-51.499999,1.16E-02));
#2623 = LINE('',#2624,#2625);
#2624 = CARTESIAN_POINT('',(168.5,-51.499999,1.16E-02));
#2625 = VECTOR('',#2626,1.);
#2626 = DIRECTION('',(0.,-1.,0.));
#2627 = ORIENTED_EDGE('',*,*,#2628,.F.);
#2628 = EDGE_CURVE('',#2629,#2621,#2631,.T.);
#2629 = VERTEX_POINT('',#2630);
#2630 = CARTESIAN_POINT('',(166.,-49.,1.16E-02));
#2631 = CIRCLE('',#2632,2.499999839416);
#2632 = AXIS2_PLACEMENT_3D('',#2633,#2634,#2635);
#2633 = CARTESIAN_POINT('',(166.00000016058,-51.49999983941,1.16E-02));
#2634 = DIRECTION('',(0.,0.,-1.));
#2635 = DIRECTION('',(-6.423348807995E-08,1.,0.));
#2636 = ORIENTED_EDGE('',*,*,#2637,.F.);
#2637 = EDGE_CURVE('',#2638,#2629,#2640,.T.);
#2638 = VERTEX_POINT('',#2639);
#2639 = CARTESIAN_POINT('',(163.5,-51.5,1.16E-02));
#2640 = CIRCLE('',#2641,2.499999839417);
#2641 = AXIS2_PLACEMENT_3D('',#2642,#2643,#2644);
#2642 = CARTESIAN_POINT('',(165.99999983941,-51.49999983941,1.16E-02));
#2643 = DIRECTION('',(0.,0.,-1.));
#2644 = DIRECTION('',(-1.,-6.423313565071E-08,-0.));
#2645 = ORIENTED_EDGE('',*,*,#2646,.F.);
#2646 = EDGE_CURVE('',#2647,#2638,#2649,.T.);
#2647 = VERTEX_POINT('',#2648);
#2648 = CARTESIAN_POINT('',(163.5,-58.5,1.16E-02));
#2649 = LINE('',#2650,#2651);
#2650 = CARTESIAN_POINT('',(163.5,-58.5,1.16E-02));
#2651 = VECTOR('',#2652,1.);
#2652 = DIRECTION('',(0.,1.,0.));
#2653 = ORIENTED_EDGE('',*,*,#2654,.F.);
#2654 = EDGE_CURVE('',#2655,#2647,#2657,.T.);
#2655 = VERTEX_POINT('',#2656);
#2656 = CARTESIAN_POINT('',(161.,-61.,1.16E-02));
#2657 = CIRCLE('',#2658,2.499999839417);
#2658 = AXIS2_PLACEMENT_3D('',#2659,#2660,#2661);
#2659 = CARTESIAN_POINT('',(161.00000016058,-58.50000016058,1.16E-02));
#2660 = DIRECTION('',(0.,0.,1.));
#2661 = DIRECTION('',(-6.423313565071E-08,-1.,0.));
#2662 = ORIENTED_EDGE('',*,*,#2663,.F.);
#2663 = EDGE_CURVE('',#2664,#2655,#2666,.T.);
#2664 = VERTEX_POINT('',#2665);
#2665 = CARTESIAN_POINT('',(153.,-61.,1.16E-02));
#2666 = LINE('',#2667,#2668);
#2667 = CARTESIAN_POINT('',(153.,-61.,1.16E-02));
#2668 = VECTOR('',#2669,1.);
#2669 = DIRECTION('',(1.,0.,0.));
#2670 = ORIENTED_EDGE('',*,*,#2671,.F.);
#2671 = EDGE_CURVE('',#2672,#2664,#2674,.T.);
#2672 = VERTEX_POINT('',#2673);
#2673 = CARTESIAN_POINT('',(150.5,-58.5,1.16E-02));
#2674 = CIRCLE('',#2675,2.499999839417);
#2675 = AXIS2_PLACEMENT_3D('',#2676,#2677,#2678);
#2676 = CARTESIAN_POINT('',(152.99999983941,-58.50000016058,1.16E-02));
#2677 = DIRECTION('',(0.,0.,1.));
#2678 = DIRECTION('',(-1.,6.423313565071E-08,0.));
#2679 = ORIENTED_EDGE('',*,*,#2680,.F.);
#2680 = EDGE_CURVE('',#2681,#2672,#2683,.T.);
#2681 = VERTEX_POINT('',#2682);
#2682 = CARTESIAN_POINT('',(150.5,-51.5,1.16E-02));
#2683 = LINE('',#2684,#2685);
#2684 = CARTESIAN_POINT('',(150.5,-51.5,1.16E-02));
#2685 = VECTOR('',#2686,1.);
#2686 = DIRECTION('',(0.,-1.,0.));
#2687 = ORIENTED_EDGE('',*,*,#2688,.F.);
#2688 = EDGE_CURVE('',#2689,#2681,#2691,.T.);
#2689 = VERTEX_POINT('',#2690);
#2690 = CARTESIAN_POINT('',(148.,-49.,1.16E-02));
#2691 = CIRCLE('',#2692,2.499999839417);
#2692 = AXIS2_PLACEMENT_3D('',#2693,#2694,#2695);
#2693 = CARTESIAN_POINT('',(148.00000016058,-51.49999983941,1.16E-02));
#2694 = DIRECTION('',(0.,0.,-1.));
#2695 = DIRECTION('',(-6.423313565071E-08,1.,0.));
#2696 = ORIENTED_EDGE('',*,*,#2697,.F.);
#2697 = EDGE_CURVE('',#2698,#2689,#2700,.T.);
#2698 = VERTEX_POINT('',#2699);
#2699 = CARTESIAN_POINT('',(145.5,-51.5,1.16E-02));
#2700 = CIRCLE('',#2701,2.499999839417);
#2701 = AXIS2_PLACEMENT_3D('',#2702,#2703,#2704);
#2702 = CARTESIAN_POINT('',(147.99999983941,-51.49999983941,1.16E-02));
#2703 = DIRECTION('',(0.,0.,-1.));
#2704 = DIRECTION('',(-1.,-6.423313565071E-08,-0.));
#2705 = ORIENTED_EDGE('',*,*,#2706,.F.);
#2706 = EDGE_CURVE('',#2707,#2698,#2709,.T.);
#2707 = VERTEX_POINT('',#2708);
#2708 = CARTESIAN_POINT('',(145.5,-58.5,1.16E-02));
#2709 = LINE('',#2710,#2711);
#2710 = CARTESIAN_POINT('',(145.5,-58.5,1.16E-02));
#2711 = VECTOR('',#2712,1.);
#2712 = DIRECTION('',(0.,1.,0.));
#2713 = ORIENTED_EDGE('',*,*,#2714,.F.);
#2714 = EDGE_CURVE('',#2715,#2707,#2717,.T.);
#2715 = VERTEX_POINT('',#2716);
#2716 = CARTESIAN_POINT('',(143.,-61.,1.16E-02));
#2717 = CIRCLE('',#2718,2.499999839417);
#2718 = AXIS2_PLACEMENT_3D('',#2719,#2720,#2721);
#2719 = CARTESIAN_POINT('',(143.00000016058,-58.50000016058,1.16E-02));
#2720 = DIRECTION('',(0.,0.,1.));
#2721 = DIRECTION('',(-6.423313565071E-08,-1.,0.));
#2722 = ORIENTED_EDGE('',*,*,#2723,.F.);
#2723 = EDGE_CURVE('',#2724,#2715,#2726,.T.);
#2724 = VERTEX_POINT('',#2725);
#2725 = CARTESIAN_POINT('',(128.999999,-61.,1.16E-02));
#2726 = LINE('',#2727,#2728);
#2727 = CARTESIAN_POINT('',(128.999999,-61.,1.16E-02));
#2728 = VECTOR('',#2729,1.);
#2729 = DIRECTION('',(1.,0.,0.));
#2730 = ORIENTED_EDGE('',*,*,#2731,.F.);
#2731 = EDGE_CURVE('',#2732,#2724,#2734,.T.);
#2732 = VERTEX_POINT('',#2733);
#2733 = CARTESIAN_POINT('',(126.499998,-58.5,1.16E-02));
#2734 = CIRCLE('',#2735,2.500001546525);
#2735 = AXIS2_PLACEMENT_3D('',#2736,#2737,#2738);
#2736 = CARTESIAN_POINT('',(128.99999954652,-58.49999845347,1.16E-02));
#2737 = DIRECTION('',(0.,0.,1.));
#2738 = DIRECTION('',(-1.,-6.186094292309E-07,0.));
#2739 = ORIENTED_EDGE('',*,*,#2740,.F.);
#2740 = EDGE_CURVE('',#2741,#2732,#2743,.T.);
#2741 = VERTEX_POINT('',#2742);
#2742 = CARTESIAN_POINT('',(126.499999,-54.000001,1.16E-02));
#2743 = LINE('',#2744,#2745);
#2744 = CARTESIAN_POINT('',(126.499999,-54.000001,1.16E-02));
#2745 = VECTOR('',#2746,1.);
#2746 = DIRECTION('',(-2.222222710439E-07,-1.,0.));
#2747 = ORIENTED_EDGE('',*,*,#2748,.F.);
#2748 = EDGE_CURVE('',#2749,#2741,#2751,.T.);
#2749 = VERTEX_POINT('',#2750);
#2750 = CARTESIAN_POINT('',(126.499999,-51.500001,1.16E-02));
#2751 = LINE('',#2752,#2753);
#2752 = CARTESIAN_POINT('',(126.499999,-51.500001,1.16E-02));
#2753 = VECTOR('',#2754,1.);
#2754 = DIRECTION('',(0.,-1.,0.));
#2755 = ORIENTED_EDGE('',*,*,#2756,.F.);
#2756 = EDGE_CURVE('',#2757,#2749,#2759,.T.);
#2757 = VERTEX_POINT('',#2758);
#2758 = CARTESIAN_POINT('',(123.999999,-49.000001,1.16E-02));
#2759 = CIRCLE('',#2760,2.499996425212);
#2760 = AXIS2_PLACEMENT_3D('',#2761,#2762,#2763);
#2761 = CARTESIAN_POINT('',(124.00000257479,-51.49999742521,1.16E-02));
#2762 = DIRECTION('',(0.,0.,-1.));
#2763 = DIRECTION('',(-1.429918141302E-06,0.999999999999,0.));
#2764 = ORIENTED_EDGE('',*,*,#2765,.F.);
#2765 = EDGE_CURVE('',#2766,#2757,#2768,.T.);
#2766 = VERTEX_POINT('',#2767);
#2767 = CARTESIAN_POINT('',(117.499999,-49.000001,1.16E-02));
#2768 = LINE('',#2769,#2770);
#2769 = CARTESIAN_POINT('',(117.499999,-49.000001,1.16E-02));
#2770 = VECTOR('',#2771,1.);
#2771 = DIRECTION('',(1.,0.,0.));
#2772 = ORIENTED_EDGE('',*,*,#2773,.F.);
#2773 = EDGE_CURVE('',#2774,#2766,#2776,.T.);
#2774 = VERTEX_POINT('',#2775);
#2775 = CARTESIAN_POINT('',(115.,-51.5,1.16E-02));
#2776 = CIRCLE('',#2777,2.499998132311);
#2777 = AXIS2_PLACEMENT_3D('',#2778,#2779,#2780);
#2778 = CARTESIAN_POINT('',(117.49999813231,-51.49999913231,1.16E-02));
#2779 = DIRECTION('',(0.,0.,-1.));
#2780 = DIRECTION('',(-1.,-3.470760680963E-07,-0.));
#2781 = ORIENTED_EDGE('',*,*,#2782,.F.);
#2782 = EDGE_CURVE('',#2783,#2774,#2785,.T.);
#2783 = VERTEX_POINT('',#2784);
#2784 = CARTESIAN_POINT('',(115.,-54.,1.16E-02));
#2785 = LINE('',#2786,#2787);
#2786 = CARTESIAN_POINT('',(115.,-54.,1.16E-02));
#2787 = VECTOR('',#2788,1.);
#2788 = DIRECTION('',(0.,1.,0.));
#2789 = ORIENTED_EDGE('',*,*,#2790,.F.);
#2790 = EDGE_CURVE('',#2791,#2783,#2793,.T.);
#2791 = VERTEX_POINT('',#2792);
#2792 = CARTESIAN_POINT('',(115.,-77.,1.16E-02));
#2793 = LINE('',#2794,#2795);
#2794 = CARTESIAN_POINT('',(115.,-77.,1.16E-02));
#2795 = VECTOR('',#2796,1.);
#2796 = DIRECTION('',(0.,1.,0.));
#2797 = ORIENTED_EDGE('',*,*,#2798,.F.);
#2798 = EDGE_CURVE('',#2799,#2791,#2801,.T.);
#2799 = VERTEX_POINT('',#2800);
#2800 = CARTESIAN_POINT('',(115.,-100.,1.16E-02));
#2801 = LINE('',#2802,#2803);
#2802 = CARTESIAN_POINT('',(115.,-100.,1.16E-02));
#2803 = VECTOR('',#2804,1.);
#2804 = DIRECTION('',(0.,1.,0.));
#2805 = ORIENTED_EDGE('',*,*,#2806,.F.);
#2806 = EDGE_CURVE('',#2807,#2799,#2809,.T.);
#2807 = VERTEX_POINT('',#2808);
#2808 = CARTESIAN_POINT('',(115.,-123.,1.16E-02));
#2809 = LINE('',#2810,#2811);
#2810 = CARTESIAN_POINT('',(115.,-123.,1.16E-02));
#2811 = VECTOR('',#2812,1.);
#2812 = DIRECTION('',(0.,1.,0.));
#2813 = ORIENTED_EDGE('',*,*,#2814,.F.);
#2814 = EDGE_CURVE('',#2815,#2807,#2817,.T.);
#2815 = VERTEX_POINT('',#2816);
#2816 = CARTESIAN_POINT('',(115.,-125.5,1.16E-02));
#2817 = LINE('',#2818,#2819);
#2818 = CARTESIAN_POINT('',(115.,-125.5,1.16E-02));
#2819 = VECTOR('',#2820,1.);
#2820 = DIRECTION('',(0.,1.,0.));
#2821 = ORIENTED_EDGE('',*,*,#2822,.F.);
#2822 = EDGE_CURVE('',#2823,#2815,#2825,.T.);
#2823 = VERTEX_POINT('',#2824);
#2824 = CARTESIAN_POINT('',(117.5,-128.,1.16E-02));
#2825 = CIRCLE('',#2826,2.499996425212);
#2826 = AXIS2_PLACEMENT_3D('',#2827,#2828,#2829);
#2827 = CARTESIAN_POINT('',(117.49999642521,-125.5000035747,1.16E-02));
#2828 = DIRECTION('',(0.,0.,-1.));
#2829 = DIRECTION('',(1.429918146986E-06,-0.999999999999,0.));
#2830 = ORIENTED_EDGE('',*,*,#2831,.F.);
#2831 = EDGE_CURVE('',#2832,#2823,#2834,.T.);
#2832 = VERTEX_POINT('',#2833);
#2833 = CARTESIAN_POINT('',(124.,-128.,1.16E-02));
#2834 = LINE('',#2835,#2836);
#2835 = CARTESIAN_POINT('',(124.,-128.,1.16E-02));
#2836 = VECTOR('',#2837,1.);
#2837 = DIRECTION('',(-1.,0.,0.));
#2838 = ORIENTED_EDGE('',*,*,#2839,.F.);
#2839 = EDGE_CURVE('',#2840,#2832,#2842,.T.);
#2840 = VERTEX_POINT('',#2841);
#2841 = CARTESIAN_POINT('',(126.499999,-125.500001,1.16E-02));
#2842 = CIRCLE('',#2843,2.499998132311);
#2843 = AXIS2_PLACEMENT_3D('',#2844,#2845,#2846);
#2844 = CARTESIAN_POINT('',(124.00000086769,-125.5000018676,1.16E-02));
#2845 = DIRECTION('',(0.,0.,-1.));
#2846 = DIRECTION('',(1.,3.470760737807E-07,0.));
#2847 = ORIENTED_EDGE('',*,*,#2848,.F.);
#2848 = EDGE_CURVE('',#2849,#2840,#2851,.T.);
#2849 = VERTEX_POINT('',#2850);
#2850 = CARTESIAN_POINT('',(126.499999,-123.000001,1.16E-02));
#2851 = LINE('',#2852,#2853);
#2852 = CARTESIAN_POINT('',(126.499999,-123.000001,1.16E-02));
#2853 = VECTOR('',#2854,1.);
#2854 = DIRECTION('',(0.,-1.,0.));
#2855 = ORIENTED_EDGE('',*,*,#2856,.F.);
#2856 = EDGE_CURVE('',#2857,#2849,#2859,.T.);
#2857 = VERTEX_POINT('',#2858);
#2858 = CARTESIAN_POINT('',(126.499999,-118.500001,1.16E-02));
#2859 = LINE('',#2860,#2861);
#2860 = CARTESIAN_POINT('',(126.499999,-118.500001,1.16E-02));
#2861 = VECTOR('',#2862,1.);
#2862 = DIRECTION('',(0.,-1.,0.));
#2863 = ORIENTED_EDGE('',*,*,#2864,.F.);
#2864 = EDGE_CURVE('',#2865,#2857,#2867,.T.);
#2865 = VERTEX_POINT('',#2866);
#2866 = CARTESIAN_POINT('',(128.999999,-116.000001,1.16E-02));
#2867 = CIRCLE('',#2868,2.499999839417);
#2868 = AXIS2_PLACEMENT_3D('',#2869,#2870,#2871);
#2869 = CARTESIAN_POINT('',(128.99999883941,-118.5000008394,1.16E-02));
#2870 = DIRECTION('',(0.,0.,1.));
#2871 = DIRECTION('',(6.423313565071E-08,1.,-0.));
#2872 = ORIENTED_EDGE('',*,*,#2873,.F.);
#2873 = EDGE_CURVE('',#2874,#2865,#2876,.T.);
#2874 = VERTEX_POINT('',#2875);
#2875 = CARTESIAN_POINT('',(143.,-116.,1.16E-02));
#2876 = LINE('',#2877,#2878);
#2877 = CARTESIAN_POINT('',(143.,-116.,1.16E-02));
#2878 = VECTOR('',#2879,1.);
#2879 = DIRECTION('',(-1.,-7.142856614619E-08,0.));
#2880 = ORIENTED_EDGE('',*,*,#2881,.F.);
#2881 = EDGE_CURVE('',#2882,#2874,#2884,.T.);
#2882 = VERTEX_POINT('',#2883);
#2883 = CARTESIAN_POINT('',(145.5,-118.5,1.16E-02));
#2884 = CIRCLE('',#2885,2.499996425212);
#2885 = AXIS2_PLACEMENT_3D('',#2886,#2887,#2888);
#2886 = CARTESIAN_POINT('',(143.00000357479,-118.4999964252,1.16E-02));
#2887 = DIRECTION('',(0.,0.,1.));
#2888 = DIRECTION('',(0.999999999999,-1.429918141302E-06,0.));
#2889 = ORIENTED_EDGE('',*,*,#2890,.F.);
#2890 = EDGE_CURVE('',#2891,#2882,#2893,.T.);
#2891 = VERTEX_POINT('',#2892);
#2892 = CARTESIAN_POINT('',(145.500001,-123.,1.16E-02));
#2893 = LINE('',#2894,#2895);
#2894 = CARTESIAN_POINT('',(145.500001,-123.,1.16E-02));
#2895 = VECTOR('',#2896,1.);
#2896 = DIRECTION('',(-2.222222216612E-07,1.,0.));
#2897 = ORIENTED_EDGE('',*,*,#2898,.F.);
#2898 = EDGE_CURVE('',#2899,#2891,#2901,.T.);
#2899 = VERTEX_POINT('',#2900);
#2900 = CARTESIAN_POINT('',(145.500001,-125.5,1.16E-02));
#2901 = LINE('',#2902,#2903);
#2902 = CARTESIAN_POINT('',(145.500001,-125.5,1.16E-02));
#2903 = VECTOR('',#2904,1.);
#2904 = DIRECTION('',(0.,1.,0.));
#2905 = ORIENTED_EDGE('',*,*,#2906,.F.);
#2906 = EDGE_CURVE('',#2907,#2899,#2909,.T.);
#2907 = VERTEX_POINT('',#2908);
#2908 = CARTESIAN_POINT('',(148.000001,-128.,1.16E-02));
#2909 = CIRCLE('',#2910,2.499999839417);
#2910 = AXIS2_PLACEMENT_3D('',#2911,#2912,#2913);
#2911 = CARTESIAN_POINT('',(148.00000083941,-125.5000001605,1.16E-02));
#2912 = DIRECTION('',(0.,0.,-1.));
#2913 = DIRECTION('',(6.42331470194E-08,-1.,0.));
#2914 = ORIENTED_EDGE('',*,*,#2915,.F.);
#2915 = EDGE_CURVE('',#2916,#2907,#2918,.T.);
#2916 = VERTEX_POINT('',#2917);
#2917 = CARTESIAN_POINT('',(150.500001,-125.5,1.16E-02));
#2918 = CIRCLE('',#2919,2.499999839417);
#2919 = AXIS2_PLACEMENT_3D('',#2920,#2921,#2922);
#2920 = CARTESIAN_POINT('',(148.00000116058,-125.5000001605,1.16E-02));
#2921 = DIRECTION('',(0.,0.,-1.));
#2922 = DIRECTION('',(1.,6.423314133505E-08,0.));
#2923 = ORIENTED_EDGE('',*,*,#2924,.F.);
#2924 = EDGE_CURVE('',#2925,#2916,#2927,.T.);
#2925 = VERTEX_POINT('',#2926);
#2926 = CARTESIAN_POINT('',(150.5,-118.5,1.16E-02));
#2927 = LINE('',#2928,#2929);
#2928 = CARTESIAN_POINT('',(150.5,-118.5,1.16E-02));
#2929 = VECTOR('',#2930,1.);
#2930 = DIRECTION('',(1.428571424965E-07,-1.,0.));
#2931 = ORIENTED_EDGE('',*,*,#2932,.F.);
#2932 = EDGE_CURVE('',#2933,#2925,#2935,.T.);
#2933 = VERTEX_POINT('',#2934);
#2934 = CARTESIAN_POINT('',(153.,-116.,1.16E-02));
#2935 = CIRCLE('',#2936,2.499999839417);
#2936 = AXIS2_PLACEMENT_3D('',#2937,#2938,#2939);
#2937 = CARTESIAN_POINT('',(152.99999983941,-118.4999998394,1.16E-02));
#2938 = DIRECTION('',(0.,0.,1.));
#2939 = DIRECTION('',(6.42331470194E-08,1.,-0.));
#2940 = ORIENTED_EDGE('',*,*,#2941,.F.);
#2941 = EDGE_CURVE('',#2942,#2933,#2944,.T.);
#2942 = VERTEX_POINT('',#2943);
#2943 = CARTESIAN_POINT('',(161.,-116.,1.16E-02));
#2944 = LINE('',#2945,#2946);
#2945 = CARTESIAN_POINT('',(161.,-116.,1.16E-02));
#2946 = VECTOR('',#2947,1.);
#2947 = DIRECTION('',(-1.,0.,0.));
#2948 = ORIENTED_EDGE('',*,*,#2949,.F.);
#2949 = EDGE_CURVE('',#2950,#2942,#2952,.T.);
#2950 = VERTEX_POINT('',#2951);
#2951 = CARTESIAN_POINT('',(163.5,-118.5,1.16E-02));
#2952 = CIRCLE('',#2953,2.499999839417);
#2953 = AXIS2_PLACEMENT_3D('',#2954,#2955,#2956);
#2954 = CARTESIAN_POINT('',(161.00000016058,-118.4999998394,1.16E-02));
#2955 = DIRECTION('',(0.,0.,1.));
#2956 = DIRECTION('',(1.,-6.423314133505E-08,0.));
#2957 = ORIENTED_EDGE('',*,*,#2958,.F.);
#2958 = EDGE_CURVE('',#2959,#2950,#2961,.T.);
#2959 = VERTEX_POINT('',#2960);
#2960 = CARTESIAN_POINT('',(163.5,-125.5,1.16E-02));
#2961 = LINE('',#2962,#2963);
#2962 = CARTESIAN_POINT('',(163.5,-125.5,1.16E-02));
#2963 = VECTOR('',#2964,1.);
#2964 = DIRECTION('',(0.,1.,0.));
#2965 = ORIENTED_EDGE('',*,*,#2966,.F.);
#2966 = EDGE_CURVE('',#2967,#2959,#2969,.T.);
#2967 = VERTEX_POINT('',#2968);
#2968 = CARTESIAN_POINT('',(166.,-128.,1.16E-02));
#2969 = CIRCLE('',#2970,2.499999839417);
#2970 = AXIS2_PLACEMENT_3D('',#2971,#2972,#2973);
#2971 = CARTESIAN_POINT('',(165.99999983941,-125.5000001605,1.16E-02));
#2972 = DIRECTION('',(0.,0.,-1.));
#2973 = DIRECTION('',(6.42331470194E-08,-1.,0.));
#2974 = ORIENTED_EDGE('',*,*,#2975,.F.);
#2975 = EDGE_CURVE('',#2976,#2967,#2978,.T.);
#2976 = VERTEX_POINT('',#2977);
#2977 = CARTESIAN_POINT('',(168.5,-125.5,1.16E-02));
#2978 = CIRCLE('',#2979,2.499999839417);
#2979 = AXIS2_PLACEMENT_3D('',#2980,#2981,#2982);
#2980 = CARTESIAN_POINT('',(166.00000016058,-125.5000001605,1.16E-02));
#2981 = DIRECTION('',(0.,0.,-1.));
#2982 = DIRECTION('',(1.,6.423314133505E-08,0.));
#2983 = ORIENTED_EDGE('',*,*,#2984,.F.);
#2984 = EDGE_CURVE('',#2985,#2976,#2987,.T.);
#2985 = VERTEX_POINT('',#2986);
#2986 = CARTESIAN_POINT('',(168.5,-123.,1.16E-02));
#2987 = LINE('',#2988,#2989);
#2988 = CARTESIAN_POINT('',(168.5,-123.,1.16E-02));
#2989 = VECTOR('',#2990,1.);
#2990 = DIRECTION('',(0.,-1.,0.));
#2991 = ORIENTED_EDGE('',*,*,#2992,.F.);
#2992 = EDGE_CURVE('',#2993,#2985,#2995,.T.);
#2993 = VERTEX_POINT('',#2994);
#2994 = CARTESIAN_POINT('',(168.5,-118.5,1.16E-02));
#2995 = LINE('',#2996,#2997);
#2996 = CARTESIAN_POINT('',(168.5,-118.5,1.16E-02));
#2997 = VECTOR('',#2998,1.);
#2998 = DIRECTION('',(0.,-1.,0.));
#2999 = ORIENTED_EDGE('',*,*,#3000,.F.);
#3000 = EDGE_CURVE('',#3001,#2993,#3003,.T.);
#3001 = VERTEX_POINT('',#3002);
#3002 = CARTESIAN_POINT('',(171.,-116.,1.16E-02));
#3003 = CIRCLE('',#3004,2.499999839417);
#3004 = AXIS2_PLACEMENT_3D('',#3005,#3006,#3007);
#3005 = CARTESIAN_POINT('',(170.99999983941,-118.4999998394,1.16E-02));
#3006 = DIRECTION('',(0.,0.,1.));
#3007 = DIRECTION('',(6.42331470194E-08,1.,-0.));
#3008 = ORIENTED_EDGE('',*,*,#3009,.F.);
#3009 = EDGE_CURVE('',#3010,#3001,#3012,.T.);
#3010 = VERTEX_POINT('',#3011);
#3011 = CARTESIAN_POINT('',(185.,-115.999999,1.16E-02));
#3012 = LINE('',#3013,#3014);
#3013 = CARTESIAN_POINT('',(185.,-115.999999,1.16E-02));
#3014 = VECTOR('',#3015,1.);
#3015 = DIRECTION('',(-1.,-7.142857124823E-08,0.));
#3016 = ORIENTED_EDGE('',*,*,#3017,.F.);
#3017 = EDGE_CURVE('',#3018,#3010,#3020,.T.);
#3018 = VERTEX_POINT('',#3019);
#3019 = CARTESIAN_POINT('',(187.500001,-118.499999,1.16E-02));
#3020 = CIRCLE('',#3021,2.499999839418);
#3021 = AXIS2_PLACEMENT_3D('',#3022,#3023,#3024);
#3022 = CARTESIAN_POINT('',(185.00000116058,-118.4999988394,1.16E-02));
#3023 = DIRECTION('',(0.,0.,1.));
#3024 = DIRECTION('',(1.,-6.423306743859E-08,0.));
#3025 = ORIENTED_EDGE('',*,*,#3026,.F.);
#3026 = EDGE_CURVE('',#3027,#3018,#3029,.T.);
#3027 = VERTEX_POINT('',#3028);
#3028 = CARTESIAN_POINT('',(187.500001,-122.999999,1.16E-02));
#3029 = LINE('',#3030,#3031);
#3030 = CARTESIAN_POINT('',(187.500001,-122.999999,1.16E-02));
#3031 = VECTOR('',#3032,1.);
#3032 = DIRECTION('',(0.,1.,0.));
#3033 = ORIENTED_EDGE('',*,*,#3034,.F.);
#3034 = EDGE_CURVE('',#3035,#3027,#3037,.T.);
#3035 = VERTEX_POINT('',#3036);
#3036 = CARTESIAN_POINT('',(187.500001,-125.499999,1.16E-02));
#3037 = LINE('',#3038,#3039);
#3038 = CARTESIAN_POINT('',(187.500001,-125.499999,1.16E-02));
#3039 = VECTOR('',#3040,1.);
#3040 = DIRECTION('',(0.,1.,0.));
#3041 = ORIENTED_EDGE('',*,*,#3042,.F.);
#3042 = EDGE_CURVE('',#3043,#3035,#3045,.T.);
#3043 = VERTEX_POINT('',#3044);
#3044 = CARTESIAN_POINT('',(190.000001,-127.999999,1.16E-02));
#3045 = CIRCLE('',#3046,2.499996425212);
#3046 = AXIS2_PLACEMENT_3D('',#3047,#3048,#3049);
#3047 = CARTESIAN_POINT('',(189.99999742521,-125.5000025747,1.16E-02));
#3048 = DIRECTION('',(0.,0.,-1.));
#3049 = DIRECTION('',(1.429918141302E-06,-0.999999999999,0.));
#3050 = ORIENTED_EDGE('',*,*,#3051,.F.);
#3051 = EDGE_CURVE('',#3052,#3043,#3054,.T.);
#3052 = VERTEX_POINT('',#3053);
#3053 = CARTESIAN_POINT('',(196.500001,-127.999999,1.16E-02));
#3054 = LINE('',#3055,#3056);
#3055 = CARTESIAN_POINT('',(196.500001,-127.999999,1.16E-02));
#3056 = VECTOR('',#3057,1.);
#3057 = DIRECTION('',(-1.,0.,0.));
#3058 = ORIENTED_EDGE('',*,*,#3059,.F.);
#3059 = EDGE_CURVE('',#3060,#3052,#3062,.T.);
#3060 = VERTEX_POINT('',#3061);
#3061 = CARTESIAN_POINT('',(199.,-125.5,1.16E-02));
#3062 = CIRCLE('',#3063,2.499998132311);
#3063 = AXIS2_PLACEMENT_3D('',#3064,#3065,#3066);
#3064 = CARTESIAN_POINT('',(196.50000186768,-125.5000008676,1.16E-02));
#3065 = DIRECTION('',(0.,0.,-1.));
#3066 = DIRECTION('',(1.,3.470760567276E-07,0.));
#3067 = ORIENTED_EDGE('',*,*,#3068,.F.);
#3068 = EDGE_CURVE('',#3069,#3060,#3071,.T.);
#3069 = VERTEX_POINT('',#3070);
#3070 = CARTESIAN_POINT('',(199.,-123.,1.16E-02));
#3071 = LINE('',#3072,#3073);
#3072 = CARTESIAN_POINT('',(199.,-123.,1.16E-02));
#3073 = VECTOR('',#3074,1.);
#3074 = DIRECTION('',(0.,-1.,0.));
#3075 = ORIENTED_EDGE('',*,*,#3076,.F.);
#3076 = EDGE_CURVE('',#3077,#3069,#3079,.T.);
#3077 = VERTEX_POINT('',#3078);
#3078 = CARTESIAN_POINT('',(199.,-100.,1.16E-02));
#3079 = LINE('',#3080,#3081);
#3080 = CARTESIAN_POINT('',(199.,-100.,1.16E-02));
#3081 = VECTOR('',#3082,1.);
#3082 = DIRECTION('',(0.,-1.,0.));
#3083 = ORIENTED_EDGE('',*,*,#3084,.F.);
#3084 = EDGE_CURVE('',#3085,#3077,#3087,.T.);
#3085 = VERTEX_POINT('',#3086);
#3086 = CARTESIAN_POINT('',(199.,-77.,1.16E-02));
#3087 = LINE('',#3088,#3089);
#3088 = CARTESIAN_POINT('',(199.,-77.,1.16E-02));
#3089 = VECTOR('',#3090,1.);
#3090 = DIRECTION('',(0.,-1.,0.));
#3091 = ORIENTED_EDGE('',*,*,#3092,.F.);
#3092 = EDGE_CURVE('',#1274,#3085,#3093,.T.);
#3093 = LINE('',#3094,#3095);
#3094 = CARTESIAN_POINT('',(199.,-54.,1.16E-02));
#3095 = VECTOR('',#3096,1.);
#3096 = DIRECTION('',(0.,-1.,0.));
#3097 = ORIENTED_EDGE('',*,*,#1273,.F.);
#3098 = FACE_BOUND('',#3099,.T.);
#3099 = EDGE_LOOP('',(#3100));
#3100 = ORIENTED_EDGE('',*,*,#3101,.T.);
#3101 = EDGE_CURVE('',#3102,#3102,#3104,.T.);
#3102 = VERTEX_POINT('',#3103);
#3103 = CARTESIAN_POINT('',(117.499996,-126.000004,1.16E-02));
#3104 = CIRCLE('',#3105,0.5);
#3105 = AXIS2_PLACEMENT_3D('',#3106,#3107,#3108);
#3106 = CARTESIAN_POINT('',(117.499996,-125.500004,1.16E-02));
#3107 = DIRECTION('',(-0.,0.,-1.));
#3108 = DIRECTION('',(-0.,-1.,0.));
#3109 = FACE_BOUND('',#3110,.T.);
#3110 = EDGE_LOOP('',(#3111));
#3111 = ORIENTED_EDGE('',*,*,#3112,.T.);
#3112 = EDGE_CURVE('',#3113,#3113,#3115,.T.);
#3113 = VERTEX_POINT('',#3114);
#3114 = CARTESIAN_POINT('',(124.000001,-126.000002,1.16E-02));
#3115 = CIRCLE('',#3116,0.5);
#3116 = AXIS2_PLACEMENT_3D('',#3117,#3118,#3119);
#3117 = CARTESIAN_POINT('',(124.000001,-125.500002,1.16E-02));
#3118 = DIRECTION('',(-0.,0.,-1.));
#3119 = DIRECTION('',(-0.,-1.,0.));
#3120 = FACE_BOUND('',#3121,.T.);
#3121 = EDGE_LOOP('',(#3122));
#3122 = ORIENTED_EDGE('',*,*,#3123,.T.);
#3123 = EDGE_CURVE('',#3124,#3124,#3126,.T.);
#3124 = VERTEX_POINT('',#3125);
#3125 = CARTESIAN_POINT('',(118.,-113.,1.16E-02));
#3126 = CIRCLE('',#3127,1.5);
#3127 = AXIS2_PLACEMENT_3D('',#3128,#3129,#3130);
#3128 = CARTESIAN_POINT('',(118.,-111.5,1.16E-02));
#3129 = DIRECTION('',(-0.,0.,-1.));
#3130 = DIRECTION('',(-0.,-1.,0.));
#3131 = FACE_BOUND('',#3132,.T.);
#3132 = EDGE_LOOP('',(#3133));
#3133 = ORIENTED_EDGE('',*,*,#3134,.T.);
#3134 = EDGE_CURVE('',#3135,#3135,#3137,.T.);
#3135 = VERTEX_POINT('',#3136);
#3136 = CARTESIAN_POINT('',(122.,-113.,1.16E-02));
#3137 = CIRCLE('',#3138,1.5);
#3138 = AXIS2_PLACEMENT_3D('',#3139,#3140,#3141);
#3139 = CARTESIAN_POINT('',(122.,-111.5,1.16E-02));
#3140 = DIRECTION('',(-0.,0.,-1.));
#3141 = DIRECTION('',(-0.,-1.,0.));
#3142 = FACE_BOUND('',#3143,.T.);
#3143 = EDGE_LOOP('',(#3144));
#3144 = ORIENTED_EDGE('',*,*,#3145,.T.);
#3145 = EDGE_CURVE('',#3146,#3146,#3148,.T.);
#3146 = VERTEX_POINT('',#3147);
#3147 = CARTESIAN_POINT('',(148.000001,-126.,1.16E-02));
#3148 = CIRCLE('',#3149,0.5);
#3149 = AXIS2_PLACEMENT_3D('',#3150,#3151,#3152);
#3150 = CARTESIAN_POINT('',(148.000001,-125.5,1.16E-02));
#3151 = DIRECTION('',(-0.,0.,-1.));
#3152 = DIRECTION('',(-0.,-1.,0.));
#3153 = FACE_BOUND('',#3154,.T.);
#3154 = EDGE_LOOP('',(#3155));
#3155 = ORIENTED_EDGE('',*,*,#3156,.T.);
#3156 = EDGE_CURVE('',#3157,#3157,#3159,.T.);
#3157 = VERTEX_POINT('',#3158);
#3158 = CARTESIAN_POINT('',(150.,-113.,1.16E-02));
#3159 = CIRCLE('',#3160,1.5);
#3160 = AXIS2_PLACEMENT_3D('',#3161,#3162,#3163);
#3161 = CARTESIAN_POINT('',(150.,-111.5,1.16E-02));
#3162 = DIRECTION('',(-0.,0.,-1.));
#3163 = DIRECTION('',(-0.,-1.,0.));
#3164 = FACE_BOUND('',#3165,.T.);
#3165 = EDGE_LOOP('',(#3166));
#3166 = ORIENTED_EDGE('',*,*,#3167,.T.);
#3167 = EDGE_CURVE('',#3168,#3168,#3170,.T.);
#3168 = VERTEX_POINT('',#3169);
#3169 = CARTESIAN_POINT('',(154.,-113.,1.16E-02));
#3170 = CIRCLE('',#3171,1.5);
#3171 = AXIS2_PLACEMENT_3D('',#3172,#3173,#3174);
#3172 = CARTESIAN_POINT('',(154.,-111.5,1.16E-02));
#3173 = DIRECTION('',(-0.,0.,-1.));
#3174 = DIRECTION('',(-0.,-1.,0.));
#3175 = FACE_BOUND('',#3176,.T.);
#3176 = EDGE_LOOP('',(#3177,#3188,#3196,#3205,#3213,#3221,#3230,#3238,
    #3247,#3255));
#3177 = ORIENTED_EDGE('',*,*,#3178,.F.);
#3178 = EDGE_CURVE('',#3179,#3181,#3183,.T.);
#3179 = VERTEX_POINT('',#3180);
#3180 = CARTESIAN_POINT('',(129.,-93.,1.16E-02));
#3181 = VERTEX_POINT('',#3182);
#3182 = CARTESIAN_POINT('',(126.5,-95.5,1.16E-02));
#3183 = CIRCLE('',#3184,2.499999839417);
#3184 = AXIS2_PLACEMENT_3D('',#3185,#3186,#3187);
#3185 = CARTESIAN_POINT('',(128.99999983941,-95.49999983941,1.16E-02));
#3186 = DIRECTION('',(0.,0.,1.));
#3187 = DIRECTION('',(6.42331470194E-08,1.,-0.));
#3188 = ORIENTED_EDGE('',*,*,#3189,.F.);
#3189 = EDGE_CURVE('',#3190,#3179,#3192,.T.);
#3190 = VERTEX_POINT('',#3191);
#3191 = CARTESIAN_POINT('',(143.,-93.,1.16E-02));
#3192 = LINE('',#3193,#3194);
#3193 = CARTESIAN_POINT('',(143.,-93.,1.16E-02));
#3194 = VECTOR('',#3195,1.);
#3195 = DIRECTION('',(-1.,0.,0.));
#3196 = ORIENTED_EDGE('',*,*,#3197,.F.);
#3197 = EDGE_CURVE('',#3198,#3190,#3200,.T.);
#3198 = VERTEX_POINT('',#3199);
#3199 = CARTESIAN_POINT('',(145.5,-95.5,1.16E-02));
#3200 = CIRCLE('',#3201,2.499996425212);
#3201 = AXIS2_PLACEMENT_3D('',#3202,#3203,#3204);
#3202 = CARTESIAN_POINT('',(143.00000357479,-95.49999642521,1.16E-02));
#3203 = DIRECTION('',(0.,0.,1.));
#3204 = DIRECTION('',(0.999999999999,-1.429918141302E-06,0.));
#3205 = ORIENTED_EDGE('',*,*,#3206,.F.);
#3206 = EDGE_CURVE('',#3207,#3198,#3209,.T.);
#3207 = VERTEX_POINT('',#3208);
#3208 = CARTESIAN_POINT('',(145.500001,-100.,1.16E-02));
#3209 = LINE('',#3210,#3211);
#3210 = CARTESIAN_POINT('',(145.500001,-100.,1.16E-02));
#3211 = VECTOR('',#3212,1.);
#3212 = DIRECTION('',(-2.222222216612E-07,1.,0.));
#3213 = ORIENTED_EDGE('',*,*,#3214,.F.);
#3214 = EDGE_CURVE('',#3215,#3207,#3217,.T.);
#3215 = VERTEX_POINT('',#3216);
#3216 = CARTESIAN_POINT('',(145.500002,-104.5,1.16E-02));
#3217 = LINE('',#3218,#3219);
#3218 = CARTESIAN_POINT('',(145.500002,-104.5,1.16E-02));
#3219 = VECTOR('',#3220,1.);
#3220 = DIRECTION('',(-2.222222216612E-07,1.,0.));
#3221 = ORIENTED_EDGE('',*,*,#3222,.F.);
#3222 = EDGE_CURVE('',#3223,#3215,#3225,.T.);
#3223 = VERTEX_POINT('',#3224);
#3224 = CARTESIAN_POINT('',(143.000002,-107.,1.16E-02));
#3225 = CIRCLE('',#3226,2.499999839417);
#3226 = AXIS2_PLACEMENT_3D('',#3227,#3228,#3229);
#3227 = CARTESIAN_POINT('',(143.00000216058,-104.5000001605,1.16E-02));
#3228 = DIRECTION('',(0.,0.,1.));
#3229 = DIRECTION('',(-6.42331470194E-08,-1.,0.));
#3230 = ORIENTED_EDGE('',*,*,#3231,.F.);
#3231 = EDGE_CURVE('',#3232,#3223,#3234,.T.);
#3232 = VERTEX_POINT('',#3233);
#3233 = CARTESIAN_POINT('',(129.,-107.,1.16E-02));
#3234 = LINE('',#3235,#3236);
#3235 = CARTESIAN_POINT('',(129.,-107.,1.16E-02));
#3236 = VECTOR('',#3237,1.);
#3237 = DIRECTION('',(1.,0.,0.));
#3238 = ORIENTED_EDGE('',*,*,#3239,.F.);
#3239 = EDGE_CURVE('',#3240,#3232,#3242,.T.);
#3240 = VERTEX_POINT('',#3241);
#3241 = CARTESIAN_POINT('',(126.5,-104.5,1.16E-02));
#3242 = CIRCLE('',#3243,2.499999839417);
#3243 = AXIS2_PLACEMENT_3D('',#3244,#3245,#3246);
#3244 = CARTESIAN_POINT('',(128.99999983941,-104.5000001605,1.16E-02));
#3245 = DIRECTION('',(0.,0.,1.));
#3246 = DIRECTION('',(-1.,6.42331470194E-08,0.));
#3247 = ORIENTED_EDGE('',*,*,#3248,.F.);
#3248 = EDGE_CURVE('',#3249,#3240,#3251,.T.);
#3249 = VERTEX_POINT('',#3250);
#3250 = CARTESIAN_POINT('',(126.5,-100.,1.16E-02));
#3251 = LINE('',#3252,#3253);
#3252 = CARTESIAN_POINT('',(126.5,-100.,1.16E-02));
#3253 = VECTOR('',#3254,1.);
#3254 = DIRECTION('',(0.,-1.,0.));
#3255 = ORIENTED_EDGE('',*,*,#3256,.F.);
#3256 = EDGE_CURVE('',#3181,#3249,#3257,.T.);
#3257 = LINE('',#3258,#3259);
#3258 = CARTESIAN_POINT('',(126.5,-95.5,1.16E-02));
#3259 = VECTOR('',#3260,1.);
#3260 = DIRECTION('',(0.,-1.,0.));
#3261 = FACE_BOUND('',#3262,.T.);
#3262 = EDGE_LOOP('',(#3263));
#3263 = ORIENTED_EDGE('',*,*,#3264,.T.);
#3264 = EDGE_CURVE('',#3265,#3265,#3267,.T.);
#3265 = VERTEX_POINT('',#3266);
#3266 = CARTESIAN_POINT('',(166.,-126.,1.16E-02));
#3267 = CIRCLE('',#3268,0.5);
#3268 = AXIS2_PLACEMENT_3D('',#3269,#3270,#3271);
#3269 = CARTESIAN_POINT('',(166.,-125.5,1.16E-02));
#3270 = DIRECTION('',(-0.,0.,-1.));
#3271 = DIRECTION('',(-0.,-1.,0.));
#3272 = FACE_BOUND('',#3273,.T.);
#3273 = EDGE_LOOP('',(#3274));
#3274 = ORIENTED_EDGE('',*,*,#3275,.T.);
#3275 = EDGE_CURVE('',#3276,#3276,#3278,.T.);
#3276 = VERTEX_POINT('',#3277);
#3277 = CARTESIAN_POINT('',(160.,-113.,1.16E-02));
#3278 = CIRCLE('',#3279,1.5);
#3279 = AXIS2_PLACEMENT_3D('',#3280,#3281,#3282);
#3280 = CARTESIAN_POINT('',(160.,-111.5,1.16E-02));
#3281 = DIRECTION('',(-0.,0.,-1.));
#3282 = DIRECTION('',(-0.,-1.,0.));
#3283 = FACE_BOUND('',#3284,.T.);
#3284 = EDGE_LOOP('',(#3285));
#3285 = ORIENTED_EDGE('',*,*,#3286,.T.);
#3286 = EDGE_CURVE('',#3287,#3287,#3289,.T.);
#3287 = VERTEX_POINT('',#3288);
#3288 = CARTESIAN_POINT('',(164.,-113.,1.16E-02));
#3289 = CIRCLE('',#3290,1.5);
#3290 = AXIS2_PLACEMENT_3D('',#3291,#3292,#3293);
#3291 = CARTESIAN_POINT('',(164.,-111.5,1.16E-02));
#3292 = DIRECTION('',(-0.,0.,-1.));
#3293 = DIRECTION('',(-0.,-1.,0.));
#3294 = FACE_BOUND('',#3295,.T.);
#3295 = EDGE_LOOP('',(#3296));
#3296 = ORIENTED_EDGE('',*,*,#3297,.T.);
#3297 = EDGE_CURVE('',#3298,#3298,#3300,.T.);
#3298 = VERTEX_POINT('',#3299);
#3299 = CARTESIAN_POINT('',(189.999997,-126.000003,1.16E-02));
#3300 = CIRCLE('',#3301,0.5);
#3301 = AXIS2_PLACEMENT_3D('',#3302,#3303,#3304);
#3302 = CARTESIAN_POINT('',(189.999997,-125.500003,1.16E-02));
#3303 = DIRECTION('',(-0.,0.,-1.));
#3304 = DIRECTION('',(-0.,-1.,0.));
#3305 = FACE_BOUND('',#3306,.T.);
#3306 = EDGE_LOOP('',(#3307));
#3307 = ORIENTED_EDGE('',*,*,#3308,.T.);
#3308 = EDGE_CURVE('',#3309,#3309,#3311,.T.);
#3309 = VERTEX_POINT('',#3310);
#3310 = CARTESIAN_POINT('',(196.500002,-126.000001,1.16E-02));
#3311 = CIRCLE('',#3312,0.5);
#3312 = AXIS2_PLACEMENT_3D('',#3313,#3314,#3315);
#3313 = CARTESIAN_POINT('',(196.500002,-125.500001,1.16E-02));
#3314 = DIRECTION('',(-0.,0.,-1.));
#3315 = DIRECTION('',(-0.,-1.,0.));
#3316 = FACE_BOUND('',#3317,.T.);
#3317 = EDGE_LOOP('',(#3318));
#3318 = ORIENTED_EDGE('',*,*,#3319,.T.);
#3319 = EDGE_CURVE('',#3320,#3320,#3322,.T.);
#3320 = VERTEX_POINT('',#3321);
#3321 = CARTESIAN_POINT('',(192.,-113.,1.16E-02));
#3322 = CIRCLE('',#3323,1.5);
#3323 = AXIS2_PLACEMENT_3D('',#3324,#3325,#3326);
#3324 = CARTESIAN_POINT('',(192.,-111.5,1.16E-02));
#3325 = DIRECTION('',(-0.,0.,-1.));
#3326 = DIRECTION('',(-0.,-1.,0.));
#3327 = FACE_BOUND('',#3328,.T.);
#3328 = EDGE_LOOP('',(#3329));
#3329 = ORIENTED_EDGE('',*,*,#3330,.T.);
#3330 = EDGE_CURVE('',#3331,#3331,#3333,.T.);
#3331 = VERTEX_POINT('',#3332);
#3332 = CARTESIAN_POINT('',(196.,-113.,1.16E-02));
#3333 = CIRCLE('',#3334,1.5);
#3334 = AXIS2_PLACEMENT_3D('',#3335,#3336,#3337);
#3335 = CARTESIAN_POINT('',(196.,-111.5,1.16E-02));
#3336 = DIRECTION('',(-0.,0.,-1.));
#3337 = DIRECTION('',(-0.,-1.,0.));
#3338 = FACE_BOUND('',#3339,.T.);
#3339 = EDGE_LOOP('',(#3340,#3351,#3359,#3368,#3376,#3384,#3393,#3401,
    #3410,#3418));
#3340 = ORIENTED_EDGE('',*,*,#3341,.F.);
#3341 = EDGE_CURVE('',#3342,#3344,#3346,.T.);
#3342 = VERTEX_POINT('',#3343);
#3343 = CARTESIAN_POINT('',(171.,-93.,1.16E-02));
#3344 = VERTEX_POINT('',#3345);
#3345 = CARTESIAN_POINT('',(168.5,-95.5,1.16E-02));
#3346 = CIRCLE('',#3347,2.499999839417);
#3347 = AXIS2_PLACEMENT_3D('',#3348,#3349,#3350);
#3348 = CARTESIAN_POINT('',(170.99999983941,-95.49999983941,1.16E-02));
#3349 = DIRECTION('',(0.,0.,1.));
#3350 = DIRECTION('',(6.42331470194E-08,1.,-0.));
#3351 = ORIENTED_EDGE('',*,*,#3352,.F.);
#3352 = EDGE_CURVE('',#3353,#3342,#3355,.T.);
#3353 = VERTEX_POINT('',#3354);
#3354 = CARTESIAN_POINT('',(185.,-93.,1.16E-02));
#3355 = LINE('',#3356,#3357);
#3356 = CARTESIAN_POINT('',(185.,-93.,1.16E-02));
#3357 = VECTOR('',#3358,1.);
#3358 = DIRECTION('',(-1.,0.,0.));
#3359 = ORIENTED_EDGE('',*,*,#3360,.F.);
#3360 = EDGE_CURVE('',#3361,#3353,#3363,.T.);
#3361 = VERTEX_POINT('',#3362);
#3362 = CARTESIAN_POINT('',(187.5,-95.5,1.16E-02));
#3363 = CIRCLE('',#3364,2.499996425212);
#3364 = AXIS2_PLACEMENT_3D('',#3365,#3366,#3367);
#3365 = CARTESIAN_POINT('',(185.00000357479,-95.49999642521,1.16E-02));
#3366 = DIRECTION('',(0.,0.,1.));
#3367 = DIRECTION('',(0.999999999999,-1.429918141302E-06,0.));
#3368 = ORIENTED_EDGE('',*,*,#3369,.F.);
#3369 = EDGE_CURVE('',#3370,#3361,#3372,.T.);
#3370 = VERTEX_POINT('',#3371);
#3371 = CARTESIAN_POINT('',(187.500001,-100.,1.16E-02));
#3372 = LINE('',#3373,#3374);
#3373 = CARTESIAN_POINT('',(187.500001,-100.,1.16E-02));
#3374 = VECTOR('',#3375,1.);
#3375 = DIRECTION('',(-2.222222216612E-07,1.,0.));
#3376 = ORIENTED_EDGE('',*,*,#3377,.F.);
#3377 = EDGE_CURVE('',#3378,#3370,#3380,.T.);
#3378 = VERTEX_POINT('',#3379);
#3379 = CARTESIAN_POINT('',(187.500001,-104.5,1.16E-02));
#3380 = LINE('',#3381,#3382);
#3381 = CARTESIAN_POINT('',(187.500001,-104.5,1.16E-02));
#3382 = VECTOR('',#3383,1.);
#3383 = DIRECTION('',(0.,1.,0.));
#3384 = ORIENTED_EDGE('',*,*,#3385,.F.);
#3385 = EDGE_CURVE('',#3386,#3378,#3388,.T.);
#3386 = VERTEX_POINT('',#3387);
#3387 = CARTESIAN_POINT('',(185.,-107.,1.16E-02));
#3388 = CIRCLE('',#3389,2.500001546525);
#3389 = AXIS2_PLACEMENT_3D('',#3390,#3391,#3392);
#3390 = CARTESIAN_POINT('',(184.99999945347,-104.4999984534,1.16E-02));
#3391 = DIRECTION('',(0.,0.,1.));
#3392 = DIRECTION('',(2.186095128387E-07,-1.,0.));
#3393 = ORIENTED_EDGE('',*,*,#3394,.F.);
#3394 = EDGE_CURVE('',#3395,#3386,#3397,.T.);
#3395 = VERTEX_POINT('',#3396);
#3396 = CARTESIAN_POINT('',(171.,-107.,1.16E-02));
#3397 = LINE('',#3398,#3399);
#3398 = CARTESIAN_POINT('',(171.,-107.,1.16E-02));
#3399 = VECTOR('',#3400,1.);
#3400 = DIRECTION('',(1.,0.,0.));
#3401 = ORIENTED_EDGE('',*,*,#3402,.F.);
#3402 = EDGE_CURVE('',#3403,#3395,#3405,.T.);
#3403 = VERTEX_POINT('',#3404);
#3404 = CARTESIAN_POINT('',(168.5,-104.5,1.16E-02));
#3405 = CIRCLE('',#3406,2.499999839417);
#3406 = AXIS2_PLACEMENT_3D('',#3407,#3408,#3409);
#3407 = CARTESIAN_POINT('',(170.99999983941,-104.5000001605,1.16E-02));
#3408 = DIRECTION('',(0.,0.,1.));
#3409 = DIRECTION('',(-1.,6.423314133505E-08,0.));
#3410 = ORIENTED_EDGE('',*,*,#3411,.F.);
#3411 = EDGE_CURVE('',#3412,#3403,#3414,.T.);
#3412 = VERTEX_POINT('',#3413);
#3413 = CARTESIAN_POINT('',(168.5,-100.,1.16E-02));
#3414 = LINE('',#3415,#3416);
#3415 = CARTESIAN_POINT('',(168.5,-100.,1.16E-02));
#3416 = VECTOR('',#3417,1.);
#3417 = DIRECTION('',(0.,-1.,0.));
#3418 = ORIENTED_EDGE('',*,*,#3419,.F.);
#3419 = EDGE_CURVE('',#3344,#3412,#3420,.T.);
#3420 = LINE('',#3421,#3422);
#3421 = CARTESIAN_POINT('',(168.5,-95.5,1.16E-02));
#3422 = VECTOR('',#3423,1.);
#3423 = DIRECTION('',(0.,-1.,0.));
#3424 = FACE_BOUND('',#3425,.T.);
#3425 = EDGE_LOOP('',(#3426));
#3426 = ORIENTED_EDGE('',*,*,#3427,.T.);
#3427 = EDGE_CURVE('',#3428,#3428,#3430,.T.);
#3428 = VERTEX_POINT('',#3429);
#3429 = CARTESIAN_POINT('',(118.,-90.,1.16E-02));
#3430 = CIRCLE('',#3431,1.5);
#3431 = AXIS2_PLACEMENT_3D('',#3432,#3433,#3434);
#3432 = CARTESIAN_POINT('',(118.,-88.5,1.16E-02));
#3433 = DIRECTION('',(-0.,0.,-1.));
#3434 = DIRECTION('',(-0.,-1.,0.));
#3435 = FACE_BOUND('',#3436,.T.);
#3436 = EDGE_LOOP('',(#3437));
#3437 = ORIENTED_EDGE('',*,*,#3438,.T.);
#3438 = EDGE_CURVE('',#3439,#3439,#3441,.T.);
#3439 = VERTEX_POINT('',#3440);
#3440 = CARTESIAN_POINT('',(122.,-90.,1.16E-02));
#3441 = CIRCLE('',#3442,1.5);
#3442 = AXIS2_PLACEMENT_3D('',#3443,#3444,#3445);
#3443 = CARTESIAN_POINT('',(122.,-88.5,1.16E-02));
#3444 = DIRECTION('',(-0.,0.,-1.));
#3445 = DIRECTION('',(-0.,-1.,0.));
#3446 = FACE_BOUND('',#3447,.T.);
#3447 = EDGE_LOOP('',(#3448,#3459,#3467,#3476,#3484,#3492,#3501,#3509,
    #3518,#3526));
#3448 = ORIENTED_EDGE('',*,*,#3449,.F.);
#3449 = EDGE_CURVE('',#3450,#3452,#3454,.T.);
#3450 = VERTEX_POINT('',#3451);
#3451 = CARTESIAN_POINT('',(129.,-70.,1.16E-02));
#3452 = VERTEX_POINT('',#3453);
#3453 = CARTESIAN_POINT('',(126.5,-72.5,1.16E-02));
#3454 = CIRCLE('',#3455,2.499999839417);
#3455 = AXIS2_PLACEMENT_3D('',#3456,#3457,#3458);
#3456 = CARTESIAN_POINT('',(128.99999983941,-72.49999983941,1.16E-02));
#3457 = DIRECTION('',(0.,0.,1.));
#3458 = DIRECTION('',(6.42331470194E-08,1.,-0.));
#3459 = ORIENTED_EDGE('',*,*,#3460,.F.);
#3460 = EDGE_CURVE('',#3461,#3450,#3463,.T.);
#3461 = VERTEX_POINT('',#3462);
#3462 = CARTESIAN_POINT('',(143.,-70.000001,1.16E-02));
#3463 = LINE('',#3464,#3465);
#3464 = CARTESIAN_POINT('',(143.,-70.000001,1.16E-02));
#3465 = VECTOR('',#3466,1.);
#3466 = DIRECTION('',(-1.,7.142857124823E-08,0.));
#3467 = ORIENTED_EDGE('',*,*,#3468,.F.);
#3468 = EDGE_CURVE('',#3469,#3461,#3471,.T.);
#3469 = VERTEX_POINT('',#3470);
#3470 = CARTESIAN_POINT('',(145.499999,-72.5,1.16E-02));
#3471 = CIRCLE('',#3472,2.499994718109);
#3472 = AXIS2_PLACEMENT_3D('',#3473,#3474,#3475);
#3473 = CARTESIAN_POINT('',(143.00000428189,-72.4999957181,1.16E-02));
#3474 = DIRECTION('',(0.,0.,1.));
#3475 = DIRECTION('',(0.999999999999,-1.712761448967E-06,0.));
#3476 = ORIENTED_EDGE('',*,*,#3477,.F.);
#3477 = EDGE_CURVE('',#3478,#3469,#3480,.T.);
#3478 = VERTEX_POINT('',#3479);
#3479 = CARTESIAN_POINT('',(145.5,-77.,1.16E-02));
#3480 = LINE('',#3481,#3482);
#3481 = CARTESIAN_POINT('',(145.5,-77.,1.16E-02));
#3482 = VECTOR('',#3483,1.);
#3483 = DIRECTION('',(-2.222222216612E-07,1.,0.));
#3484 = ORIENTED_EDGE('',*,*,#3485,.F.);
#3485 = EDGE_CURVE('',#3486,#3478,#3488,.T.);
#3486 = VERTEX_POINT('',#3487);
#3487 = CARTESIAN_POINT('',(145.500001,-81.5,1.16E-02));
#3488 = LINE('',#3489,#3490);
#3489 = CARTESIAN_POINT('',(145.500001,-81.5,1.16E-02));
#3490 = VECTOR('',#3491,1.);
#3491 = DIRECTION('',(-2.222222216612E-07,1.,0.));
#3492 = ORIENTED_EDGE('',*,*,#3493,.F.);
#3493 = EDGE_CURVE('',#3494,#3486,#3496,.T.);
#3494 = VERTEX_POINT('',#3495);
#3495 = CARTESIAN_POINT('',(143.000001,-84.,1.16E-02));
#3496 = CIRCLE('',#3497,2.499999839417);
#3497 = AXIS2_PLACEMENT_3D('',#3498,#3499,#3500);
#3498 = CARTESIAN_POINT('',(143.00000116058,-81.50000016058,1.16E-02));
#3499 = DIRECTION('',(0.,0.,1.));
#3500 = DIRECTION('',(-6.42331470194E-08,-1.,0.));
#3501 = ORIENTED_EDGE('',*,*,#3502,.F.);
#3502 = EDGE_CURVE('',#3503,#3494,#3505,.T.);
#3503 = VERTEX_POINT('',#3504);
#3504 = CARTESIAN_POINT('',(129.,-84.,1.16E-02));
#3505 = LINE('',#3506,#3507);
#3506 = CARTESIAN_POINT('',(129.,-84.,1.16E-02));
#3507 = VECTOR('',#3508,1.);
#3508 = DIRECTION('',(1.,0.,0.));
#3509 = ORIENTED_EDGE('',*,*,#3510,.F.);
#3510 = EDGE_CURVE('',#3511,#3503,#3513,.T.);
#3511 = VERTEX_POINT('',#3512);
#3512 = CARTESIAN_POINT('',(126.5,-81.5,1.16E-02));
#3513 = CIRCLE('',#3514,2.499999839417);
#3514 = AXIS2_PLACEMENT_3D('',#3515,#3516,#3517);
#3515 = CARTESIAN_POINT('',(128.99999983941,-81.50000016058,1.16E-02));
#3516 = DIRECTION('',(0.,0.,1.));
#3517 = DIRECTION('',(-1.,6.42331470194E-08,0.));
#3518 = ORIENTED_EDGE('',*,*,#3519,.F.);
#3519 = EDGE_CURVE('',#3520,#3511,#3522,.T.);
#3520 = VERTEX_POINT('',#3521);
#3521 = CARTESIAN_POINT('',(126.500002,-77.,1.16E-02));
#3522 = LINE('',#3523,#3524);
#3523 = CARTESIAN_POINT('',(126.500002,-77.,1.16E-02));
#3524 = VECTOR('',#3525,1.);
#3525 = DIRECTION('',(-4.444444433223E-07,-1.,0.));
#3526 = ORIENTED_EDGE('',*,*,#3527,.F.);
#3527 = EDGE_CURVE('',#3452,#3520,#3528,.T.);
#3528 = LINE('',#3529,#3530);
#3529 = CARTESIAN_POINT('',(126.5,-72.5,1.16E-02));
#3530 = VECTOR('',#3531,1.);
#3531 = DIRECTION('',(4.444444433223E-07,-1.,0.));
#3532 = FACE_BOUND('',#3533,.T.);
#3533 = EDGE_LOOP('',(#3534));
#3534 = ORIENTED_EDGE('',*,*,#3535,.T.);
#3535 = EDGE_CURVE('',#3536,#3536,#3538,.T.);
#3536 = VERTEX_POINT('',#3537);
#3537 = CARTESIAN_POINT('',(150.,-90.,1.16E-02));
#3538 = CIRCLE('',#3539,1.5);
#3539 = AXIS2_PLACEMENT_3D('',#3540,#3541,#3542);
#3540 = CARTESIAN_POINT('',(150.,-88.5,1.16E-02));
#3541 = DIRECTION('',(-0.,0.,-1.));
#3542 = DIRECTION('',(-0.,-1.,0.));
#3543 = FACE_BOUND('',#3544,.T.);
#3544 = EDGE_LOOP('',(#3545));
#3545 = ORIENTED_EDGE('',*,*,#3546,.T.);
#3546 = EDGE_CURVE('',#3547,#3547,#3549,.T.);
#3547 = VERTEX_POINT('',#3548);
#3548 = CARTESIAN_POINT('',(154.,-90.,1.16E-02));
#3549 = CIRCLE('',#3550,1.5);
#3550 = AXIS2_PLACEMENT_3D('',#3551,#3552,#3553);
#3551 = CARTESIAN_POINT('',(154.,-88.5,1.16E-02));
#3552 = DIRECTION('',(-0.,0.,-1.));
#3553 = DIRECTION('',(-0.,-1.,0.));
#3554 = FACE_BOUND('',#3555,.T.);
#3555 = EDGE_LOOP('',(#3556));
#3556 = ORIENTED_EDGE('',*,*,#3557,.T.);
#3557 = EDGE_CURVE('',#3558,#3558,#3560,.T.);
#3558 = VERTEX_POINT('',#3559);
#3559 = CARTESIAN_POINT('',(118.,-67.,1.16E-02));
#3560 = CIRCLE('',#3561,1.5);
#3561 = AXIS2_PLACEMENT_3D('',#3562,#3563,#3564);
#3562 = CARTESIAN_POINT('',(118.,-65.5,1.16E-02));
#3563 = DIRECTION('',(-0.,0.,-1.));
#3564 = DIRECTION('',(-0.,-1.,0.));
#3565 = FACE_BOUND('',#3566,.T.);
#3566 = EDGE_LOOP('',(#3567));
#3567 = ORIENTED_EDGE('',*,*,#3568,.T.);
#3568 = EDGE_CURVE('',#3569,#3569,#3571,.T.);
#3569 = VERTEX_POINT('',#3570);
#3570 = CARTESIAN_POINT('',(122.,-67.,1.16E-02));
#3571 = CIRCLE('',#3572,1.5);
#3572 = AXIS2_PLACEMENT_3D('',#3573,#3574,#3575);
#3573 = CARTESIAN_POINT('',(122.,-65.5,1.16E-02));
#3574 = DIRECTION('',(-0.,0.,-1.));
#3575 = DIRECTION('',(-0.,-1.,0.));
#3576 = FACE_BOUND('',#3577,.T.);
#3577 = EDGE_LOOP('',(#3578));
#3578 = ORIENTED_EDGE('',*,*,#3579,.T.);
#3579 = EDGE_CURVE('',#3580,#3580,#3582,.T.);
#3580 = VERTEX_POINT('',#3581);
#3581 = CARTESIAN_POINT('',(117.499999,-52.000001,1.16E-02));
#3582 = CIRCLE('',#3583,0.5);
#3583 = AXIS2_PLACEMENT_3D('',#3584,#3585,#3586);
#3584 = CARTESIAN_POINT('',(117.499999,-51.500001,1.16E-02));
#3585 = DIRECTION('',(-0.,0.,-1.));
#3586 = DIRECTION('',(-0.,-1.,0.));
#3587 = FACE_BOUND('',#3588,.T.);
#3588 = EDGE_LOOP('',(#3589));
#3589 = ORIENTED_EDGE('',*,*,#3590,.T.);
#3590 = EDGE_CURVE('',#3591,#3591,#3593,.T.);
#3591 = VERTEX_POINT('',#3592);
#3592 = CARTESIAN_POINT('',(123.999999,-52.000001,1.16E-02));
#3593 = CIRCLE('',#3594,0.5);
#3594 = AXIS2_PLACEMENT_3D('',#3595,#3596,#3597);
#3595 = CARTESIAN_POINT('',(123.999999,-51.500001,1.16E-02));
#3596 = DIRECTION('',(-0.,0.,-1.));
#3597 = DIRECTION('',(-0.,-1.,0.));
#3598 = FACE_BOUND('',#3599,.T.);
#3599 = EDGE_LOOP('',(#3600));
#3600 = ORIENTED_EDGE('',*,*,#3601,.T.);
#3601 = EDGE_CURVE('',#3602,#3602,#3604,.T.);
#3602 = VERTEX_POINT('',#3603);
#3603 = CARTESIAN_POINT('',(150.,-67.,1.16E-02));
#3604 = CIRCLE('',#3605,1.5);
#3605 = AXIS2_PLACEMENT_3D('',#3606,#3607,#3608);
#3606 = CARTESIAN_POINT('',(150.,-65.5,1.16E-02));
#3607 = DIRECTION('',(-0.,0.,-1.));
#3608 = DIRECTION('',(-0.,-1.,0.));
#3609 = FACE_BOUND('',#3610,.T.);
#3610 = EDGE_LOOP('',(#3611));
#3611 = ORIENTED_EDGE('',*,*,#3612,.T.);
#3612 = EDGE_CURVE('',#3613,#3613,#3615,.T.);
#3613 = VERTEX_POINT('',#3614);
#3614 = CARTESIAN_POINT('',(154.,-67.,1.16E-02));
#3615 = CIRCLE('',#3616,1.5);
#3616 = AXIS2_PLACEMENT_3D('',#3617,#3618,#3619);
#3617 = CARTESIAN_POINT('',(154.,-65.5,1.16E-02));
#3618 = DIRECTION('',(-0.,0.,-1.));
#3619 = DIRECTION('',(-0.,-1.,0.));
#3620 = FACE_BOUND('',#3621,.T.);
#3621 = EDGE_LOOP('',(#3622));
#3622 = ORIENTED_EDGE('',*,*,#3623,.T.);
#3623 = EDGE_CURVE('',#3624,#3624,#3626,.T.);
#3624 = VERTEX_POINT('',#3625);
#3625 = CARTESIAN_POINT('',(148.000001,-52.000001,1.16E-02));
#3626 = CIRCLE('',#3627,0.5);
#3627 = AXIS2_PLACEMENT_3D('',#3628,#3629,#3630);
#3628 = CARTESIAN_POINT('',(148.000001,-51.500001,1.16E-02));
#3629 = DIRECTION('',(-0.,0.,-1.));
#3630 = DIRECTION('',(-0.,-1.,0.));
#3631 = FACE_BOUND('',#3632,.T.);
#3632 = EDGE_LOOP('',(#3633));
#3633 = ORIENTED_EDGE('',*,*,#3634,.T.);
#3634 = EDGE_CURVE('',#3635,#3635,#3637,.T.);
#3635 = VERTEX_POINT('',#3636);
#3636 = CARTESIAN_POINT('',(160.,-90.,1.16E-02));
#3637 = CIRCLE('',#3638,1.5);
#3638 = AXIS2_PLACEMENT_3D('',#3639,#3640,#3641);
#3639 = CARTESIAN_POINT('',(160.,-88.5,1.16E-02));
#3640 = DIRECTION('',(-0.,0.,-1.));
#3641 = DIRECTION('',(-0.,-1.,0.));
#3642 = FACE_BOUND('',#3643,.T.);
#3643 = EDGE_LOOP('',(#3644));
#3644 = ORIENTED_EDGE('',*,*,#3645,.T.);
#3645 = EDGE_CURVE('',#3646,#3646,#3648,.T.);
#3646 = VERTEX_POINT('',#3647);
#3647 = CARTESIAN_POINT('',(164.,-90.,1.16E-02));
#3648 = CIRCLE('',#3649,1.5);
#3649 = AXIS2_PLACEMENT_3D('',#3650,#3651,#3652);
#3650 = CARTESIAN_POINT('',(164.,-88.5,1.16E-02));
#3651 = DIRECTION('',(-0.,0.,-1.));
#3652 = DIRECTION('',(-0.,-1.,0.));
#3653 = FACE_BOUND('',#3654,.T.);
#3654 = EDGE_LOOP('',(#3655));
#3655 = ORIENTED_EDGE('',*,*,#3656,.T.);
#3656 = EDGE_CURVE('',#3657,#3657,#3659,.T.);
#3657 = VERTEX_POINT('',#3658);
#3658 = CARTESIAN_POINT('',(192.,-90.,1.16E-02));
#3659 = CIRCLE('',#3660,1.5);
#3660 = AXIS2_PLACEMENT_3D('',#3661,#3662,#3663);
#3661 = CARTESIAN_POINT('',(192.,-88.5,1.16E-02));
#3662 = DIRECTION('',(-0.,0.,-1.));
#3663 = DIRECTION('',(-0.,-1.,0.));
#3664 = FACE_BOUND('',#3665,.T.);
#3665 = EDGE_LOOP('',(#3666));
#3666 = ORIENTED_EDGE('',*,*,#3667,.T.);
#3667 = EDGE_CURVE('',#3668,#3668,#3670,.T.);
#3668 = VERTEX_POINT('',#3669);
#3669 = CARTESIAN_POINT('',(196.,-90.,1.16E-02));
#3670 = CIRCLE('',#3671,1.5);
#3671 = AXIS2_PLACEMENT_3D('',#3672,#3673,#3674);
#3672 = CARTESIAN_POINT('',(196.,-88.5,1.16E-02));
#3673 = DIRECTION('',(-0.,0.,-1.));
#3674 = DIRECTION('',(-0.,-1.,0.));
#3675 = FACE_BOUND('',#3676,.T.);
#3676 = EDGE_LOOP('',(#3677,#3688,#3696,#3705,#3713,#3721,#3730,#3738,
    #3747,#3755));
#3677 = ORIENTED_EDGE('',*,*,#3678,.F.);
#3678 = EDGE_CURVE('',#3679,#3681,#3683,.T.);
#3679 = VERTEX_POINT('',#3680);
#3680 = CARTESIAN_POINT('',(171.,-70.,1.16E-02));
#3681 = VERTEX_POINT('',#3682);
#3682 = CARTESIAN_POINT('',(168.5,-72.5,1.16E-02));
#3683 = CIRCLE('',#3684,2.499999839417);
#3684 = AXIS2_PLACEMENT_3D('',#3685,#3686,#3687);
#3685 = CARTESIAN_POINT('',(170.99999983941,-72.49999983941,1.16E-02));
#3686 = DIRECTION('',(0.,0.,1.));
#3687 = DIRECTION('',(6.42331470194E-08,1.,-0.));
#3688 = ORIENTED_EDGE('',*,*,#3689,.F.);
#3689 = EDGE_CURVE('',#3690,#3679,#3692,.T.);
#3690 = VERTEX_POINT('',#3691);
#3691 = CARTESIAN_POINT('',(185.,-70.,1.16E-02));
#3692 = LINE('',#3693,#3694);
#3693 = CARTESIAN_POINT('',(185.,-70.,1.16E-02));
#3694 = VECTOR('',#3695,1.);
#3695 = DIRECTION('',(-1.,0.,0.));
#3696 = ORIENTED_EDGE('',*,*,#3697,.F.);
#3697 = EDGE_CURVE('',#3698,#3690,#3700,.T.);
#3698 = VERTEX_POINT('',#3699);
#3699 = CARTESIAN_POINT('',(187.500001,-72.5,1.16E-02));
#3700 = CIRCLE('',#3701,2.500001546525);
#3701 = AXIS2_PLACEMENT_3D('',#3702,#3703,#3704);
#3702 = CARTESIAN_POINT('',(184.99999945347,-72.50000154652,1.16E-02));
#3703 = DIRECTION('',(0.,0.,1.));
#3704 = DIRECTION('',(1.,6.186094349152E-07,-0.));
#3705 = ORIENTED_EDGE('',*,*,#3706,.F.);
#3706 = EDGE_CURVE('',#3707,#3698,#3709,.T.);
#3707 = VERTEX_POINT('',#3708);
#3708 = CARTESIAN_POINT('',(187.500001,-77.,1.16E-02));
#3709 = LINE('',#3710,#3711);
#3710 = CARTESIAN_POINT('',(187.500001,-77.,1.16E-02));
#3711 = VECTOR('',#3712,1.);
#3712 = DIRECTION('',(0.,1.,0.));
#3713 = ORIENTED_EDGE('',*,*,#3714,.F.);
#3714 = EDGE_CURVE('',#3715,#3707,#3717,.T.);
#3715 = VERTEX_POINT('',#3716);
#3716 = CARTESIAN_POINT('',(187.500002,-81.5,1.16E-02));
#3717 = LINE('',#3718,#3719);
#3718 = CARTESIAN_POINT('',(187.500002,-81.5,1.16E-02));
#3719 = VECTOR('',#3720,1.);
#3720 = DIRECTION('',(-2.222222216612E-07,1.,0.));
#3721 = ORIENTED_EDGE('',*,*,#3722,.F.);
#3722 = EDGE_CURVE('',#3723,#3715,#3725,.T.);
#3723 = VERTEX_POINT('',#3724);
#3724 = CARTESIAN_POINT('',(185.,-84.,1.16E-02));
#3725 = CIRCLE('',#3726,2.499999839419);
#3726 = AXIS2_PLACEMENT_3D('',#3727,#3728,#3729);
#3727 = CARTESIAN_POINT('',(185.00000216058,-81.50000016058,1.16E-02));
#3728 = DIRECTION('',(0.,0.,1.));
#3729 = DIRECTION('',(-8.642325597392E-07,-1.,0.));
#3730 = ORIENTED_EDGE('',*,*,#3731,.F.);
#3731 = EDGE_CURVE('',#3732,#3723,#3734,.T.);
#3732 = VERTEX_POINT('',#3733);
#3733 = CARTESIAN_POINT('',(171.,-84.,1.16E-02));
#3734 = LINE('',#3735,#3736);
#3735 = CARTESIAN_POINT('',(171.,-84.,1.16E-02));
#3736 = VECTOR('',#3737,1.);
#3737 = DIRECTION('',(1.,0.,0.));
#3738 = ORIENTED_EDGE('',*,*,#3739,.F.);
#3739 = EDGE_CURVE('',#3740,#3732,#3742,.T.);
#3740 = VERTEX_POINT('',#3741);
#3741 = CARTESIAN_POINT('',(168.5,-81.5,1.16E-02));
#3742 = CIRCLE('',#3743,2.499999839417);
#3743 = AXIS2_PLACEMENT_3D('',#3744,#3745,#3746);
#3744 = CARTESIAN_POINT('',(170.99999983941,-81.50000016058,1.16E-02));
#3745 = DIRECTION('',(0.,0.,1.));
#3746 = DIRECTION('',(-1.,6.423314133505E-08,0.));
#3747 = ORIENTED_EDGE('',*,*,#3748,.F.);
#3748 = EDGE_CURVE('',#3749,#3740,#3751,.T.);
#3749 = VERTEX_POINT('',#3750);
#3750 = CARTESIAN_POINT('',(168.500002,-77.,1.16E-02));
#3751 = LINE('',#3752,#3753);
#3752 = CARTESIAN_POINT('',(168.500002,-77.,1.16E-02));
#3753 = VECTOR('',#3754,1.);
#3754 = DIRECTION('',(-4.444444433223E-07,-1.,0.));
#3755 = ORIENTED_EDGE('',*,*,#3756,.F.);
#3756 = EDGE_CURVE('',#3681,#3749,#3757,.T.);
#3757 = LINE('',#3758,#3759);
#3758 = CARTESIAN_POINT('',(168.5,-72.5,1.16E-02));
#3759 = VECTOR('',#3760,1.);
#3760 = DIRECTION('',(4.444444433223E-07,-1.,0.));
#3761 = FACE_BOUND('',#3762,.T.);
#3762 = EDGE_LOOP('',(#3763));
#3763 = ORIENTED_EDGE('',*,*,#3764,.T.);
#3764 = EDGE_CURVE('',#3765,#3765,#3767,.T.);
#3765 = VERTEX_POINT('',#3766);
#3766 = CARTESIAN_POINT('',(160.,-67.,1.16E-02));
#3767 = CIRCLE('',#3768,1.5);
#3768 = AXIS2_PLACEMENT_3D('',#3769,#3770,#3771);
#3769 = CARTESIAN_POINT('',(160.,-65.5,1.16E-02));
#3770 = DIRECTION('',(-0.,0.,-1.));
#3771 = DIRECTION('',(-0.,-1.,0.));
#3772 = FACE_BOUND('',#3773,.T.);
#3773 = EDGE_LOOP('',(#3774));
#3774 = ORIENTED_EDGE('',*,*,#3775,.T.);
#3775 = EDGE_CURVE('',#3776,#3776,#3778,.T.);
#3776 = VERTEX_POINT('',#3777);
#3777 = CARTESIAN_POINT('',(164.,-67.,1.16E-02));
#3778 = CIRCLE('',#3779,1.5);
#3779 = AXIS2_PLACEMENT_3D('',#3780,#3781,#3782);
#3780 = CARTESIAN_POINT('',(164.,-65.5,1.16E-02));
#3781 = DIRECTION('',(-0.,0.,-1.));
#3782 = DIRECTION('',(-0.,-1.,0.));
#3783 = FACE_BOUND('',#3784,.T.);
#3784 = EDGE_LOOP('',(#3785));
#3785 = ORIENTED_EDGE('',*,*,#3786,.T.);
#3786 = EDGE_CURVE('',#3787,#3787,#3789,.T.);
#3787 = VERTEX_POINT('',#3788);
#3788 = CARTESIAN_POINT('',(165.999999,-51.999999,1.16E-02));
#3789 = CIRCLE('',#3790,0.5);
#3790 = AXIS2_PLACEMENT_3D('',#3791,#3792,#3793);
#3791 = CARTESIAN_POINT('',(165.999999,-51.499999,1.16E-02));
#3792 = DIRECTION('',(-0.,0.,-1.));
#3793 = DIRECTION('',(-0.,-1.,0.));
#3794 = FACE_BOUND('',#3795,.T.);
#3795 = EDGE_LOOP('',(#3796));
#3796 = ORIENTED_EDGE('',*,*,#3797,.T.);
#3797 = EDGE_CURVE('',#3798,#3798,#3800,.T.);
#3798 = VERTEX_POINT('',#3799);
#3799 = CARTESIAN_POINT('',(192.,-67.,1.16E-02));
#3800 = CIRCLE('',#3801,1.5);
#3801 = AXIS2_PLACEMENT_3D('',#3802,#3803,#3804);
#3802 = CARTESIAN_POINT('',(192.,-65.5,1.16E-02));
#3803 = DIRECTION('',(-0.,0.,-1.));
#3804 = DIRECTION('',(-0.,-1.,0.));
#3805 = FACE_BOUND('',#3806,.T.);
#3806 = EDGE_LOOP('',(#3807));
#3807 = ORIENTED_EDGE('',*,*,#3808,.T.);
#3808 = EDGE_CURVE('',#3809,#3809,#3811,.T.);
#3809 = VERTEX_POINT('',#3810);
#3810 = CARTESIAN_POINT('',(196.,-67.,1.16E-02));
#3811 = CIRCLE('',#3812,1.5);
#3812 = AXIS2_PLACEMENT_3D('',#3813,#3814,#3815);
#3813 = CARTESIAN_POINT('',(196.,-65.5,1.16E-02));
#3814 = DIRECTION('',(-0.,0.,-1.));
#3815 = DIRECTION('',(-0.,-1.,0.));
#3816 = FACE_BOUND('',#3817,.T.);
#3817 = EDGE_LOOP('',(#3818));
#3818 = ORIENTED_EDGE('',*,*,#3819,.T.);
#3819 = EDGE_CURVE('',#3820,#3820,#3822,.T.);
#3820 = VERTEX_POINT('',#3821);
#3821 = CARTESIAN_POINT('',(190.,-52.,1.16E-02));
#3822 = CIRCLE('',#3823,0.5);
#3823 = AXIS2_PLACEMENT_3D('',#3824,#3825,#3826);
#3824 = CARTESIAN_POINT('',(190.,-51.5,1.16E-02));
#3825 = DIRECTION('',(-0.,0.,-1.));
#3826 = DIRECTION('',(-0.,-1.,0.));
#3827 = FACE_BOUND('',#3828,.T.);
#3828 = EDGE_LOOP('',(#3829));
#3829 = ORIENTED_EDGE('',*,*,#3830,.T.);
#3830 = EDGE_CURVE('',#3831,#3831,#3833,.T.);
#3831 = VERTEX_POINT('',#3832);
#3832 = CARTESIAN_POINT('',(196.5,-52.,1.16E-02));
#3833 = CIRCLE('',#3834,0.5);
#3834 = AXIS2_PLACEMENT_3D('',#3835,#3836,#3837);
#3835 = CARTESIAN_POINT('',(196.5,-51.5,1.16E-02));
#3836 = DIRECTION('',(-0.,0.,-1.));
#3837 = DIRECTION('',(-0.,-1.,0.));
#3838 = PLANE('',#3839);
#3839 = AXIS2_PLACEMENT_3D('',#3840,#3841,#3842);
#3840 = CARTESIAN_POINT('',(0.,0.,1.16E-02));
#3841 = DIRECTION('',(0.,0.,1.));
#3842 = DIRECTION('',(1.,0.,-0.));
#3843 = ADVANCED_FACE('',(#3844),#3855,.T.);
#3844 = FACE_BOUND('',#3845,.T.);
#3845 = EDGE_LOOP('',(#3846,#3852,#3853,#3854));
#3846 = ORIENTED_EDGE('',*,*,#3847,.T.);
#3847 = EDGE_CURVE('',#1306,#2578,#3848,.T.);
#3848 = LINE('',#3849,#3850);
#3849 = CARTESIAN_POINT('',(187.5,-51.5,0.));
#3850 = VECTOR('',#3851,1.);
#3851 = DIRECTION('',(0.,0.,1.));
#3852 = ORIENTED_EDGE('',*,*,#2577,.T.);
#3853 = ORIENTED_EDGE('',*,*,#1241,.F.);
#3854 = ORIENTED_EDGE('',*,*,#1305,.F.);
#3855 = CYLINDRICAL_SURFACE('',#3856,2.499999839417);
#3856 = AXIS2_PLACEMENT_3D('',#3857,#3858,#3859);
#3857 = CARTESIAN_POINT('',(189.99999983941,-51.49999983941,0.));
#3858 = DIRECTION('',(0.,0.,-1.));
#3859 = DIRECTION('',(-1.,-6.423313565071E-08,-0.));
#3860 = ADVANCED_FACE('',(#3861),#3872,.T.);
#3861 = FACE_BOUND('',#3862,.T.);
#3862 = EDGE_LOOP('',(#3863,#3864,#3865,#3871));
#3863 = ORIENTED_EDGE('',*,*,#1281,.T.);
#3864 = ORIENTED_EDGE('',*,*,#3092,.T.);
#3865 = ORIENTED_EDGE('',*,*,#3866,.F.);
#3866 = EDGE_CURVE('',#1813,#3085,#3867,.T.);
#3867 = LINE('',#3868,#3869);
#3868 = CARTESIAN_POINT('',(199.,-77.,0.));
#3869 = VECTOR('',#3870,1.);
#3870 = DIRECTION('',(0.,0.,1.));
#3871 = ORIENTED_EDGE('',*,*,#1820,.F.);
#3872 = PLANE('',#3873);
#3873 = AXIS2_PLACEMENT_3D('',#3874,#3875,#3876);
#3874 = CARTESIAN_POINT('',(199.,-54.,0.));
#3875 = DIRECTION('',(1.,0.,-0.));
#3876 = DIRECTION('',(0.,-1.,0.));
#3877 = ADVANCED_FACE('',(#3878),#3889,.T.);
#3878 = FACE_BOUND('',#3879,.T.);
#3879 = EDGE_LOOP('',(#3880,#3886,#3887,#3888));
#3880 = ORIENTED_EDGE('',*,*,#3881,.T.);
#3881 = EDGE_CURVE('',#1315,#2587,#3882,.T.);
#3882 = LINE('',#3883,#3884);
#3883 = CARTESIAN_POINT('',(187.5,-58.5,0.));
#3884 = VECTOR('',#3885,1.);
#3885 = DIRECTION('',(0.,0.,1.));
#3886 = ORIENTED_EDGE('',*,*,#2586,.T.);
#3887 = ORIENTED_EDGE('',*,*,#3847,.F.);
#3888 = ORIENTED_EDGE('',*,*,#1314,.F.);
#3889 = PLANE('',#3890);
#3890 = AXIS2_PLACEMENT_3D('',#3891,#3892,#3893);
#3891 = CARTESIAN_POINT('',(187.5,-58.5,0.));
#3892 = DIRECTION('',(-1.,0.,0.));
#3893 = DIRECTION('',(0.,1.,0.));
#3894 = ADVANCED_FACE('',(#3895),#3906,.T.);
#3895 = FACE_BOUND('',#3896,.T.);
#3896 = EDGE_LOOP('',(#3897,#3898,#3899,#3905));
#3897 = ORIENTED_EDGE('',*,*,#3866,.T.);
#3898 = ORIENTED_EDGE('',*,*,#3084,.T.);
#3899 = ORIENTED_EDGE('',*,*,#3900,.F.);
#3900 = EDGE_CURVE('',#1805,#3077,#3901,.T.);
#3901 = LINE('',#3902,#3903);
#3902 = CARTESIAN_POINT('',(199.,-100.,0.));
#3903 = VECTOR('',#3904,1.);
#3904 = DIRECTION('',(0.,0.,1.));
#3905 = ORIENTED_EDGE('',*,*,#1812,.F.);
#3906 = PLANE('',#3907);
#3907 = AXIS2_PLACEMENT_3D('',#3908,#3909,#3910);
#3908 = CARTESIAN_POINT('',(199.,-77.,0.));
#3909 = DIRECTION('',(1.,0.,-0.));
#3910 = DIRECTION('',(0.,-1.,0.));
#3911 = ADVANCED_FACE('',(#3912),#3923,.F.);
#3912 = FACE_BOUND('',#3913,.T.);
#3913 = EDGE_LOOP('',(#3914,#3920,#3921,#3922));
#3914 = ORIENTED_EDGE('',*,*,#3915,.T.);
#3915 = EDGE_CURVE('',#1323,#2595,#3916,.T.);
#3916 = LINE('',#3917,#3918);
#3917 = CARTESIAN_POINT('',(185.,-61.,0.));
#3918 = VECTOR('',#3919,1.);
#3919 = DIRECTION('',(0.,0.,1.));
#3920 = ORIENTED_EDGE('',*,*,#2594,.T.);
#3921 = ORIENTED_EDGE('',*,*,#3881,.F.);
#3922 = ORIENTED_EDGE('',*,*,#1322,.F.);
#3923 = CYLINDRICAL_SURFACE('',#3924,2.499999839417);
#3924 = AXIS2_PLACEMENT_3D('',#3925,#3926,#3927);
#3925 = CARTESIAN_POINT('',(185.00000016058,-58.50000016058,0.));
#3926 = DIRECTION('',(-0.,-0.,-1.));
#3927 = DIRECTION('',(-6.423313565071E-08,-1.,0.));
#3928 = ADVANCED_FACE('',(#3929),#3940,.T.);
#3929 = FACE_BOUND('',#3930,.T.);
#3930 = EDGE_LOOP('',(#3931,#3932,#3933,#3939));
#3931 = ORIENTED_EDGE('',*,*,#3900,.T.);
#3932 = ORIENTED_EDGE('',*,*,#3076,.T.);
#3933 = ORIENTED_EDGE('',*,*,#3934,.F.);
#3934 = EDGE_CURVE('',#1797,#3069,#3935,.T.);
#3935 = LINE('',#3936,#3937);
#3936 = CARTESIAN_POINT('',(199.,-123.,0.));
#3937 = VECTOR('',#3938,1.);
#3938 = DIRECTION('',(0.,0.,1.));
#3939 = ORIENTED_EDGE('',*,*,#1804,.F.);
#3940 = PLANE('',#3941);
#3941 = AXIS2_PLACEMENT_3D('',#3942,#3943,#3944);
#3942 = CARTESIAN_POINT('',(199.,-100.,0.));
#3943 = DIRECTION('',(1.,0.,-0.));
#3944 = DIRECTION('',(0.,-1.,0.));
#3945 = ADVANCED_FACE('',(#3946),#3957,.T.);
#3946 = FACE_BOUND('',#3947,.T.);
#3947 = EDGE_LOOP('',(#3948,#3954,#3955,#3956));
#3948 = ORIENTED_EDGE('',*,*,#3949,.T.);
#3949 = EDGE_CURVE('',#1332,#2604,#3950,.T.);
#3950 = LINE('',#3951,#3952);
#3951 = CARTESIAN_POINT('',(171.,-60.999999,0.));
#3952 = VECTOR('',#3953,1.);
#3953 = DIRECTION('',(0.,0.,1.));
#3954 = ORIENTED_EDGE('',*,*,#2603,.T.);
#3955 = ORIENTED_EDGE('',*,*,#3915,.F.);
#3956 = ORIENTED_EDGE('',*,*,#1331,.F.);
#3957 = PLANE('',#3958);
#3958 = AXIS2_PLACEMENT_3D('',#3959,#3960,#3961);
#3959 = CARTESIAN_POINT('',(171.,-60.999999,0.));
#3960 = DIRECTION('',(7.142857124823E-08,1.,-0.));
#3961 = DIRECTION('',(1.,-7.142857124823E-08,0.));
#3962 = ADVANCED_FACE('',(#3963),#3974,.T.);
#3963 = FACE_BOUND('',#3964,.T.);
#3964 = EDGE_LOOP('',(#3965,#3966,#3967,#3973));
#3965 = ORIENTED_EDGE('',*,*,#3934,.T.);
#3966 = ORIENTED_EDGE('',*,*,#3068,.T.);
#3967 = ORIENTED_EDGE('',*,*,#3968,.F.);
#3968 = EDGE_CURVE('',#1788,#3060,#3969,.T.);
#3969 = LINE('',#3970,#3971);
#3970 = CARTESIAN_POINT('',(199.,-125.5,0.));
#3971 = VECTOR('',#3972,1.);
#3972 = DIRECTION('',(0.,0.,1.));
#3973 = ORIENTED_EDGE('',*,*,#1796,.F.);
#3974 = PLANE('',#3975);
#3975 = AXIS2_PLACEMENT_3D('',#3976,#3977,#3978);
#3976 = CARTESIAN_POINT('',(199.,-123.,0.));
#3977 = DIRECTION('',(1.,0.,-0.));
#3978 = DIRECTION('',(0.,-1.,0.));
#3979 = ADVANCED_FACE('',(#3980),#3991,.F.);
#3980 = FACE_BOUND('',#3981,.T.);
#3981 = EDGE_LOOP('',(#3982,#3988,#3989,#3990));
#3982 = ORIENTED_EDGE('',*,*,#3983,.T.);
#3983 = EDGE_CURVE('',#1340,#2612,#3984,.T.);
#3984 = LINE('',#3985,#3986);
#3985 = CARTESIAN_POINT('',(168.5,-58.499999,0.));
#3986 = VECTOR('',#3987,1.);
#3987 = DIRECTION('',(0.,0.,1.));
#3988 = ORIENTED_EDGE('',*,*,#2611,.T.);
#3989 = ORIENTED_EDGE('',*,*,#3949,.F.);
#3990 = ORIENTED_EDGE('',*,*,#1339,.F.);
#3991 = CYLINDRICAL_SURFACE('',#3992,2.499999839417);
#3992 = AXIS2_PLACEMENT_3D('',#3993,#3994,#3995);
#3993 = CARTESIAN_POINT('',(170.99999983941,-58.49999916058,0.));
#3994 = DIRECTION('',(-0.,-0.,-1.));
#3995 = DIRECTION('',(-1.,6.423313565071E-08,0.));
#3996 = ADVANCED_FACE('',(#3997),#4008,.T.);
#3997 = FACE_BOUND('',#3998,.T.);
#3998 = EDGE_LOOP('',(#3999,#4000,#4001,#4007));
#3999 = ORIENTED_EDGE('',*,*,#3968,.T.);
#4000 = ORIENTED_EDGE('',*,*,#3059,.T.);
#4001 = ORIENTED_EDGE('',*,*,#4002,.F.);
#4002 = EDGE_CURVE('',#1780,#3052,#4003,.T.);
#4003 = LINE('',#4004,#4005);
#4004 = CARTESIAN_POINT('',(196.500001,-127.999999,0.));
#4005 = VECTOR('',#4006,1.);
#4006 = DIRECTION('',(0.,0.,1.));
#4007 = ORIENTED_EDGE('',*,*,#1787,.F.);
#4008 = CYLINDRICAL_SURFACE('',#4009,2.499998132311);
#4009 = AXIS2_PLACEMENT_3D('',#4010,#4011,#4012);
#4010 = CARTESIAN_POINT('',(196.50000186768,-125.5000008676,0.));
#4011 = DIRECTION('',(0.,0.,-1.));
#4012 = DIRECTION('',(1.,3.470760567276E-07,0.));
#4013 = ADVANCED_FACE('',(#4014),#4025,.T.);
#4014 = FACE_BOUND('',#4015,.T.);
#4015 = EDGE_LOOP('',(#4016,#4022,#4023,#4024));
#4016 = ORIENTED_EDGE('',*,*,#4017,.T.);
#4017 = EDGE_CURVE('',#1349,#2621,#4018,.T.);
#4018 = LINE('',#4019,#4020);
#4019 = CARTESIAN_POINT('',(168.5,-51.499999,0.));
#4020 = VECTOR('',#4021,1.);
#4021 = DIRECTION('',(0.,0.,1.));
#4022 = ORIENTED_EDGE('',*,*,#2620,.T.);
#4023 = ORIENTED_EDGE('',*,*,#3983,.F.);
#4024 = ORIENTED_EDGE('',*,*,#1348,.F.);
#4025 = PLANE('',#4026);
#4026 = AXIS2_PLACEMENT_3D('',#4027,#4028,#4029);
#4027 = CARTESIAN_POINT('',(168.5,-51.499999,0.));
#4028 = DIRECTION('',(1.,0.,-0.));
#4029 = DIRECTION('',(0.,-1.,0.));
#4030 = ADVANCED_FACE('',(#4031),#4042,.T.);
#4031 = FACE_BOUND('',#4032,.T.);
#4032 = EDGE_LOOP('',(#4033,#4034,#4035,#4041));
#4033 = ORIENTED_EDGE('',*,*,#4002,.T.);
#4034 = ORIENTED_EDGE('',*,*,#3051,.T.);
#4035 = ORIENTED_EDGE('',*,*,#4036,.F.);
#4036 = EDGE_CURVE('',#1771,#3043,#4037,.T.);
#4037 = LINE('',#4038,#4039);
#4038 = CARTESIAN_POINT('',(190.000001,-127.999999,0.));
#4039 = VECTOR('',#4040,1.);
#4040 = DIRECTION('',(0.,0.,1.));
#4041 = ORIENTED_EDGE('',*,*,#1779,.F.);
#4042 = PLANE('',#4043);
#4043 = AXIS2_PLACEMENT_3D('',#4044,#4045,#4046);
#4044 = CARTESIAN_POINT('',(196.500001,-127.999999,0.));
#4045 = DIRECTION('',(0.,-1.,0.));
#4046 = DIRECTION('',(-1.,0.,0.));
#4047 = ADVANCED_FACE('',(#4048),#4059,.T.);
#4048 = FACE_BOUND('',#4049,.T.);
#4049 = EDGE_LOOP('',(#4050,#4056,#4057,#4058));
#4050 = ORIENTED_EDGE('',*,*,#4051,.T.);
#4051 = EDGE_CURVE('',#1357,#2629,#4052,.T.);
#4052 = LINE('',#4053,#4054);
#4053 = CARTESIAN_POINT('',(166.,-49.,0.));
#4054 = VECTOR('',#4055,1.);
#4055 = DIRECTION('',(0.,0.,1.));
#4056 = ORIENTED_EDGE('',*,*,#2628,.T.);
#4057 = ORIENTED_EDGE('',*,*,#4017,.F.);
#4058 = ORIENTED_EDGE('',*,*,#1356,.F.);
#4059 = CYLINDRICAL_SURFACE('',#4060,2.499999839416);
#4060 = AXIS2_PLACEMENT_3D('',#4061,#4062,#4063);
#4061 = CARTESIAN_POINT('',(166.00000016058,-51.49999983941,0.));
#4062 = DIRECTION('',(0.,0.,-1.));
#4063 = DIRECTION('',(-6.423348807995E-08,1.,0.));
#4064 = ADVANCED_FACE('',(#4065),#4076,.T.);
#4065 = FACE_BOUND('',#4066,.T.);
#4066 = EDGE_LOOP('',(#4067,#4068,#4069,#4075));
#4067 = ORIENTED_EDGE('',*,*,#4036,.T.);
#4068 = ORIENTED_EDGE('',*,*,#3042,.T.);
#4069 = ORIENTED_EDGE('',*,*,#4070,.F.);
#4070 = EDGE_CURVE('',#1763,#3035,#4071,.T.);
#4071 = LINE('',#4072,#4073);
#4072 = CARTESIAN_POINT('',(187.500001,-125.499999,0.));
#4073 = VECTOR('',#4074,1.);
#4074 = DIRECTION('',(0.,0.,1.));
#4075 = ORIENTED_EDGE('',*,*,#1770,.F.);
#4076 = CYLINDRICAL_SURFACE('',#4077,2.499996425212);
#4077 = AXIS2_PLACEMENT_3D('',#4078,#4079,#4080);
#4078 = CARTESIAN_POINT('',(189.99999742521,-125.5000025747,0.));
#4079 = DIRECTION('',(0.,0.,-1.));
#4080 = DIRECTION('',(1.429918141302E-06,-0.999999999999,0.));
#4081 = ADVANCED_FACE('',(#4082),#4093,.T.);
#4082 = FACE_BOUND('',#4083,.T.);
#4083 = EDGE_LOOP('',(#4084,#4090,#4091,#4092));
#4084 = ORIENTED_EDGE('',*,*,#4085,.T.);
#4085 = EDGE_CURVE('',#1366,#2638,#4086,.T.);
#4086 = LINE('',#4087,#4088);
#4087 = CARTESIAN_POINT('',(163.5,-51.5,0.));
#4088 = VECTOR('',#4089,1.);
#4089 = DIRECTION('',(0.,0.,1.));
#4090 = ORIENTED_EDGE('',*,*,#2637,.T.);
#4091 = ORIENTED_EDGE('',*,*,#4051,.F.);
#4092 = ORIENTED_EDGE('',*,*,#1365,.F.);
#4093 = CYLINDRICAL_SURFACE('',#4094,2.499999839417);
#4094 = AXIS2_PLACEMENT_3D('',#4095,#4096,#4097);
#4095 = CARTESIAN_POINT('',(165.99999983941,-51.49999983941,0.));
#4096 = DIRECTION('',(0.,0.,-1.));
#4097 = DIRECTION('',(-1.,-6.423313565071E-08,-0.));
#4098 = ADVANCED_FACE('',(#4099),#4110,.T.);
#4099 = FACE_BOUND('',#4100,.T.);
#4100 = EDGE_LOOP('',(#4101,#4102,#4103,#4109));
#4101 = ORIENTED_EDGE('',*,*,#4070,.T.);
#4102 = ORIENTED_EDGE('',*,*,#3034,.T.);
#4103 = ORIENTED_EDGE('',*,*,#4104,.F.);
#4104 = EDGE_CURVE('',#1755,#3027,#4105,.T.);
#4105 = LINE('',#4106,#4107);
#4106 = CARTESIAN_POINT('',(187.500001,-122.999999,0.));
#4107 = VECTOR('',#4108,1.);
#4108 = DIRECTION('',(0.,0.,1.));
#4109 = ORIENTED_EDGE('',*,*,#1762,.F.);
#4110 = PLANE('',#4111);
#4111 = AXIS2_PLACEMENT_3D('',#4112,#4113,#4114);
#4112 = CARTESIAN_POINT('',(187.500001,-125.499999,0.));
#4113 = DIRECTION('',(-1.,0.,0.));
#4114 = DIRECTION('',(0.,1.,0.));
#4115 = ADVANCED_FACE('',(#4116),#4127,.T.);
#4116 = FACE_BOUND('',#4117,.T.);
#4117 = EDGE_LOOP('',(#4118,#4124,#4125,#4126));
#4118 = ORIENTED_EDGE('',*,*,#4119,.T.);
#4119 = EDGE_CURVE('',#1375,#2647,#4120,.T.);
#4120 = LINE('',#4121,#4122);
#4121 = CARTESIAN_POINT('',(163.5,-58.5,0.));
#4122 = VECTOR('',#4123,1.);
#4123 = DIRECTION('',(0.,0.,1.));
#4124 = ORIENTED_EDGE('',*,*,#2646,.T.);
#4125 = ORIENTED_EDGE('',*,*,#4085,.F.);
#4126 = ORIENTED_EDGE('',*,*,#1374,.F.);
#4127 = PLANE('',#4128);
#4128 = AXIS2_PLACEMENT_3D('',#4129,#4130,#4131);
#4129 = CARTESIAN_POINT('',(163.5,-58.5,0.));
#4130 = DIRECTION('',(-1.,0.,0.));
#4131 = DIRECTION('',(0.,1.,0.));
#4132 = ADVANCED_FACE('',(#4133),#4144,.T.);
#4133 = FACE_BOUND('',#4134,.T.);
#4134 = EDGE_LOOP('',(#4135,#4136,#4137,#4143));
#4135 = ORIENTED_EDGE('',*,*,#4104,.T.);
#4136 = ORIENTED_EDGE('',*,*,#3026,.T.);
#4137 = ORIENTED_EDGE('',*,*,#4138,.F.);
#4138 = EDGE_CURVE('',#1746,#3018,#4139,.T.);
#4139 = LINE('',#4140,#4141);
#4140 = CARTESIAN_POINT('',(187.500001,-118.499999,0.));
#4141 = VECTOR('',#4142,1.);
#4142 = DIRECTION('',(0.,0.,1.));
#4143 = ORIENTED_EDGE('',*,*,#1754,.F.);
#4144 = PLANE('',#4145);
#4145 = AXIS2_PLACEMENT_3D('',#4146,#4147,#4148);
#4146 = CARTESIAN_POINT('',(187.500001,-122.999999,0.));
#4147 = DIRECTION('',(-1.,0.,0.));
#4148 = DIRECTION('',(0.,1.,0.));
#4149 = ADVANCED_FACE('',(#4150),#4161,.F.);
#4150 = FACE_BOUND('',#4151,.T.);
#4151 = EDGE_LOOP('',(#4152,#4158,#4159,#4160));
#4152 = ORIENTED_EDGE('',*,*,#4153,.T.);
#4153 = EDGE_CURVE('',#1383,#2655,#4154,.T.);
#4154 = LINE('',#4155,#4156);
#4155 = CARTESIAN_POINT('',(161.,-61.,0.));
#4156 = VECTOR('',#4157,1.);
#4157 = DIRECTION('',(0.,0.,1.));
#4158 = ORIENTED_EDGE('',*,*,#2654,.T.);
#4159 = ORIENTED_EDGE('',*,*,#4119,.F.);
#4160 = ORIENTED_EDGE('',*,*,#1382,.F.);
#4161 = CYLINDRICAL_SURFACE('',#4162,2.499999839417);
#4162 = AXIS2_PLACEMENT_3D('',#4163,#4164,#4165);
#4163 = CARTESIAN_POINT('',(161.00000016058,-58.50000016058,0.));
#4164 = DIRECTION('',(-0.,-0.,-1.));
#4165 = DIRECTION('',(-6.423313565071E-08,-1.,0.));
#4166 = ADVANCED_FACE('',(#4167),#4178,.F.);
#4167 = FACE_BOUND('',#4168,.T.);
#4168 = EDGE_LOOP('',(#4169,#4170,#4171,#4177));
#4169 = ORIENTED_EDGE('',*,*,#4138,.T.);
#4170 = ORIENTED_EDGE('',*,*,#3017,.T.);
#4171 = ORIENTED_EDGE('',*,*,#4172,.F.);
#4172 = EDGE_CURVE('',#1738,#3010,#4173,.T.);
#4173 = LINE('',#4174,#4175);
#4174 = CARTESIAN_POINT('',(185.,-115.999999,0.));
#4175 = VECTOR('',#4176,1.);
#4176 = DIRECTION('',(0.,0.,1.));
#4177 = ORIENTED_EDGE('',*,*,#1745,.F.);
#4178 = CYLINDRICAL_SURFACE('',#4179,2.499999839418);
#4179 = AXIS2_PLACEMENT_3D('',#4180,#4181,#4182);
#4180 = CARTESIAN_POINT('',(185.00000116058,-118.4999988394,0.));
#4181 = DIRECTION('',(-0.,-0.,-1.));
#4182 = DIRECTION('',(1.,-6.423306743859E-08,0.));
#4183 = ADVANCED_FACE('',(#4184),#4195,.T.);
#4184 = FACE_BOUND('',#4185,.T.);
#4185 = EDGE_LOOP('',(#4186,#4192,#4193,#4194));
#4186 = ORIENTED_EDGE('',*,*,#4187,.T.);
#4187 = EDGE_CURVE('',#1392,#2664,#4188,.T.);
#4188 = LINE('',#4189,#4190);
#4189 = CARTESIAN_POINT('',(153.,-61.,0.));
#4190 = VECTOR('',#4191,1.);
#4191 = DIRECTION('',(0.,0.,1.));
#4192 = ORIENTED_EDGE('',*,*,#2663,.T.);
#4193 = ORIENTED_EDGE('',*,*,#4153,.F.);
#4194 = ORIENTED_EDGE('',*,*,#1391,.F.);
#4195 = PLANE('',#4196);
#4196 = AXIS2_PLACEMENT_3D('',#4197,#4198,#4199);
#4197 = CARTESIAN_POINT('',(153.,-61.,0.));
#4198 = DIRECTION('',(0.,1.,0.));
#4199 = DIRECTION('',(1.,0.,0.));
#4200 = ADVANCED_FACE('',(#4201),#4212,.T.);
#4201 = FACE_BOUND('',#4202,.T.);
#4202 = EDGE_LOOP('',(#4203,#4204,#4205,#4211));
#4203 = ORIENTED_EDGE('',*,*,#4172,.T.);
#4204 = ORIENTED_EDGE('',*,*,#3009,.T.);
#4205 = ORIENTED_EDGE('',*,*,#4206,.F.);
#4206 = EDGE_CURVE('',#1729,#3001,#4207,.T.);
#4207 = LINE('',#4208,#4209);
#4208 = CARTESIAN_POINT('',(171.,-116.,0.));
#4209 = VECTOR('',#4210,1.);
#4210 = DIRECTION('',(0.,0.,1.));
#4211 = ORIENTED_EDGE('',*,*,#1737,.F.);
#4212 = PLANE('',#4213);
#4213 = AXIS2_PLACEMENT_3D('',#4214,#4215,#4216);
#4214 = CARTESIAN_POINT('',(185.,-115.999999,0.));
#4215 = DIRECTION('',(7.142857124823E-08,-1.,0.));
#4216 = DIRECTION('',(-1.,-7.142857124823E-08,0.));
#4217 = ADVANCED_FACE('',(#4218),#4229,.F.);
#4218 = FACE_BOUND('',#4219,.T.);
#4219 = EDGE_LOOP('',(#4220,#4226,#4227,#4228));
#4220 = ORIENTED_EDGE('',*,*,#4221,.T.);
#4221 = EDGE_CURVE('',#1400,#2672,#4222,.T.);
#4222 = LINE('',#4223,#4224);
#4223 = CARTESIAN_POINT('',(150.5,-58.5,0.));
#4224 = VECTOR('',#4225,1.);
#4225 = DIRECTION('',(0.,0.,1.));
#4226 = ORIENTED_EDGE('',*,*,#2671,.T.);
#4227 = ORIENTED_EDGE('',*,*,#4187,.F.);
#4228 = ORIENTED_EDGE('',*,*,#1399,.F.);
#4229 = CYLINDRICAL_SURFACE('',#4230,2.499999839417);
#4230 = AXIS2_PLACEMENT_3D('',#4231,#4232,#4233);
#4231 = CARTESIAN_POINT('',(152.99999983941,-58.50000016058,0.));
#4232 = DIRECTION('',(-0.,-0.,-1.));
#4233 = DIRECTION('',(-1.,6.423313565071E-08,0.));
#4234 = ADVANCED_FACE('',(#4235),#4246,.F.);
#4235 = FACE_BOUND('',#4236,.T.);
#4236 = EDGE_LOOP('',(#4237,#4238,#4239,#4245));
#4237 = ORIENTED_EDGE('',*,*,#4206,.T.);
#4238 = ORIENTED_EDGE('',*,*,#3000,.T.);
#4239 = ORIENTED_EDGE('',*,*,#4240,.F.);
#4240 = EDGE_CURVE('',#1721,#2993,#4241,.T.);
#4241 = LINE('',#4242,#4243);
#4242 = CARTESIAN_POINT('',(168.5,-118.5,0.));
#4243 = VECTOR('',#4244,1.);
#4244 = DIRECTION('',(0.,0.,1.));
#4245 = ORIENTED_EDGE('',*,*,#1728,.F.);
#4246 = CYLINDRICAL_SURFACE('',#4247,2.499999839417);
#4247 = AXIS2_PLACEMENT_3D('',#4248,#4249,#4250);
#4248 = CARTESIAN_POINT('',(170.99999983941,-118.4999998394,0.));
#4249 = DIRECTION('',(-0.,-0.,-1.));
#4250 = DIRECTION('',(6.42331470194E-08,1.,-0.));
#4251 = ADVANCED_FACE('',(#4252),#4263,.T.);
#4252 = FACE_BOUND('',#4253,.T.);
#4253 = EDGE_LOOP('',(#4254,#4260,#4261,#4262));
#4254 = ORIENTED_EDGE('',*,*,#4255,.T.);
#4255 = EDGE_CURVE('',#1409,#2681,#4256,.T.);
#4256 = LINE('',#4257,#4258);
#4257 = CARTESIAN_POINT('',(150.5,-51.5,0.));
#4258 = VECTOR('',#4259,1.);
#4259 = DIRECTION('',(0.,0.,1.));
#4260 = ORIENTED_EDGE('',*,*,#2680,.T.);
#4261 = ORIENTED_EDGE('',*,*,#4221,.F.);
#4262 = ORIENTED_EDGE('',*,*,#1408,.F.);
#4263 = PLANE('',#4264);
#4264 = AXIS2_PLACEMENT_3D('',#4265,#4266,#4267);
#4265 = CARTESIAN_POINT('',(150.5,-51.5,0.));
#4266 = DIRECTION('',(1.,0.,-0.));
#4267 = DIRECTION('',(0.,-1.,0.));
#4268 = ADVANCED_FACE('',(#4269),#4280,.T.);
#4269 = FACE_BOUND('',#4270,.T.);
#4270 = EDGE_LOOP('',(#4271,#4272,#4273,#4279));
#4271 = ORIENTED_EDGE('',*,*,#4240,.T.);
#4272 = ORIENTED_EDGE('',*,*,#2992,.T.);
#4273 = ORIENTED_EDGE('',*,*,#4274,.F.);
#4274 = EDGE_CURVE('',#1713,#2985,#4275,.T.);
#4275 = LINE('',#4276,#4277);
#4276 = CARTESIAN_POINT('',(168.5,-123.,0.));
#4277 = VECTOR('',#4278,1.);
#4278 = DIRECTION('',(0.,0.,1.));
#4279 = ORIENTED_EDGE('',*,*,#1720,.F.);
#4280 = PLANE('',#4281);
#4281 = AXIS2_PLACEMENT_3D('',#4282,#4283,#4284);
#4282 = CARTESIAN_POINT('',(168.5,-118.5,0.));
#4283 = DIRECTION('',(1.,0.,-0.));
#4284 = DIRECTION('',(0.,-1.,0.));
#4285 = ADVANCED_FACE('',(#4286),#4297,.T.);
#4286 = FACE_BOUND('',#4287,.T.);
#4287 = EDGE_LOOP('',(#4288,#4294,#4295,#4296));
#4288 = ORIENTED_EDGE('',*,*,#4289,.T.);
#4289 = EDGE_CURVE('',#1417,#2689,#4290,.T.);
#4290 = LINE('',#4291,#4292);
#4291 = CARTESIAN_POINT('',(148.,-49.,0.));
#4292 = VECTOR('',#4293,1.);
#4293 = DIRECTION('',(0.,0.,1.));
#4294 = ORIENTED_EDGE('',*,*,#2688,.T.);
#4295 = ORIENTED_EDGE('',*,*,#4255,.F.);
#4296 = ORIENTED_EDGE('',*,*,#1416,.F.);
#4297 = CYLINDRICAL_SURFACE('',#4298,2.499999839417);
#4298 = AXIS2_PLACEMENT_3D('',#4299,#4300,#4301);
#4299 = CARTESIAN_POINT('',(148.00000016058,-51.49999983941,0.));
#4300 = DIRECTION('',(0.,0.,-1.));
#4301 = DIRECTION('',(-6.423313565071E-08,1.,0.));
#4302 = ADVANCED_FACE('',(#4303),#4314,.T.);
#4303 = FACE_BOUND('',#4304,.T.);
#4304 = EDGE_LOOP('',(#4305,#4306,#4307,#4313));
#4305 = ORIENTED_EDGE('',*,*,#4274,.T.);
#4306 = ORIENTED_EDGE('',*,*,#2984,.T.);
#4307 = ORIENTED_EDGE('',*,*,#4308,.F.);
#4308 = EDGE_CURVE('',#1704,#2976,#4309,.T.);
#4309 = LINE('',#4310,#4311);
#4310 = CARTESIAN_POINT('',(168.5,-125.5,0.));
#4311 = VECTOR('',#4312,1.);
#4312 = DIRECTION('',(0.,0.,1.));
#4313 = ORIENTED_EDGE('',*,*,#1712,.F.);
#4314 = PLANE('',#4315);
#4315 = AXIS2_PLACEMENT_3D('',#4316,#4317,#4318);
#4316 = CARTESIAN_POINT('',(168.5,-123.,0.));
#4317 = DIRECTION('',(1.,0.,-0.));
#4318 = DIRECTION('',(0.,-1.,0.));
#4319 = ADVANCED_FACE('',(#4320),#4331,.T.);
#4320 = FACE_BOUND('',#4321,.T.);
#4321 = EDGE_LOOP('',(#4322,#4328,#4329,#4330));
#4322 = ORIENTED_EDGE('',*,*,#4323,.T.);
#4323 = EDGE_CURVE('',#1426,#2698,#4324,.T.);
#4324 = LINE('',#4325,#4326);
#4325 = CARTESIAN_POINT('',(145.5,-51.5,0.));
#4326 = VECTOR('',#4327,1.);
#4327 = DIRECTION('',(0.,0.,1.));
#4328 = ORIENTED_EDGE('',*,*,#2697,.T.);
#4329 = ORIENTED_EDGE('',*,*,#4289,.F.);
#4330 = ORIENTED_EDGE('',*,*,#1425,.F.);
#4331 = CYLINDRICAL_SURFACE('',#4332,2.499999839417);
#4332 = AXIS2_PLACEMENT_3D('',#4333,#4334,#4335);
#4333 = CARTESIAN_POINT('',(147.99999983941,-51.49999983941,0.));
#4334 = DIRECTION('',(0.,0.,-1.));
#4335 = DIRECTION('',(-1.,-6.423313565071E-08,-0.));
#4336 = ADVANCED_FACE('',(#4337),#4348,.T.);
#4337 = FACE_BOUND('',#4338,.T.);
#4338 = EDGE_LOOP('',(#4339,#4340,#4341,#4347));
#4339 = ORIENTED_EDGE('',*,*,#4308,.T.);
#4340 = ORIENTED_EDGE('',*,*,#2975,.T.);
#4341 = ORIENTED_EDGE('',*,*,#4342,.F.);
#4342 = EDGE_CURVE('',#1695,#2967,#4343,.T.);
#4343 = LINE('',#4344,#4345);
#4344 = CARTESIAN_POINT('',(166.,-128.,0.));
#4345 = VECTOR('',#4346,1.);
#4346 = DIRECTION('',(0.,0.,1.));
#4347 = ORIENTED_EDGE('',*,*,#1703,.F.);
#4348 = CYLINDRICAL_SURFACE('',#4349,2.499999839417);
#4349 = AXIS2_PLACEMENT_3D('',#4350,#4351,#4352);
#4350 = CARTESIAN_POINT('',(166.00000016058,-125.5000001605,0.));
#4351 = DIRECTION('',(0.,0.,-1.));
#4352 = DIRECTION('',(1.,6.423314133505E-08,0.));
#4353 = ADVANCED_FACE('',(#4354),#4365,.T.);
#4354 = FACE_BOUND('',#4355,.T.);
#4355 = EDGE_LOOP('',(#4356,#4362,#4363,#4364));
#4356 = ORIENTED_EDGE('',*,*,#4357,.T.);
#4357 = EDGE_CURVE('',#1435,#2707,#4358,.T.);
#4358 = LINE('',#4359,#4360);
#4359 = CARTESIAN_POINT('',(145.5,-58.5,0.));
#4360 = VECTOR('',#4361,1.);
#4361 = DIRECTION('',(0.,0.,1.));
#4362 = ORIENTED_EDGE('',*,*,#2706,.T.);
#4363 = ORIENTED_EDGE('',*,*,#4323,.F.);
#4364 = ORIENTED_EDGE('',*,*,#1434,.F.);
#4365 = PLANE('',#4366);
#4366 = AXIS2_PLACEMENT_3D('',#4367,#4368,#4369);
#4367 = CARTESIAN_POINT('',(145.5,-58.5,0.));
#4368 = DIRECTION('',(-1.,0.,0.));
#4369 = DIRECTION('',(0.,1.,0.));
#4370 = ADVANCED_FACE('',(#4371),#4382,.T.);
#4371 = FACE_BOUND('',#4372,.T.);
#4372 = EDGE_LOOP('',(#4373,#4374,#4375,#4381));
#4373 = ORIENTED_EDGE('',*,*,#4342,.T.);
#4374 = ORIENTED_EDGE('',*,*,#2966,.T.);
#4375 = ORIENTED_EDGE('',*,*,#4376,.F.);
#4376 = EDGE_CURVE('',#1687,#2959,#4377,.T.);
#4377 = LINE('',#4378,#4379);
#4378 = CARTESIAN_POINT('',(163.5,-125.5,0.));
#4379 = VECTOR('',#4380,1.);
#4380 = DIRECTION('',(0.,0.,1.));
#4381 = ORIENTED_EDGE('',*,*,#1694,.F.);
#4382 = CYLINDRICAL_SURFACE('',#4383,2.499999839417);
#4383 = AXIS2_PLACEMENT_3D('',#4384,#4385,#4386);
#4384 = CARTESIAN_POINT('',(165.99999983941,-125.5000001605,0.));
#4385 = DIRECTION('',(0.,0.,-1.));
#4386 = DIRECTION('',(6.42331470194E-08,-1.,0.));
#4387 = ADVANCED_FACE('',(#4388),#4399,.F.);
#4388 = FACE_BOUND('',#4389,.T.);
#4389 = EDGE_LOOP('',(#4390,#4396,#4397,#4398));
#4390 = ORIENTED_EDGE('',*,*,#4391,.T.);
#4391 = EDGE_CURVE('',#1443,#2715,#4392,.T.);
#4392 = LINE('',#4393,#4394);
#4393 = CARTESIAN_POINT('',(143.,-61.,0.));
#4394 = VECTOR('',#4395,1.);
#4395 = DIRECTION('',(0.,0.,1.));
#4396 = ORIENTED_EDGE('',*,*,#2714,.T.);
#4397 = ORIENTED_EDGE('',*,*,#4357,.F.);
#4398 = ORIENTED_EDGE('',*,*,#1442,.F.);
#4399 = CYLINDRICAL_SURFACE('',#4400,2.499999839417);
#4400 = AXIS2_PLACEMENT_3D('',#4401,#4402,#4403);
#4401 = CARTESIAN_POINT('',(143.00000016058,-58.50000016058,0.));
#4402 = DIRECTION('',(-0.,-0.,-1.));
#4403 = DIRECTION('',(-6.423313565071E-08,-1.,0.));
#4404 = ADVANCED_FACE('',(#4405),#4416,.T.);
#4405 = FACE_BOUND('',#4406,.T.);
#4406 = EDGE_LOOP('',(#4407,#4408,#4409,#4415));
#4407 = ORIENTED_EDGE('',*,*,#4376,.T.);
#4408 = ORIENTED_EDGE('',*,*,#2958,.T.);
#4409 = ORIENTED_EDGE('',*,*,#4410,.F.);
#4410 = EDGE_CURVE('',#1678,#2950,#4411,.T.);
#4411 = LINE('',#4412,#4413);
#4412 = CARTESIAN_POINT('',(163.5,-118.5,0.));
#4413 = VECTOR('',#4414,1.);
#4414 = DIRECTION('',(0.,0.,1.));
#4415 = ORIENTED_EDGE('',*,*,#1686,.F.);
#4416 = PLANE('',#4417);
#4417 = AXIS2_PLACEMENT_3D('',#4418,#4419,#4420);
#4418 = CARTESIAN_POINT('',(163.5,-125.5,0.));
#4419 = DIRECTION('',(-1.,0.,0.));
#4420 = DIRECTION('',(0.,1.,0.));
#4421 = ADVANCED_FACE('',(#4422),#4433,.T.);
#4422 = FACE_BOUND('',#4423,.T.);
#4423 = EDGE_LOOP('',(#4424,#4430,#4431,#4432));
#4424 = ORIENTED_EDGE('',*,*,#4425,.T.);
#4425 = EDGE_CURVE('',#1452,#2724,#4426,.T.);
#4426 = LINE('',#4427,#4428);
#4427 = CARTESIAN_POINT('',(128.999999,-61.,0.));
#4428 = VECTOR('',#4429,1.);
#4429 = DIRECTION('',(0.,0.,1.));
#4430 = ORIENTED_EDGE('',*,*,#2723,.T.);
#4431 = ORIENTED_EDGE('',*,*,#4391,.F.);
#4432 = ORIENTED_EDGE('',*,*,#1451,.F.);
#4433 = PLANE('',#4434);
#4434 = AXIS2_PLACEMENT_3D('',#4435,#4436,#4437);
#4435 = CARTESIAN_POINT('',(128.999999,-61.,0.));
#4436 = DIRECTION('',(0.,1.,0.));
#4437 = DIRECTION('',(1.,0.,0.));
#4438 = ADVANCED_FACE('',(#4439),#4450,.F.);
#4439 = FACE_BOUND('',#4440,.T.);
#4440 = EDGE_LOOP('',(#4441,#4442,#4443,#4449));
#4441 = ORIENTED_EDGE('',*,*,#4410,.T.);
#4442 = ORIENTED_EDGE('',*,*,#2949,.T.);
#4443 = ORIENTED_EDGE('',*,*,#4444,.F.);
#4444 = EDGE_CURVE('',#1670,#2942,#4445,.T.);
#4445 = LINE('',#4446,#4447);
#4446 = CARTESIAN_POINT('',(161.,-116.,0.));
#4447 = VECTOR('',#4448,1.);
#4448 = DIRECTION('',(0.,0.,1.));
#4449 = ORIENTED_EDGE('',*,*,#1677,.F.);
#4450 = CYLINDRICAL_SURFACE('',#4451,2.499999839417);
#4451 = AXIS2_PLACEMENT_3D('',#4452,#4453,#4454);
#4452 = CARTESIAN_POINT('',(161.00000016058,-118.4999998394,0.));
#4453 = DIRECTION('',(-0.,-0.,-1.));
#4454 = DIRECTION('',(1.,-6.423314133505E-08,0.));
#4455 = ADVANCED_FACE('',(#4456),#4467,.F.);
#4456 = FACE_BOUND('',#4457,.T.);
#4457 = EDGE_LOOP('',(#4458,#4464,#4465,#4466));
#4458 = ORIENTED_EDGE('',*,*,#4459,.T.);
#4459 = EDGE_CURVE('',#1460,#2732,#4460,.T.);
#4460 = LINE('',#4461,#4462);
#4461 = CARTESIAN_POINT('',(126.499998,-58.5,0.));
#4462 = VECTOR('',#4463,1.);
#4463 = DIRECTION('',(0.,0.,1.));
#4464 = ORIENTED_EDGE('',*,*,#2731,.T.);
#4465 = ORIENTED_EDGE('',*,*,#4425,.F.);
#4466 = ORIENTED_EDGE('',*,*,#1459,.F.);
#4467 = CYLINDRICAL_SURFACE('',#4468,2.500001546525);
#4468 = AXIS2_PLACEMENT_3D('',#4469,#4470,#4471);
#4469 = CARTESIAN_POINT('',(128.99999954652,-58.49999845347,0.));
#4470 = DIRECTION('',(-0.,-0.,-1.));
#4471 = DIRECTION('',(-1.,-6.186094292309E-07,0.));
#4472 = ADVANCED_FACE('',(#4473),#4484,.T.);
#4473 = FACE_BOUND('',#4474,.T.);
#4474 = EDGE_LOOP('',(#4475,#4476,#4477,#4483));
#4475 = ORIENTED_EDGE('',*,*,#4444,.T.);
#4476 = ORIENTED_EDGE('',*,*,#2941,.T.);
#4477 = ORIENTED_EDGE('',*,*,#4478,.F.);
#4478 = EDGE_CURVE('',#1661,#2933,#4479,.T.);
#4479 = LINE('',#4480,#4481);
#4480 = CARTESIAN_POINT('',(153.,-116.,0.));
#4481 = VECTOR('',#4482,1.);
#4482 = DIRECTION('',(0.,0.,1.));
#4483 = ORIENTED_EDGE('',*,*,#1669,.F.);
#4484 = PLANE('',#4485);
#4485 = AXIS2_PLACEMENT_3D('',#4486,#4487,#4488);
#4486 = CARTESIAN_POINT('',(161.,-116.,0.));
#4487 = DIRECTION('',(0.,-1.,0.));
#4488 = DIRECTION('',(-1.,0.,0.));
#4489 = ADVANCED_FACE('',(#4490),#4501,.T.);
#4490 = FACE_BOUND('',#4491,.T.);
#4491 = EDGE_LOOP('',(#4492,#4498,#4499,#4500));
#4492 = ORIENTED_EDGE('',*,*,#4493,.T.);
#4493 = EDGE_CURVE('',#1469,#2741,#4494,.T.);
#4494 = LINE('',#4495,#4496);
#4495 = CARTESIAN_POINT('',(126.499999,-54.000001,0.));
#4496 = VECTOR('',#4497,1.);
#4497 = DIRECTION('',(0.,0.,1.));
#4498 = ORIENTED_EDGE('',*,*,#2740,.T.);
#4499 = ORIENTED_EDGE('',*,*,#4459,.F.);
#4500 = ORIENTED_EDGE('',*,*,#1468,.F.);
#4501 = PLANE('',#4502);
#4502 = AXIS2_PLACEMENT_3D('',#4503,#4504,#4505);
#4503 = CARTESIAN_POINT('',(126.499999,-54.000001,0.));
#4504 = DIRECTION('',(1.,-2.222222710439E-07,0.));
#4505 = DIRECTION('',(-2.222222710439E-07,-1.,0.));
#4506 = ADVANCED_FACE('',(#4507),#4518,.F.);
#4507 = FACE_BOUND('',#4508,.T.);
#4508 = EDGE_LOOP('',(#4509,#4510,#4511,#4517));
#4509 = ORIENTED_EDGE('',*,*,#4478,.T.);
#4510 = ORIENTED_EDGE('',*,*,#2932,.T.);
#4511 = ORIENTED_EDGE('',*,*,#4512,.F.);
#4512 = EDGE_CURVE('',#1653,#2925,#4513,.T.);
#4513 = LINE('',#4514,#4515);
#4514 = CARTESIAN_POINT('',(150.5,-118.5,0.));
#4515 = VECTOR('',#4516,1.);
#4516 = DIRECTION('',(0.,0.,1.));
#4517 = ORIENTED_EDGE('',*,*,#1660,.F.);
#4518 = CYLINDRICAL_SURFACE('',#4519,2.499999839417);
#4519 = AXIS2_PLACEMENT_3D('',#4520,#4521,#4522);
#4520 = CARTESIAN_POINT('',(152.99999983941,-118.4999998394,0.));
#4521 = DIRECTION('',(-0.,-0.,-1.));
#4522 = DIRECTION('',(6.42331470194E-08,1.,-0.));
#4523 = ADVANCED_FACE('',(#4524),#4535,.T.);
#4524 = FACE_BOUND('',#4525,.T.);
#4525 = EDGE_LOOP('',(#4526,#4532,#4533,#4534));
#4526 = ORIENTED_EDGE('',*,*,#4527,.T.);
#4527 = EDGE_CURVE('',#1477,#2749,#4528,.T.);
#4528 = LINE('',#4529,#4530);
#4529 = CARTESIAN_POINT('',(126.499999,-51.500001,0.));
#4530 = VECTOR('',#4531,1.);
#4531 = DIRECTION('',(0.,0.,1.));
#4532 = ORIENTED_EDGE('',*,*,#2748,.T.);
#4533 = ORIENTED_EDGE('',*,*,#4493,.F.);
#4534 = ORIENTED_EDGE('',*,*,#1476,.F.);
#4535 = PLANE('',#4536);
#4536 = AXIS2_PLACEMENT_3D('',#4537,#4538,#4539);
#4537 = CARTESIAN_POINT('',(126.499999,-51.500001,0.));
#4538 = DIRECTION('',(1.,0.,-0.));
#4539 = DIRECTION('',(0.,-1.,0.));
#4540 = ADVANCED_FACE('',(#4541),#4552,.T.);
#4541 = FACE_BOUND('',#4542,.T.);
#4542 = EDGE_LOOP('',(#4543,#4544,#4545,#4551));
#4543 = ORIENTED_EDGE('',*,*,#4512,.T.);
#4544 = ORIENTED_EDGE('',*,*,#2924,.T.);
#4545 = ORIENTED_EDGE('',*,*,#4546,.F.);
#4546 = EDGE_CURVE('',#1644,#2916,#4547,.T.);
#4547 = LINE('',#4548,#4549);
#4548 = CARTESIAN_POINT('',(150.500001,-125.5,0.));
#4549 = VECTOR('',#4550,1.);
#4550 = DIRECTION('',(0.,0.,1.));
#4551 = ORIENTED_EDGE('',*,*,#1652,.F.);
#4552 = PLANE('',#4553);
#4553 = AXIS2_PLACEMENT_3D('',#4554,#4555,#4556);
#4554 = CARTESIAN_POINT('',(150.5,-118.5,0.));
#4555 = DIRECTION('',(1.,1.428571424965E-07,-0.));
#4556 = DIRECTION('',(1.428571424965E-07,-1.,0.));
#4557 = ADVANCED_FACE('',(#4558),#4569,.T.);
#4558 = FACE_BOUND('',#4559,.T.);
#4559 = EDGE_LOOP('',(#4560,#4566,#4567,#4568));
#4560 = ORIENTED_EDGE('',*,*,#4561,.T.);
#4561 = EDGE_CURVE('',#1485,#2757,#4562,.T.);
#4562 = LINE('',#4563,#4564);
#4563 = CARTESIAN_POINT('',(123.999999,-49.000001,0.));
#4564 = VECTOR('',#4565,1.);
#4565 = DIRECTION('',(0.,0.,1.));
#4566 = ORIENTED_EDGE('',*,*,#2756,.T.);
#4567 = ORIENTED_EDGE('',*,*,#4527,.F.);
#4568 = ORIENTED_EDGE('',*,*,#1484,.F.);
#4569 = CYLINDRICAL_SURFACE('',#4570,2.499996425212);
#4570 = AXIS2_PLACEMENT_3D('',#4571,#4572,#4573);
#4571 = CARTESIAN_POINT('',(124.00000257479,-51.49999742521,0.));
#4572 = DIRECTION('',(0.,0.,-1.));
#4573 = DIRECTION('',(-1.429918141302E-06,0.999999999999,0.));
#4574 = ADVANCED_FACE('',(#4575),#4586,.T.);
#4575 = FACE_BOUND('',#4576,.T.);
#4576 = EDGE_LOOP('',(#4577,#4578,#4579,#4585));
#4577 = ORIENTED_EDGE('',*,*,#4546,.T.);
#4578 = ORIENTED_EDGE('',*,*,#2915,.T.);
#4579 = ORIENTED_EDGE('',*,*,#4580,.F.);
#4580 = EDGE_CURVE('',#1635,#2907,#4581,.T.);
#4581 = LINE('',#4582,#4583);
#4582 = CARTESIAN_POINT('',(148.000001,-128.,0.));
#4583 = VECTOR('',#4584,1.);
#4584 = DIRECTION('',(0.,0.,1.));
#4585 = ORIENTED_EDGE('',*,*,#1643,.F.);
#4586 = CYLINDRICAL_SURFACE('',#4587,2.499999839417);
#4587 = AXIS2_PLACEMENT_3D('',#4588,#4589,#4590);
#4588 = CARTESIAN_POINT('',(148.00000116058,-125.5000001605,0.));
#4589 = DIRECTION('',(0.,0.,-1.));
#4590 = DIRECTION('',(1.,6.423314133505E-08,0.));
#4591 = ADVANCED_FACE('',(#4592),#4603,.T.);
#4592 = FACE_BOUND('',#4593,.T.);
#4593 = EDGE_LOOP('',(#4594,#4600,#4601,#4602));
#4594 = ORIENTED_EDGE('',*,*,#4595,.T.);
#4595 = EDGE_CURVE('',#1494,#2766,#4596,.T.);
#4596 = LINE('',#4597,#4598);
#4597 = CARTESIAN_POINT('',(117.499999,-49.000001,0.));
#4598 = VECTOR('',#4599,1.);
#4599 = DIRECTION('',(0.,0.,1.));
#4600 = ORIENTED_EDGE('',*,*,#2765,.T.);
#4601 = ORIENTED_EDGE('',*,*,#4561,.F.);
#4602 = ORIENTED_EDGE('',*,*,#1493,.F.);
#4603 = PLANE('',#4604);
#4604 = AXIS2_PLACEMENT_3D('',#4605,#4606,#4607);
#4605 = CARTESIAN_POINT('',(117.499999,-49.000001,0.));
#4606 = DIRECTION('',(0.,1.,0.));
#4607 = DIRECTION('',(1.,0.,0.));
#4608 = ADVANCED_FACE('',(#4609),#4620,.T.);
#4609 = FACE_BOUND('',#4610,.T.);
#4610 = EDGE_LOOP('',(#4611,#4612,#4613,#4619));
#4611 = ORIENTED_EDGE('',*,*,#4580,.T.);
#4612 = ORIENTED_EDGE('',*,*,#2906,.T.);
#4613 = ORIENTED_EDGE('',*,*,#4614,.F.);
#4614 = EDGE_CURVE('',#1627,#2899,#4615,.T.);
#4615 = LINE('',#4616,#4617);
#4616 = CARTESIAN_POINT('',(145.500001,-125.5,0.));
#4617 = VECTOR('',#4618,1.);
#4618 = DIRECTION('',(0.,0.,1.));
#4619 = ORIENTED_EDGE('',*,*,#1634,.F.);
#4620 = CYLINDRICAL_SURFACE('',#4621,2.499999839417);
#4621 = AXIS2_PLACEMENT_3D('',#4622,#4623,#4624);
#4622 = CARTESIAN_POINT('',(148.00000083941,-125.5000001605,0.));
#4623 = DIRECTION('',(0.,0.,-1.));
#4624 = DIRECTION('',(6.42331470194E-08,-1.,0.));
#4625 = ADVANCED_FACE('',(#4626),#4637,.T.);
#4626 = FACE_BOUND('',#4627,.T.);
#4627 = EDGE_LOOP('',(#4628,#4634,#4635,#4636));
#4628 = ORIENTED_EDGE('',*,*,#4629,.T.);
#4629 = EDGE_CURVE('',#1502,#2774,#4630,.T.);
#4630 = LINE('',#4631,#4632);
#4631 = CARTESIAN_POINT('',(115.,-51.5,0.));
#4632 = VECTOR('',#4633,1.);
#4633 = DIRECTION('',(0.,0.,1.));
#4634 = ORIENTED_EDGE('',*,*,#2773,.T.);
#4635 = ORIENTED_EDGE('',*,*,#4595,.F.);
#4636 = ORIENTED_EDGE('',*,*,#1501,.F.);
#4637 = CYLINDRICAL_SURFACE('',#4638,2.499998132311);
#4638 = AXIS2_PLACEMENT_3D('',#4639,#4640,#4641);
#4639 = CARTESIAN_POINT('',(117.49999813231,-51.49999913231,0.));
#4640 = DIRECTION('',(0.,0.,-1.));
#4641 = DIRECTION('',(-1.,-3.470760680963E-07,-0.));
#4642 = ADVANCED_FACE('',(#4643),#4654,.T.);
#4643 = FACE_BOUND('',#4644,.T.);
#4644 = EDGE_LOOP('',(#4645,#4646,#4647,#4653));
#4645 = ORIENTED_EDGE('',*,*,#4614,.T.);
#4646 = ORIENTED_EDGE('',*,*,#2898,.T.);
#4647 = ORIENTED_EDGE('',*,*,#4648,.F.);
#4648 = EDGE_CURVE('',#1619,#2891,#4649,.T.);
#4649 = LINE('',#4650,#4651);
#4650 = CARTESIAN_POINT('',(145.500001,-123.,0.));
#4651 = VECTOR('',#4652,1.);
#4652 = DIRECTION('',(0.,0.,1.));
#4653 = ORIENTED_EDGE('',*,*,#1626,.F.);
#4654 = PLANE('',#4655);
#4655 = AXIS2_PLACEMENT_3D('',#4656,#4657,#4658);
#4656 = CARTESIAN_POINT('',(145.500001,-125.5,0.));
#4657 = DIRECTION('',(-1.,0.,0.));
#4658 = DIRECTION('',(0.,1.,0.));
#4659 = ADVANCED_FACE('',(#4660),#4671,.T.);
#4660 = FACE_BOUND('',#4661,.T.);
#4661 = EDGE_LOOP('',(#4662,#4668,#4669,#4670));
#4662 = ORIENTED_EDGE('',*,*,#4663,.T.);
#4663 = EDGE_CURVE('',#1511,#2783,#4664,.T.);
#4664 = LINE('',#4665,#4666);
#4665 = CARTESIAN_POINT('',(115.,-54.,0.));
#4666 = VECTOR('',#4667,1.);
#4667 = DIRECTION('',(0.,0.,1.));
#4668 = ORIENTED_EDGE('',*,*,#2782,.T.);
#4669 = ORIENTED_EDGE('',*,*,#4629,.F.);
#4670 = ORIENTED_EDGE('',*,*,#1510,.F.);
#4671 = PLANE('',#4672);
#4672 = AXIS2_PLACEMENT_3D('',#4673,#4674,#4675);
#4673 = CARTESIAN_POINT('',(115.,-54.,0.));
#4674 = DIRECTION('',(-1.,0.,0.));
#4675 = DIRECTION('',(0.,1.,0.));
#4676 = ADVANCED_FACE('',(#4677),#4688,.T.);
#4677 = FACE_BOUND('',#4678,.T.);
#4678 = EDGE_LOOP('',(#4679,#4680,#4681,#4687));
#4679 = ORIENTED_EDGE('',*,*,#4648,.T.);
#4680 = ORIENTED_EDGE('',*,*,#2890,.T.);
#4681 = ORIENTED_EDGE('',*,*,#4682,.F.);
#4682 = EDGE_CURVE('',#1610,#2882,#4683,.T.);
#4683 = LINE('',#4684,#4685);
#4684 = CARTESIAN_POINT('',(145.5,-118.5,0.));
#4685 = VECTOR('',#4686,1.);
#4686 = DIRECTION('',(0.,0.,1.));
#4687 = ORIENTED_EDGE('',*,*,#1618,.F.);
#4688 = PLANE('',#4689);
#4689 = AXIS2_PLACEMENT_3D('',#4690,#4691,#4692);
#4690 = CARTESIAN_POINT('',(145.500001,-123.,0.));
#4691 = DIRECTION('',(-1.,-2.222222216612E-07,0.));
#4692 = DIRECTION('',(-2.222222216612E-07,1.,0.));
#4693 = ADVANCED_FACE('',(#4694),#4705,.T.);
#4694 = FACE_BOUND('',#4695,.T.);
#4695 = EDGE_LOOP('',(#4696,#4702,#4703,#4704));
#4696 = ORIENTED_EDGE('',*,*,#4697,.T.);
#4697 = EDGE_CURVE('',#1519,#2791,#4698,.T.);
#4698 = LINE('',#4699,#4700);
#4699 = CARTESIAN_POINT('',(115.,-77.,0.));
#4700 = VECTOR('',#4701,1.);
#4701 = DIRECTION('',(0.,0.,1.));
#4702 = ORIENTED_EDGE('',*,*,#2790,.T.);
#4703 = ORIENTED_EDGE('',*,*,#4663,.F.);
#4704 = ORIENTED_EDGE('',*,*,#1518,.F.);
#4705 = PLANE('',#4706);
#4706 = AXIS2_PLACEMENT_3D('',#4707,#4708,#4709);
#4707 = CARTESIAN_POINT('',(115.,-77.,0.));
#4708 = DIRECTION('',(-1.,0.,0.));
#4709 = DIRECTION('',(0.,1.,0.));
#4710 = ADVANCED_FACE('',(#4711),#4722,.F.);
#4711 = FACE_BOUND('',#4712,.T.);
#4712 = EDGE_LOOP('',(#4713,#4714,#4715,#4721));
#4713 = ORIENTED_EDGE('',*,*,#4682,.T.);
#4714 = ORIENTED_EDGE('',*,*,#2881,.T.);
#4715 = ORIENTED_EDGE('',*,*,#4716,.F.);
#4716 = EDGE_CURVE('',#1602,#2874,#4717,.T.);
#4717 = LINE('',#4718,#4719);
#4718 = CARTESIAN_POINT('',(143.,-116.,0.));
#4719 = VECTOR('',#4720,1.);
#4720 = DIRECTION('',(0.,0.,1.));
#4721 = ORIENTED_EDGE('',*,*,#1609,.F.);
#4722 = CYLINDRICAL_SURFACE('',#4723,2.499996425212);
#4723 = AXIS2_PLACEMENT_3D('',#4724,#4725,#4726);
#4724 = CARTESIAN_POINT('',(143.00000357479,-118.4999964252,0.));
#4725 = DIRECTION('',(-0.,-0.,-1.));
#4726 = DIRECTION('',(0.999999999999,-1.429918141302E-06,0.));
#4727 = ADVANCED_FACE('',(#4728),#4739,.T.);
#4728 = FACE_BOUND('',#4729,.T.);
#4729 = EDGE_LOOP('',(#4730,#4736,#4737,#4738));
#4730 = ORIENTED_EDGE('',*,*,#4731,.T.);
#4731 = EDGE_CURVE('',#1527,#2799,#4732,.T.);
#4732 = LINE('',#4733,#4734);
#4733 = CARTESIAN_POINT('',(115.,-100.,0.));
#4734 = VECTOR('',#4735,1.);
#4735 = DIRECTION('',(0.,0.,1.));
#4736 = ORIENTED_EDGE('',*,*,#2798,.T.);
#4737 = ORIENTED_EDGE('',*,*,#4697,.F.);
#4738 = ORIENTED_EDGE('',*,*,#1526,.F.);
#4739 = PLANE('',#4740);
#4740 = AXIS2_PLACEMENT_3D('',#4741,#4742,#4743);
#4741 = CARTESIAN_POINT('',(115.,-100.,0.));
#4742 = DIRECTION('',(-1.,0.,0.));
#4743 = DIRECTION('',(0.,1.,0.));
#4744 = ADVANCED_FACE('',(#4745),#4756,.T.);
#4745 = FACE_BOUND('',#4746,.T.);
#4746 = EDGE_LOOP('',(#4747,#4748,#4749,#4755));
#4747 = ORIENTED_EDGE('',*,*,#4716,.T.);
#4748 = ORIENTED_EDGE('',*,*,#2873,.T.);
#4749 = ORIENTED_EDGE('',*,*,#4750,.F.);
#4750 = EDGE_CURVE('',#1593,#2865,#4751,.T.);
#4751 = LINE('',#4752,#4753);
#4752 = CARTESIAN_POINT('',(128.999999,-116.000001,0.));
#4753 = VECTOR('',#4754,1.);
#4754 = DIRECTION('',(0.,0.,1.));
#4755 = ORIENTED_EDGE('',*,*,#1601,.F.);
#4756 = PLANE('',#4757);
#4757 = AXIS2_PLACEMENT_3D('',#4758,#4759,#4760);
#4758 = CARTESIAN_POINT('',(143.,-116.,0.));
#4759 = DIRECTION('',(7.142856614619E-08,-1.,0.));
#4760 = DIRECTION('',(-1.,-7.142856614619E-08,0.));
#4761 = ADVANCED_FACE('',(#4762),#4773,.T.);
#4762 = FACE_BOUND('',#4763,.T.);
#4763 = EDGE_LOOP('',(#4764,#4770,#4771,#4772));
#4764 = ORIENTED_EDGE('',*,*,#4765,.T.);
#4765 = EDGE_CURVE('',#1535,#2807,#4766,.T.);
#4766 = LINE('',#4767,#4768);
#4767 = CARTESIAN_POINT('',(115.,-123.,0.));
#4768 = VECTOR('',#4769,1.);
#4769 = DIRECTION('',(0.,0.,1.));
#4770 = ORIENTED_EDGE('',*,*,#2806,.T.);
#4771 = ORIENTED_EDGE('',*,*,#4731,.F.);
#4772 = ORIENTED_EDGE('',*,*,#1534,.F.);
#4773 = PLANE('',#4774);
#4774 = AXIS2_PLACEMENT_3D('',#4775,#4776,#4777);
#4775 = CARTESIAN_POINT('',(115.,-123.,0.));
#4776 = DIRECTION('',(-1.,0.,0.));
#4777 = DIRECTION('',(0.,1.,0.));
#4778 = ADVANCED_FACE('',(#4779),#4790,.F.);
#4779 = FACE_BOUND('',#4780,.T.);
#4780 = EDGE_LOOP('',(#4781,#4782,#4783,#4789));
#4781 = ORIENTED_EDGE('',*,*,#4750,.T.);
#4782 = ORIENTED_EDGE('',*,*,#2864,.T.);
#4783 = ORIENTED_EDGE('',*,*,#4784,.F.);
#4784 = EDGE_CURVE('',#1585,#2857,#4785,.T.);
#4785 = LINE('',#4786,#4787);
#4786 = CARTESIAN_POINT('',(126.499999,-118.500001,0.));
#4787 = VECTOR('',#4788,1.);
#4788 = DIRECTION('',(0.,0.,1.));
#4789 = ORIENTED_EDGE('',*,*,#1592,.F.);
#4790 = CYLINDRICAL_SURFACE('',#4791,2.499999839417);
#4791 = AXIS2_PLACEMENT_3D('',#4792,#4793,#4794);
#4792 = CARTESIAN_POINT('',(128.99999883941,-118.5000008394,0.));
#4793 = DIRECTION('',(-0.,-0.,-1.));
#4794 = DIRECTION('',(6.423313565071E-08,1.,-0.));
#4795 = ADVANCED_FACE('',(#4796),#4807,.T.);
#4796 = FACE_BOUND('',#4797,.T.);
#4797 = EDGE_LOOP('',(#4798,#4804,#4805,#4806));
#4798 = ORIENTED_EDGE('',*,*,#4799,.T.);
#4799 = EDGE_CURVE('',#1543,#2815,#4800,.T.);
#4800 = LINE('',#4801,#4802);
#4801 = CARTESIAN_POINT('',(115.,-125.5,0.));
#4802 = VECTOR('',#4803,1.);
#4803 = DIRECTION('',(0.,0.,1.));
#4804 = ORIENTED_EDGE('',*,*,#2814,.T.);
#4805 = ORIENTED_EDGE('',*,*,#4765,.F.);
#4806 = ORIENTED_EDGE('',*,*,#1542,.F.);
#4807 = PLANE('',#4808);
#4808 = AXIS2_PLACEMENT_3D('',#4809,#4810,#4811);
#4809 = CARTESIAN_POINT('',(115.,-125.5,0.));
#4810 = DIRECTION('',(-1.,0.,0.));
#4811 = DIRECTION('',(0.,1.,0.));
#4812 = ADVANCED_FACE('',(#4813),#4824,.T.);
#4813 = FACE_BOUND('',#4814,.T.);
#4814 = EDGE_LOOP('',(#4815,#4816,#4817,#4823));
#4815 = ORIENTED_EDGE('',*,*,#4784,.T.);
#4816 = ORIENTED_EDGE('',*,*,#2856,.T.);
#4817 = ORIENTED_EDGE('',*,*,#4818,.F.);
#4818 = EDGE_CURVE('',#1577,#2849,#4819,.T.);
#4819 = LINE('',#4820,#4821);
#4820 = CARTESIAN_POINT('',(126.499999,-123.000001,0.));
#4821 = VECTOR('',#4822,1.);
#4822 = DIRECTION('',(0.,0.,1.));
#4823 = ORIENTED_EDGE('',*,*,#1584,.F.);
#4824 = PLANE('',#4825);
#4825 = AXIS2_PLACEMENT_3D('',#4826,#4827,#4828);
#4826 = CARTESIAN_POINT('',(126.499999,-118.500001,0.));
#4827 = DIRECTION('',(1.,0.,-0.));
#4828 = DIRECTION('',(0.,-1.,0.));
#4829 = ADVANCED_FACE('',(#4830),#4841,.T.);
#4830 = FACE_BOUND('',#4831,.T.);
#4831 = EDGE_LOOP('',(#4832,#4838,#4839,#4840));
#4832 = ORIENTED_EDGE('',*,*,#4833,.T.);
#4833 = EDGE_CURVE('',#1551,#2823,#4834,.T.);
#4834 = LINE('',#4835,#4836);
#4835 = CARTESIAN_POINT('',(117.5,-128.,0.));
#4836 = VECTOR('',#4837,1.);
#4837 = DIRECTION('',(0.,0.,1.));
#4838 = ORIENTED_EDGE('',*,*,#2822,.T.);
#4839 = ORIENTED_EDGE('',*,*,#4799,.F.);
#4840 = ORIENTED_EDGE('',*,*,#1550,.F.);
#4841 = CYLINDRICAL_SURFACE('',#4842,2.499996425212);
#4842 = AXIS2_PLACEMENT_3D('',#4843,#4844,#4845);
#4843 = CARTESIAN_POINT('',(117.49999642521,-125.5000035747,0.));
#4844 = DIRECTION('',(0.,0.,-1.));
#4845 = DIRECTION('',(1.429918146986E-06,-0.999999999999,0.));
#4846 = ADVANCED_FACE('',(#4847),#4858,.T.);
#4847 = FACE_BOUND('',#4848,.T.);
#4848 = EDGE_LOOP('',(#4849,#4850,#4851,#4857));
#4849 = ORIENTED_EDGE('',*,*,#4818,.T.);
#4850 = ORIENTED_EDGE('',*,*,#2848,.T.);
#4851 = ORIENTED_EDGE('',*,*,#4852,.F.);
#4852 = EDGE_CURVE('',#1568,#2840,#4853,.T.);
#4853 = LINE('',#4854,#4855);
#4854 = CARTESIAN_POINT('',(126.499999,-125.500001,0.));
#4855 = VECTOR('',#4856,1.);
#4856 = DIRECTION('',(0.,0.,1.));
#4857 = ORIENTED_EDGE('',*,*,#1576,.F.);
#4858 = PLANE('',#4859);
#4859 = AXIS2_PLACEMENT_3D('',#4860,#4861,#4862);
#4860 = CARTESIAN_POINT('',(126.499999,-123.000001,0.));
#4861 = DIRECTION('',(1.,0.,-0.));
#4862 = DIRECTION('',(0.,-1.,0.));
#4863 = ADVANCED_FACE('',(#4864),#4875,.T.);
#4864 = FACE_BOUND('',#4865,.T.);
#4865 = EDGE_LOOP('',(#4866,#4872,#4873,#4874));
#4866 = ORIENTED_EDGE('',*,*,#4867,.T.);
#4867 = EDGE_CURVE('',#1560,#2832,#4868,.T.);
#4868 = LINE('',#4869,#4870);
#4869 = CARTESIAN_POINT('',(124.,-128.,0.));
#4870 = VECTOR('',#4871,1.);
#4871 = DIRECTION('',(0.,0.,1.));
#4872 = ORIENTED_EDGE('',*,*,#2831,.T.);
#4873 = ORIENTED_EDGE('',*,*,#4833,.F.);
#4874 = ORIENTED_EDGE('',*,*,#1559,.F.);
#4875 = PLANE('',#4876);
#4876 = AXIS2_PLACEMENT_3D('',#4877,#4878,#4879);
#4877 = CARTESIAN_POINT('',(124.,-128.,0.));
#4878 = DIRECTION('',(0.,-1.,0.));
#4879 = DIRECTION('',(-1.,0.,0.));
#4880 = ADVANCED_FACE('',(#4881),#4887,.T.);
#4881 = FACE_BOUND('',#4882,.T.);
#4882 = EDGE_LOOP('',(#4883,#4884,#4885,#4886));
#4883 = ORIENTED_EDGE('',*,*,#4852,.T.);
#4884 = ORIENTED_EDGE('',*,*,#2839,.T.);
#4885 = ORIENTED_EDGE('',*,*,#4867,.F.);
#4886 = ORIENTED_EDGE('',*,*,#1567,.F.);
#4887 = CYLINDRICAL_SURFACE('',#4888,2.499998132311);
#4888 = AXIS2_PLACEMENT_3D('',#4889,#4890,#4891);
#4889 = CARTESIAN_POINT('',(124.00000086769,-125.5000018676,0.));
#4890 = DIRECTION('',(0.,0.,-1.));
#4891 = DIRECTION('',(1.,3.470760737807E-07,0.));
#4892 = ADVANCED_FACE('',(#4893),#4904,.F.);
#4893 = FACE_BOUND('',#4894,.T.);
#4894 = EDGE_LOOP('',(#4895,#4896,#4902,#4903));
#4895 = ORIENTED_EDGE('',*,*,#1829,.T.);
#4896 = ORIENTED_EDGE('',*,*,#4897,.T.);
#4897 = EDGE_CURVE('',#1830,#3102,#4898,.T.);
#4898 = LINE('',#4899,#4900);
#4899 = CARTESIAN_POINT('',(117.499996,-126.000004,-4.6E-02));
#4900 = VECTOR('',#4901,1.);
#4901 = DIRECTION('',(0.,0.,1.));
#4902 = ORIENTED_EDGE('',*,*,#3101,.F.);
#4903 = ORIENTED_EDGE('',*,*,#4897,.F.);
#4904 = CYLINDRICAL_SURFACE('',#4905,0.5);
#4905 = AXIS2_PLACEMENT_3D('',#4906,#4907,#4908);
#4906 = CARTESIAN_POINT('',(117.499996,-125.500004,-4.6E-02));
#4907 = DIRECTION('',(-0.,-0.,-1.));
#4908 = DIRECTION('',(-0.,-1.,0.));
#4909 = ADVANCED_FACE('',(#4910),#4921,.F.);
#4910 = FACE_BOUND('',#4911,.T.);
#4911 = EDGE_LOOP('',(#4912,#4913,#4919,#4920));
#4912 = ORIENTED_EDGE('',*,*,#1840,.T.);
#4913 = ORIENTED_EDGE('',*,*,#4914,.T.);
#4914 = EDGE_CURVE('',#1841,#3113,#4915,.T.);
#4915 = LINE('',#4916,#4917);
#4916 = CARTESIAN_POINT('',(124.000001,-126.000002,-4.6E-02));
#4917 = VECTOR('',#4918,1.);
#4918 = DIRECTION('',(0.,0.,1.));
#4919 = ORIENTED_EDGE('',*,*,#3112,.F.);
#4920 = ORIENTED_EDGE('',*,*,#4914,.F.);
#4921 = CYLINDRICAL_SURFACE('',#4922,0.5);
#4922 = AXIS2_PLACEMENT_3D('',#4923,#4924,#4925);
#4923 = CARTESIAN_POINT('',(124.000001,-125.500002,-4.6E-02));
#4924 = DIRECTION('',(-0.,-0.,-1.));
#4925 = DIRECTION('',(-0.,-1.,0.));
#4926 = ADVANCED_FACE('',(#4927),#4938,.F.);
#4927 = FACE_BOUND('',#4928,.T.);
#4928 = EDGE_LOOP('',(#4929,#4930,#4936,#4937));
#4929 = ORIENTED_EDGE('',*,*,#1851,.T.);
#4930 = ORIENTED_EDGE('',*,*,#4931,.T.);
#4931 = EDGE_CURVE('',#1852,#3124,#4932,.T.);
#4932 = LINE('',#4933,#4934);
#4933 = CARTESIAN_POINT('',(118.,-113.,-4.6E-02));
#4934 = VECTOR('',#4935,1.);
#4935 = DIRECTION('',(0.,0.,1.));
#4936 = ORIENTED_EDGE('',*,*,#3123,.F.);
#4937 = ORIENTED_EDGE('',*,*,#4931,.F.);
#4938 = CYLINDRICAL_SURFACE('',#4939,1.5);
#4939 = AXIS2_PLACEMENT_3D('',#4940,#4941,#4942);
#4940 = CARTESIAN_POINT('',(118.,-111.5,-4.6E-02));
#4941 = DIRECTION('',(-0.,-0.,-1.));
#4942 = DIRECTION('',(-0.,-1.,0.));
#4943 = ADVANCED_FACE('',(#4944),#4955,.F.);
#4944 = FACE_BOUND('',#4945,.T.);
#4945 = EDGE_LOOP('',(#4946,#4947,#4953,#4954));
#4946 = ORIENTED_EDGE('',*,*,#1862,.T.);
#4947 = ORIENTED_EDGE('',*,*,#4948,.T.);
#4948 = EDGE_CURVE('',#1863,#3135,#4949,.T.);
#4949 = LINE('',#4950,#4951);
#4950 = CARTESIAN_POINT('',(122.,-113.,-4.6E-02));
#4951 = VECTOR('',#4952,1.);
#4952 = DIRECTION('',(0.,0.,1.));
#4953 = ORIENTED_EDGE('',*,*,#3134,.F.);
#4954 = ORIENTED_EDGE('',*,*,#4948,.F.);
#4955 = CYLINDRICAL_SURFACE('',#4956,1.5);
#4956 = AXIS2_PLACEMENT_3D('',#4957,#4958,#4959);
#4957 = CARTESIAN_POINT('',(122.,-111.5,-4.6E-02));
#4958 = DIRECTION('',(-0.,-0.,-1.));
#4959 = DIRECTION('',(-0.,-1.,0.));
#4960 = ADVANCED_FACE('',(#4961),#4972,.F.);
#4961 = FACE_BOUND('',#4962,.T.);
#4962 = EDGE_LOOP('',(#4963,#4964,#4970,#4971));
#4963 = ORIENTED_EDGE('',*,*,#1873,.T.);
#4964 = ORIENTED_EDGE('',*,*,#4965,.T.);
#4965 = EDGE_CURVE('',#1874,#3146,#4966,.T.);
#4966 = LINE('',#4967,#4968);
#4967 = CARTESIAN_POINT('',(148.000001,-126.,-4.6E-02));
#4968 = VECTOR('',#4969,1.);
#4969 = DIRECTION('',(0.,0.,1.));
#4970 = ORIENTED_EDGE('',*,*,#3145,.F.);
#4971 = ORIENTED_EDGE('',*,*,#4965,.F.);
#4972 = CYLINDRICAL_SURFACE('',#4973,0.5);
#4973 = AXIS2_PLACEMENT_3D('',#4974,#4975,#4976);
#4974 = CARTESIAN_POINT('',(148.000001,-125.5,-4.6E-02));
#4975 = DIRECTION('',(-0.,-0.,-1.));
#4976 = DIRECTION('',(-0.,-1.,0.));
#4977 = ADVANCED_FACE('',(#4978),#4989,.F.);
#4978 = FACE_BOUND('',#4979,.T.);
#4979 = EDGE_LOOP('',(#4980,#4981,#4987,#4988));
#4980 = ORIENTED_EDGE('',*,*,#1884,.T.);
#4981 = ORIENTED_EDGE('',*,*,#4982,.T.);
#4982 = EDGE_CURVE('',#1885,#3157,#4983,.T.);
#4983 = LINE('',#4984,#4985);
#4984 = CARTESIAN_POINT('',(150.,-113.,-4.6E-02));
#4985 = VECTOR('',#4986,1.);
#4986 = DIRECTION('',(0.,0.,1.));
#4987 = ORIENTED_EDGE('',*,*,#3156,.F.);
#4988 = ORIENTED_EDGE('',*,*,#4982,.F.);
#4989 = CYLINDRICAL_SURFACE('',#4990,1.5);
#4990 = AXIS2_PLACEMENT_3D('',#4991,#4992,#4993);
#4991 = CARTESIAN_POINT('',(150.,-111.5,-4.6E-02));
#4992 = DIRECTION('',(-0.,-0.,-1.));
#4993 = DIRECTION('',(-0.,-1.,0.));
#4994 = ADVANCED_FACE('',(#4995),#5006,.F.);
#4995 = FACE_BOUND('',#4996,.T.);
#4996 = EDGE_LOOP('',(#4997,#4998,#5004,#5005));
#4997 = ORIENTED_EDGE('',*,*,#1895,.T.);
#4998 = ORIENTED_EDGE('',*,*,#4999,.T.);
#4999 = EDGE_CURVE('',#1896,#3168,#5000,.T.);
#5000 = LINE('',#5001,#5002);
#5001 = CARTESIAN_POINT('',(154.,-113.,-4.6E-02));
#5002 = VECTOR('',#5003,1.);
#5003 = DIRECTION('',(0.,0.,1.));
#5004 = ORIENTED_EDGE('',*,*,#3167,.F.);
#5005 = ORIENTED_EDGE('',*,*,#4999,.F.);
#5006 = CYLINDRICAL_SURFACE('',#5007,1.5);
#5007 = AXIS2_PLACEMENT_3D('',#5008,#5009,#5010);
#5008 = CARTESIAN_POINT('',(154.,-111.5,-4.6E-02));
#5009 = DIRECTION('',(-0.,-0.,-1.));
#5010 = DIRECTION('',(-0.,-1.,0.));
#5011 = ADVANCED_FACE('',(#5012),#5028,.F.);
#5012 = FACE_BOUND('',#5013,.T.);
#5013 = EDGE_LOOP('',(#5014,#5020,#5021,#5027));
#5014 = ORIENTED_EDGE('',*,*,#5015,.T.);
#5015 = EDGE_CURVE('',#1907,#3179,#5016,.T.);
#5016 = LINE('',#5017,#5018);
#5017 = CARTESIAN_POINT('',(129.,-93.,0.));
#5018 = VECTOR('',#5019,1.);
#5019 = DIRECTION('',(0.,0.,1.));
#5020 = ORIENTED_EDGE('',*,*,#3178,.T.);
#5021 = ORIENTED_EDGE('',*,*,#5022,.F.);
#5022 = EDGE_CURVE('',#1909,#3181,#5023,.T.);
#5023 = LINE('',#5024,#5025);
#5024 = CARTESIAN_POINT('',(126.5,-95.5,0.));
#5025 = VECTOR('',#5026,1.);
#5026 = DIRECTION('',(0.,0.,1.));
#5027 = ORIENTED_EDGE('',*,*,#1906,.F.);
#5028 = CYLINDRICAL_SURFACE('',#5029,2.499999839417);
#5029 = AXIS2_PLACEMENT_3D('',#5030,#5031,#5032);
#5030 = CARTESIAN_POINT('',(128.99999983941,-95.49999983941,0.));
#5031 = DIRECTION('',(-0.,-0.,-1.));
#5032 = DIRECTION('',(6.42331470194E-08,1.,-0.));
#5033 = ADVANCED_FACE('',(#5034),#5045,.T.);
#5034 = FACE_BOUND('',#5035,.T.);
#5035 = EDGE_LOOP('',(#5036,#5042,#5043,#5044));
#5036 = ORIENTED_EDGE('',*,*,#5037,.T.);
#5037 = EDGE_CURVE('',#1918,#3190,#5038,.T.);
#5038 = LINE('',#5039,#5040);
#5039 = CARTESIAN_POINT('',(143.,-93.,0.));
#5040 = VECTOR('',#5041,1.);
#5041 = DIRECTION('',(0.,0.,1.));
#5042 = ORIENTED_EDGE('',*,*,#3189,.T.);
#5043 = ORIENTED_EDGE('',*,*,#5015,.F.);
#5044 = ORIENTED_EDGE('',*,*,#1917,.F.);
#5045 = PLANE('',#5046);
#5046 = AXIS2_PLACEMENT_3D('',#5047,#5048,#5049);
#5047 = CARTESIAN_POINT('',(143.,-93.,0.));
#5048 = DIRECTION('',(0.,-1.,0.));
#5049 = DIRECTION('',(-1.,0.,0.));
#5050 = ADVANCED_FACE('',(#5051),#5062,.T.);
#5051 = FACE_BOUND('',#5052,.T.);
#5052 = EDGE_LOOP('',(#5053,#5054,#5055,#5061));
#5053 = ORIENTED_EDGE('',*,*,#5022,.T.);
#5054 = ORIENTED_EDGE('',*,*,#3256,.T.);
#5055 = ORIENTED_EDGE('',*,*,#5056,.F.);
#5056 = EDGE_CURVE('',#1977,#3249,#5057,.T.);
#5057 = LINE('',#5058,#5059);
#5058 = CARTESIAN_POINT('',(126.5,-100.,0.));
#5059 = VECTOR('',#5060,1.);
#5060 = DIRECTION('',(0.,0.,1.));
#5061 = ORIENTED_EDGE('',*,*,#1984,.F.);
#5062 = PLANE('',#5063);
#5063 = AXIS2_PLACEMENT_3D('',#5064,#5065,#5066);
#5064 = CARTESIAN_POINT('',(126.5,-95.5,0.));
#5065 = DIRECTION('',(1.,0.,-0.));
#5066 = DIRECTION('',(0.,-1.,0.));
#5067 = ADVANCED_FACE('',(#5068),#5079,.F.);
#5068 = FACE_BOUND('',#5069,.T.);
#5069 = EDGE_LOOP('',(#5070,#5076,#5077,#5078));
#5070 = ORIENTED_EDGE('',*,*,#5071,.T.);
#5071 = EDGE_CURVE('',#1926,#3198,#5072,.T.);
#5072 = LINE('',#5073,#5074);
#5073 = CARTESIAN_POINT('',(145.5,-95.5,0.));
#5074 = VECTOR('',#5075,1.);
#5075 = DIRECTION('',(0.,0.,1.));
#5076 = ORIENTED_EDGE('',*,*,#3197,.T.);
#5077 = ORIENTED_EDGE('',*,*,#5037,.F.);
#5078 = ORIENTED_EDGE('',*,*,#1925,.F.);
#5079 = CYLINDRICAL_SURFACE('',#5080,2.499996425212);
#5080 = AXIS2_PLACEMENT_3D('',#5081,#5082,#5083);
#5081 = CARTESIAN_POINT('',(143.00000357479,-95.49999642521,0.));
#5082 = DIRECTION('',(-0.,-0.,-1.));
#5083 = DIRECTION('',(0.999999999999,-1.429918141302E-06,0.));
#5084 = ADVANCED_FACE('',(#5085),#5096,.T.);
#5085 = FACE_BOUND('',#5086,.T.);
#5086 = EDGE_LOOP('',(#5087,#5088,#5089,#5095));
#5087 = ORIENTED_EDGE('',*,*,#5056,.T.);
#5088 = ORIENTED_EDGE('',*,*,#3248,.T.);
#5089 = ORIENTED_EDGE('',*,*,#5090,.F.);
#5090 = EDGE_CURVE('',#1968,#3240,#5091,.T.);
#5091 = LINE('',#5092,#5093);
#5092 = CARTESIAN_POINT('',(126.5,-104.5,0.));
#5093 = VECTOR('',#5094,1.);
#5094 = DIRECTION('',(0.,0.,1.));
#5095 = ORIENTED_EDGE('',*,*,#1976,.F.);
#5096 = PLANE('',#5097);
#5097 = AXIS2_PLACEMENT_3D('',#5098,#5099,#5100);
#5098 = CARTESIAN_POINT('',(126.5,-100.,0.));
#5099 = DIRECTION('',(1.,0.,-0.));
#5100 = DIRECTION('',(0.,-1.,0.));
#5101 = ADVANCED_FACE('',(#5102),#5113,.T.);
#5102 = FACE_BOUND('',#5103,.T.);
#5103 = EDGE_LOOP('',(#5104,#5110,#5111,#5112));
#5104 = ORIENTED_EDGE('',*,*,#5105,.T.);
#5105 = EDGE_CURVE('',#1935,#3207,#5106,.T.);
#5106 = LINE('',#5107,#5108);
#5107 = CARTESIAN_POINT('',(145.500001,-100.,0.));
#5108 = VECTOR('',#5109,1.);
#5109 = DIRECTION('',(0.,0.,1.));
#5110 = ORIENTED_EDGE('',*,*,#3206,.T.);
#5111 = ORIENTED_EDGE('',*,*,#5071,.F.);
#5112 = ORIENTED_EDGE('',*,*,#1934,.F.);
#5113 = PLANE('',#5114);
#5114 = AXIS2_PLACEMENT_3D('',#5115,#5116,#5117);
#5115 = CARTESIAN_POINT('',(145.500001,-100.,0.));
#5116 = DIRECTION('',(-1.,-2.222222216612E-07,0.));
#5117 = DIRECTION('',(-2.222222216612E-07,1.,0.));
#5118 = ADVANCED_FACE('',(#5119),#5130,.F.);
#5119 = FACE_BOUND('',#5120,.T.);
#5120 = EDGE_LOOP('',(#5121,#5122,#5123,#5129));
#5121 = ORIENTED_EDGE('',*,*,#5090,.T.);
#5122 = ORIENTED_EDGE('',*,*,#3239,.T.);
#5123 = ORIENTED_EDGE('',*,*,#5124,.F.);
#5124 = EDGE_CURVE('',#1960,#3232,#5125,.T.);
#5125 = LINE('',#5126,#5127);
#5126 = CARTESIAN_POINT('',(129.,-107.,0.));
#5127 = VECTOR('',#5128,1.);
#5128 = DIRECTION('',(0.,0.,1.));
#5129 = ORIENTED_EDGE('',*,*,#1967,.F.);
#5130 = CYLINDRICAL_SURFACE('',#5131,2.499999839417);
#5131 = AXIS2_PLACEMENT_3D('',#5132,#5133,#5134);
#5132 = CARTESIAN_POINT('',(128.99999983941,-104.5000001605,0.));
#5133 = DIRECTION('',(-0.,-0.,-1.));
#5134 = DIRECTION('',(-1.,6.42331470194E-08,0.));
#5135 = ADVANCED_FACE('',(#5136),#5147,.T.);
#5136 = FACE_BOUND('',#5137,.T.);
#5137 = EDGE_LOOP('',(#5138,#5144,#5145,#5146));
#5138 = ORIENTED_EDGE('',*,*,#5139,.T.);
#5139 = EDGE_CURVE('',#1943,#3215,#5140,.T.);
#5140 = LINE('',#5141,#5142);
#5141 = CARTESIAN_POINT('',(145.500002,-104.5,0.));
#5142 = VECTOR('',#5143,1.);
#5143 = DIRECTION('',(0.,0.,1.));
#5144 = ORIENTED_EDGE('',*,*,#3214,.T.);
#5145 = ORIENTED_EDGE('',*,*,#5105,.F.);
#5146 = ORIENTED_EDGE('',*,*,#1942,.F.);
#5147 = PLANE('',#5148);
#5148 = AXIS2_PLACEMENT_3D('',#5149,#5150,#5151);
#5149 = CARTESIAN_POINT('',(145.500002,-104.5,0.));
#5150 = DIRECTION('',(-1.,-2.222222216612E-07,0.));
#5151 = DIRECTION('',(-2.222222216612E-07,1.,0.));
#5152 = ADVANCED_FACE('',(#5153),#5164,.T.);
#5153 = FACE_BOUND('',#5154,.T.);
#5154 = EDGE_LOOP('',(#5155,#5156,#5157,#5163));
#5155 = ORIENTED_EDGE('',*,*,#5124,.T.);
#5156 = ORIENTED_EDGE('',*,*,#3231,.T.);
#5157 = ORIENTED_EDGE('',*,*,#5158,.F.);
#5158 = EDGE_CURVE('',#1951,#3223,#5159,.T.);
#5159 = LINE('',#5160,#5161);
#5160 = CARTESIAN_POINT('',(143.000002,-107.,0.));
#5161 = VECTOR('',#5162,1.);
#5162 = DIRECTION('',(0.,0.,1.));
#5163 = ORIENTED_EDGE('',*,*,#1959,.F.);
#5164 = PLANE('',#5165);
#5165 = AXIS2_PLACEMENT_3D('',#5166,#5167,#5168);
#5166 = CARTESIAN_POINT('',(129.,-107.,0.));
#5167 = DIRECTION('',(0.,1.,0.));
#5168 = DIRECTION('',(1.,0.,0.));
#5169 = ADVANCED_FACE('',(#5170),#5176,.F.);
#5170 = FACE_BOUND('',#5171,.T.);
#5171 = EDGE_LOOP('',(#5172,#5173,#5174,#5175));
#5172 = ORIENTED_EDGE('',*,*,#5158,.T.);
#5173 = ORIENTED_EDGE('',*,*,#3222,.T.);
#5174 = ORIENTED_EDGE('',*,*,#5139,.F.);
#5175 = ORIENTED_EDGE('',*,*,#1950,.F.);
#5176 = CYLINDRICAL_SURFACE('',#5177,2.499999839417);
#5177 = AXIS2_PLACEMENT_3D('',#5178,#5179,#5180);
#5178 = CARTESIAN_POINT('',(143.00000216058,-104.5000001605,0.));
#5179 = DIRECTION('',(-0.,-0.,-1.));
#5180 = DIRECTION('',(-6.42331470194E-08,-1.,0.));
#5181 = ADVANCED_FACE('',(#5182),#5193,.F.);
#5182 = FACE_BOUND('',#5183,.T.);
#5183 = EDGE_LOOP('',(#5184,#5185,#5191,#5192));
#5184 = ORIENTED_EDGE('',*,*,#1992,.T.);
#5185 = ORIENTED_EDGE('',*,*,#5186,.T.);
#5186 = EDGE_CURVE('',#1993,#3265,#5187,.T.);
#5187 = LINE('',#5188,#5189);
#5188 = CARTESIAN_POINT('',(166.,-126.,-4.6E-02));
#5189 = VECTOR('',#5190,1.);
#5190 = DIRECTION('',(0.,0.,1.));
#5191 = ORIENTED_EDGE('',*,*,#3264,.F.);
#5192 = ORIENTED_EDGE('',*,*,#5186,.F.);
#5193 = CYLINDRICAL_SURFACE('',#5194,0.5);
#5194 = AXIS2_PLACEMENT_3D('',#5195,#5196,#5197);
#5195 = CARTESIAN_POINT('',(166.,-125.5,-4.6E-02));
#5196 = DIRECTION('',(-0.,-0.,-1.));
#5197 = DIRECTION('',(-0.,-1.,0.));
#5198 = ADVANCED_FACE('',(#5199),#5210,.F.);
#5199 = FACE_BOUND('',#5200,.T.);
#5200 = EDGE_LOOP('',(#5201,#5202,#5208,#5209));
#5201 = ORIENTED_EDGE('',*,*,#2003,.T.);
#5202 = ORIENTED_EDGE('',*,*,#5203,.T.);
#5203 = EDGE_CURVE('',#2004,#3276,#5204,.T.);
#5204 = LINE('',#5205,#5206);
#5205 = CARTESIAN_POINT('',(160.,-113.,-4.6E-02));
#5206 = VECTOR('',#5207,1.);
#5207 = DIRECTION('',(0.,0.,1.));
#5208 = ORIENTED_EDGE('',*,*,#3275,.F.);
#5209 = ORIENTED_EDGE('',*,*,#5203,.F.);
#5210 = CYLINDRICAL_SURFACE('',#5211,1.5);
#5211 = AXIS2_PLACEMENT_3D('',#5212,#5213,#5214);
#5212 = CARTESIAN_POINT('',(160.,-111.5,-4.6E-02));
#5213 = DIRECTION('',(-0.,-0.,-1.));
#5214 = DIRECTION('',(-0.,-1.,0.));
#5215 = ADVANCED_FACE('',(#5216),#5227,.F.);
#5216 = FACE_BOUND('',#5217,.T.);
#5217 = EDGE_LOOP('',(#5218,#5219,#5225,#5226));
#5218 = ORIENTED_EDGE('',*,*,#2014,.T.);
#5219 = ORIENTED_EDGE('',*,*,#5220,.T.);
#5220 = EDGE_CURVE('',#2015,#3287,#5221,.T.);
#5221 = LINE('',#5222,#5223);
#5222 = CARTESIAN_POINT('',(164.,-113.,-4.6E-02));
#5223 = VECTOR('',#5224,1.);
#5224 = DIRECTION('',(0.,0.,1.));
#5225 = ORIENTED_EDGE('',*,*,#3286,.F.);
#5226 = ORIENTED_EDGE('',*,*,#5220,.F.);
#5227 = CYLINDRICAL_SURFACE('',#5228,1.5);
#5228 = AXIS2_PLACEMENT_3D('',#5229,#5230,#5231);
#5229 = CARTESIAN_POINT('',(164.,-111.5,-4.6E-02));
#5230 = DIRECTION('',(-0.,-0.,-1.));
#5231 = DIRECTION('',(-0.,-1.,0.));
#5232 = ADVANCED_FACE('',(#5233),#5244,.F.);
#5233 = FACE_BOUND('',#5234,.T.);
#5234 = EDGE_LOOP('',(#5235,#5236,#5242,#5243));
#5235 = ORIENTED_EDGE('',*,*,#2025,.T.);
#5236 = ORIENTED_EDGE('',*,*,#5237,.T.);
#5237 = EDGE_CURVE('',#2026,#3298,#5238,.T.);
#5238 = LINE('',#5239,#5240);
#5239 = CARTESIAN_POINT('',(189.999997,-126.000003,-4.6E-02));
#5240 = VECTOR('',#5241,1.);
#5241 = DIRECTION('',(0.,0.,1.));
#5242 = ORIENTED_EDGE('',*,*,#3297,.F.);
#5243 = ORIENTED_EDGE('',*,*,#5237,.F.);
#5244 = CYLINDRICAL_SURFACE('',#5245,0.5);
#5245 = AXIS2_PLACEMENT_3D('',#5246,#5247,#5248);
#5246 = CARTESIAN_POINT('',(189.999997,-125.500003,-4.6E-02));
#5247 = DIRECTION('',(-0.,-0.,-1.));
#5248 = DIRECTION('',(-0.,-1.,0.));
#5249 = ADVANCED_FACE('',(#5250),#5261,.F.);
#5250 = FACE_BOUND('',#5251,.T.);
#5251 = EDGE_LOOP('',(#5252,#5253,#5259,#5260));
#5252 = ORIENTED_EDGE('',*,*,#2036,.T.);
#5253 = ORIENTED_EDGE('',*,*,#5254,.T.);
#5254 = EDGE_CURVE('',#2037,#3309,#5255,.T.);
#5255 = LINE('',#5256,#5257);
#5256 = CARTESIAN_POINT('',(196.500002,-126.000001,-4.6E-02));
#5257 = VECTOR('',#5258,1.);
#5258 = DIRECTION('',(0.,0.,1.));
#5259 = ORIENTED_EDGE('',*,*,#3308,.F.);
#5260 = ORIENTED_EDGE('',*,*,#5254,.F.);
#5261 = CYLINDRICAL_SURFACE('',#5262,0.5);
#5262 = AXIS2_PLACEMENT_3D('',#5263,#5264,#5265);
#5263 = CARTESIAN_POINT('',(196.500002,-125.500001,-4.6E-02));
#5264 = DIRECTION('',(-0.,-0.,-1.));
#5265 = DIRECTION('',(-0.,-1.,0.));
#5266 = ADVANCED_FACE('',(#5267),#5278,.F.);
#5267 = FACE_BOUND('',#5268,.T.);
#5268 = EDGE_LOOP('',(#5269,#5270,#5276,#5277));
#5269 = ORIENTED_EDGE('',*,*,#2047,.T.);
#5270 = ORIENTED_EDGE('',*,*,#5271,.T.);
#5271 = EDGE_CURVE('',#2048,#3320,#5272,.T.);
#5272 = LINE('',#5273,#5274);
#5273 = CARTESIAN_POINT('',(192.,-113.,-4.6E-02));
#5274 = VECTOR('',#5275,1.);
#5275 = DIRECTION('',(0.,0.,1.));
#5276 = ORIENTED_EDGE('',*,*,#3319,.F.);
#5277 = ORIENTED_EDGE('',*,*,#5271,.F.);
#5278 = CYLINDRICAL_SURFACE('',#5279,1.5);
#5279 = AXIS2_PLACEMENT_3D('',#5280,#5281,#5282);
#5280 = CARTESIAN_POINT('',(192.,-111.5,-4.6E-02));
#5281 = DIRECTION('',(-0.,-0.,-1.));
#5282 = DIRECTION('',(-0.,-1.,0.));
#5283 = ADVANCED_FACE('',(#5284),#5295,.F.);
#5284 = FACE_BOUND('',#5285,.T.);
#5285 = EDGE_LOOP('',(#5286,#5287,#5293,#5294));
#5286 = ORIENTED_EDGE('',*,*,#2058,.T.);
#5287 = ORIENTED_EDGE('',*,*,#5288,.T.);
#5288 = EDGE_CURVE('',#2059,#3331,#5289,.T.);
#5289 = LINE('',#5290,#5291);
#5290 = CARTESIAN_POINT('',(196.,-113.,-4.6E-02));
#5291 = VECTOR('',#5292,1.);
#5292 = DIRECTION('',(0.,0.,1.));
#5293 = ORIENTED_EDGE('',*,*,#3330,.F.);
#5294 = ORIENTED_EDGE('',*,*,#5288,.F.);
#5295 = CYLINDRICAL_SURFACE('',#5296,1.5);
#5296 = AXIS2_PLACEMENT_3D('',#5297,#5298,#5299);
#5297 = CARTESIAN_POINT('',(196.,-111.5,-4.6E-02));
#5298 = DIRECTION('',(-0.,-0.,-1.));
#5299 = DIRECTION('',(-0.,-1.,0.));
#5300 = ADVANCED_FACE('',(#5301),#5317,.F.);
#5301 = FACE_BOUND('',#5302,.T.);
#5302 = EDGE_LOOP('',(#5303,#5309,#5310,#5316));
#5303 = ORIENTED_EDGE('',*,*,#5304,.T.);
#5304 = EDGE_CURVE('',#2070,#3342,#5305,.T.);
#5305 = LINE('',#5306,#5307);
#5306 = CARTESIAN_POINT('',(171.,-93.,0.));
#5307 = VECTOR('',#5308,1.);
#5308 = DIRECTION('',(0.,0.,1.));
#5309 = ORIENTED_EDGE('',*,*,#3341,.T.);
#5310 = ORIENTED_EDGE('',*,*,#5311,.F.);
#5311 = EDGE_CURVE('',#2072,#3344,#5312,.T.);
#5312 = LINE('',#5313,#5314);
#5313 = CARTESIAN_POINT('',(168.5,-95.5,0.));
#5314 = VECTOR('',#5315,1.);
#5315 = DIRECTION('',(0.,0.,1.));
#5316 = ORIENTED_EDGE('',*,*,#2069,.F.);
#5317 = CYLINDRICAL_SURFACE('',#5318,2.499999839417);
#5318 = AXIS2_PLACEMENT_3D('',#5319,#5320,#5321);
#5319 = CARTESIAN_POINT('',(170.99999983941,-95.49999983941,0.));
#5320 = DIRECTION('',(-0.,-0.,-1.));
#5321 = DIRECTION('',(6.42331470194E-08,1.,-0.));
#5322 = ADVANCED_FACE('',(#5323),#5334,.T.);
#5323 = FACE_BOUND('',#5324,.T.);
#5324 = EDGE_LOOP('',(#5325,#5331,#5332,#5333));
#5325 = ORIENTED_EDGE('',*,*,#5326,.T.);
#5326 = EDGE_CURVE('',#2081,#3353,#5327,.T.);
#5327 = LINE('',#5328,#5329);
#5328 = CARTESIAN_POINT('',(185.,-93.,0.));
#5329 = VECTOR('',#5330,1.);
#5330 = DIRECTION('',(0.,0.,1.));
#5331 = ORIENTED_EDGE('',*,*,#3352,.T.);
#5332 = ORIENTED_EDGE('',*,*,#5304,.F.);
#5333 = ORIENTED_EDGE('',*,*,#2080,.F.);
#5334 = PLANE('',#5335);
#5335 = AXIS2_PLACEMENT_3D('',#5336,#5337,#5338);
#5336 = CARTESIAN_POINT('',(185.,-93.,0.));
#5337 = DIRECTION('',(0.,-1.,0.));
#5338 = DIRECTION('',(-1.,0.,0.));
#5339 = ADVANCED_FACE('',(#5340),#5351,.T.);
#5340 = FACE_BOUND('',#5341,.T.);
#5341 = EDGE_LOOP('',(#5342,#5343,#5344,#5350));
#5342 = ORIENTED_EDGE('',*,*,#5311,.T.);
#5343 = ORIENTED_EDGE('',*,*,#3419,.T.);
#5344 = ORIENTED_EDGE('',*,*,#5345,.F.);
#5345 = EDGE_CURVE('',#2140,#3412,#5346,.T.);
#5346 = LINE('',#5347,#5348);
#5347 = CARTESIAN_POINT('',(168.5,-100.,0.));
#5348 = VECTOR('',#5349,1.);
#5349 = DIRECTION('',(0.,0.,1.));
#5350 = ORIENTED_EDGE('',*,*,#2147,.F.);
#5351 = PLANE('',#5352);
#5352 = AXIS2_PLACEMENT_3D('',#5353,#5354,#5355);
#5353 = CARTESIAN_POINT('',(168.5,-95.5,0.));
#5354 = DIRECTION('',(1.,0.,-0.));
#5355 = DIRECTION('',(0.,-1.,0.));
#5356 = ADVANCED_FACE('',(#5357),#5368,.F.);
#5357 = FACE_BOUND('',#5358,.T.);
#5358 = EDGE_LOOP('',(#5359,#5365,#5366,#5367));
#5359 = ORIENTED_EDGE('',*,*,#5360,.T.);
#5360 = EDGE_CURVE('',#2089,#3361,#5361,.T.);
#5361 = LINE('',#5362,#5363);
#5362 = CARTESIAN_POINT('',(187.5,-95.5,0.));
#5363 = VECTOR('',#5364,1.);
#5364 = DIRECTION('',(0.,0.,1.));
#5365 = ORIENTED_EDGE('',*,*,#3360,.T.);
#5366 = ORIENTED_EDGE('',*,*,#5326,.F.);
#5367 = ORIENTED_EDGE('',*,*,#2088,.F.);
#5368 = CYLINDRICAL_SURFACE('',#5369,2.499996425212);
#5369 = AXIS2_PLACEMENT_3D('',#5370,#5371,#5372);
#5370 = CARTESIAN_POINT('',(185.00000357479,-95.49999642521,0.));
#5371 = DIRECTION('',(-0.,-0.,-1.));
#5372 = DIRECTION('',(0.999999999999,-1.429918141302E-06,0.));
#5373 = ADVANCED_FACE('',(#5374),#5385,.T.);
#5374 = FACE_BOUND('',#5375,.T.);
#5375 = EDGE_LOOP('',(#5376,#5377,#5378,#5384));
#5376 = ORIENTED_EDGE('',*,*,#5345,.T.);
#5377 = ORIENTED_EDGE('',*,*,#3411,.T.);
#5378 = ORIENTED_EDGE('',*,*,#5379,.F.);
#5379 = EDGE_CURVE('',#2131,#3403,#5380,.T.);
#5380 = LINE('',#5381,#5382);
#5381 = CARTESIAN_POINT('',(168.5,-104.5,0.));
#5382 = VECTOR('',#5383,1.);
#5383 = DIRECTION('',(0.,0.,1.));
#5384 = ORIENTED_EDGE('',*,*,#2139,.F.);
#5385 = PLANE('',#5386);
#5386 = AXIS2_PLACEMENT_3D('',#5387,#5388,#5389);
#5387 = CARTESIAN_POINT('',(168.5,-100.,0.));
#5388 = DIRECTION('',(1.,0.,-0.));
#5389 = DIRECTION('',(0.,-1.,0.));
#5390 = ADVANCED_FACE('',(#5391),#5402,.T.);
#5391 = FACE_BOUND('',#5392,.T.);
#5392 = EDGE_LOOP('',(#5393,#5399,#5400,#5401));
#5393 = ORIENTED_EDGE('',*,*,#5394,.T.);
#5394 = EDGE_CURVE('',#2098,#3370,#5395,.T.);
#5395 = LINE('',#5396,#5397);
#5396 = CARTESIAN_POINT('',(187.500001,-100.,0.));
#5397 = VECTOR('',#5398,1.);
#5398 = DIRECTION('',(0.,0.,1.));
#5399 = ORIENTED_EDGE('',*,*,#3369,.T.);
#5400 = ORIENTED_EDGE('',*,*,#5360,.F.);
#5401 = ORIENTED_EDGE('',*,*,#2097,.F.);
#5402 = PLANE('',#5403);
#5403 = AXIS2_PLACEMENT_3D('',#5404,#5405,#5406);
#5404 = CARTESIAN_POINT('',(187.500001,-100.,0.));
#5405 = DIRECTION('',(-1.,-2.222222216612E-07,0.));
#5406 = DIRECTION('',(-2.222222216612E-07,1.,0.));
#5407 = ADVANCED_FACE('',(#5408),#5419,.F.);
#5408 = FACE_BOUND('',#5409,.T.);
#5409 = EDGE_LOOP('',(#5410,#5411,#5412,#5418));
#5410 = ORIENTED_EDGE('',*,*,#5379,.T.);
#5411 = ORIENTED_EDGE('',*,*,#3402,.T.);
#5412 = ORIENTED_EDGE('',*,*,#5413,.F.);
#5413 = EDGE_CURVE('',#2123,#3395,#5414,.T.);
#5414 = LINE('',#5415,#5416);
#5415 = CARTESIAN_POINT('',(171.,-107.,0.));
#5416 = VECTOR('',#5417,1.);
#5417 = DIRECTION('',(0.,0.,1.));
#5418 = ORIENTED_EDGE('',*,*,#2130,.F.);
#5419 = CYLINDRICAL_SURFACE('',#5420,2.499999839417);
#5420 = AXIS2_PLACEMENT_3D('',#5421,#5422,#5423);
#5421 = CARTESIAN_POINT('',(170.99999983941,-104.5000001605,0.));
#5422 = DIRECTION('',(-0.,-0.,-1.));
#5423 = DIRECTION('',(-1.,6.423314133505E-08,0.));
#5424 = ADVANCED_FACE('',(#5425),#5436,.T.);
#5425 = FACE_BOUND('',#5426,.T.);
#5426 = EDGE_LOOP('',(#5427,#5433,#5434,#5435));
#5427 = ORIENTED_EDGE('',*,*,#5428,.T.);
#5428 = EDGE_CURVE('',#2106,#3378,#5429,.T.);
#5429 = LINE('',#5430,#5431);
#5430 = CARTESIAN_POINT('',(187.500001,-104.5,0.));
#5431 = VECTOR('',#5432,1.);
#5432 = DIRECTION('',(0.,0.,1.));
#5433 = ORIENTED_EDGE('',*,*,#3377,.T.);
#5434 = ORIENTED_EDGE('',*,*,#5394,.F.);
#5435 = ORIENTED_EDGE('',*,*,#2105,.F.);
#5436 = PLANE('',#5437);
#5437 = AXIS2_PLACEMENT_3D('',#5438,#5439,#5440);
#5438 = CARTESIAN_POINT('',(187.500001,-104.5,0.));
#5439 = DIRECTION('',(-1.,0.,0.));
#5440 = DIRECTION('',(0.,1.,0.));
#5441 = ADVANCED_FACE('',(#5442),#5453,.T.);
#5442 = FACE_BOUND('',#5443,.T.);
#5443 = EDGE_LOOP('',(#5444,#5445,#5446,#5452));
#5444 = ORIENTED_EDGE('',*,*,#5413,.T.);
#5445 = ORIENTED_EDGE('',*,*,#3394,.T.);
#5446 = ORIENTED_EDGE('',*,*,#5447,.F.);
#5447 = EDGE_CURVE('',#2114,#3386,#5448,.T.);
#5448 = LINE('',#5449,#5450);
#5449 = CARTESIAN_POINT('',(185.,-107.,0.));
#5450 = VECTOR('',#5451,1.);
#5451 = DIRECTION('',(0.,0.,1.));
#5452 = ORIENTED_EDGE('',*,*,#2122,.F.);
#5453 = PLANE('',#5454);
#5454 = AXIS2_PLACEMENT_3D('',#5455,#5456,#5457);
#5455 = CARTESIAN_POINT('',(171.,-107.,0.));
#5456 = DIRECTION('',(0.,1.,0.));
#5457 = DIRECTION('',(1.,0.,0.));
#5458 = ADVANCED_FACE('',(#5459),#5465,.F.);
#5459 = FACE_BOUND('',#5460,.T.);
#5460 = EDGE_LOOP('',(#5461,#5462,#5463,#5464));
#5461 = ORIENTED_EDGE('',*,*,#5447,.T.);
#5462 = ORIENTED_EDGE('',*,*,#3385,.T.);
#5463 = ORIENTED_EDGE('',*,*,#5428,.F.);
#5464 = ORIENTED_EDGE('',*,*,#2113,.F.);
#5465 = CYLINDRICAL_SURFACE('',#5466,2.500001546525);
#5466 = AXIS2_PLACEMENT_3D('',#5467,#5468,#5469);
#5467 = CARTESIAN_POINT('',(184.99999945347,-104.4999984534,0.));
#5468 = DIRECTION('',(-0.,-0.,-1.));
#5469 = DIRECTION('',(2.186095128387E-07,-1.,0.));
#5470 = ADVANCED_FACE('',(#5471),#5482,.F.);
#5471 = FACE_BOUND('',#5472,.T.);
#5472 = EDGE_LOOP('',(#5473,#5474,#5480,#5481));
#5473 = ORIENTED_EDGE('',*,*,#2155,.T.);
#5474 = ORIENTED_EDGE('',*,*,#5475,.T.);
#5475 = EDGE_CURVE('',#2156,#3428,#5476,.T.);
#5476 = LINE('',#5477,#5478);
#5477 = CARTESIAN_POINT('',(118.,-90.,-4.6E-02));
#5478 = VECTOR('',#5479,1.);
#5479 = DIRECTION('',(0.,0.,1.));
#5480 = ORIENTED_EDGE('',*,*,#3427,.F.);
#5481 = ORIENTED_EDGE('',*,*,#5475,.F.);
#5482 = CYLINDRICAL_SURFACE('',#5483,1.5);
#5483 = AXIS2_PLACEMENT_3D('',#5484,#5485,#5486);
#5484 = CARTESIAN_POINT('',(118.,-88.5,-4.6E-02));
#5485 = DIRECTION('',(-0.,-0.,-1.));
#5486 = DIRECTION('',(-0.,-1.,0.));
#5487 = ADVANCED_FACE('',(#5488),#5499,.F.);
#5488 = FACE_BOUND('',#5489,.T.);
#5489 = EDGE_LOOP('',(#5490,#5491,#5497,#5498));
#5490 = ORIENTED_EDGE('',*,*,#2166,.T.);
#5491 = ORIENTED_EDGE('',*,*,#5492,.T.);
#5492 = EDGE_CURVE('',#2167,#3439,#5493,.T.);
#5493 = LINE('',#5494,#5495);
#5494 = CARTESIAN_POINT('',(122.,-90.,-4.6E-02));
#5495 = VECTOR('',#5496,1.);
#5496 = DIRECTION('',(0.,0.,1.));
#5497 = ORIENTED_EDGE('',*,*,#3438,.F.);
#5498 = ORIENTED_EDGE('',*,*,#5492,.F.);
#5499 = CYLINDRICAL_SURFACE('',#5500,1.5);
#5500 = AXIS2_PLACEMENT_3D('',#5501,#5502,#5503);
#5501 = CARTESIAN_POINT('',(122.,-88.5,-4.6E-02));
#5502 = DIRECTION('',(-0.,-0.,-1.));
#5503 = DIRECTION('',(-0.,-1.,0.));
#5504 = ADVANCED_FACE('',(#5505),#5521,.F.);
#5505 = FACE_BOUND('',#5506,.T.);
#5506 = EDGE_LOOP('',(#5507,#5513,#5514,#5520));
#5507 = ORIENTED_EDGE('',*,*,#5508,.T.);
#5508 = EDGE_CURVE('',#2178,#3450,#5509,.T.);
#5509 = LINE('',#5510,#5511);
#5510 = CARTESIAN_POINT('',(129.,-70.,0.));
#5511 = VECTOR('',#5512,1.);
#5512 = DIRECTION('',(0.,0.,1.));
#5513 = ORIENTED_EDGE('',*,*,#3449,.T.);
#5514 = ORIENTED_EDGE('',*,*,#5515,.F.);
#5515 = EDGE_CURVE('',#2180,#3452,#5516,.T.);
#5516 = LINE('',#5517,#5518);
#5517 = CARTESIAN_POINT('',(126.5,-72.5,0.));
#5518 = VECTOR('',#5519,1.);
#5519 = DIRECTION('',(0.,0.,1.));
#5520 = ORIENTED_EDGE('',*,*,#2177,.F.);
#5521 = CYLINDRICAL_SURFACE('',#5522,2.499999839417);
#5522 = AXIS2_PLACEMENT_3D('',#5523,#5524,#5525);
#5523 = CARTESIAN_POINT('',(128.99999983941,-72.49999983941,0.));
#5524 = DIRECTION('',(-0.,-0.,-1.));
#5525 = DIRECTION('',(6.42331470194E-08,1.,-0.));
#5526 = ADVANCED_FACE('',(#5527),#5538,.T.);
#5527 = FACE_BOUND('',#5528,.T.);
#5528 = EDGE_LOOP('',(#5529,#5535,#5536,#5537));
#5529 = ORIENTED_EDGE('',*,*,#5530,.T.);
#5530 = EDGE_CURVE('',#2189,#3461,#5531,.T.);
#5531 = LINE('',#5532,#5533);
#5532 = CARTESIAN_POINT('',(143.,-70.000001,0.));
#5533 = VECTOR('',#5534,1.);
#5534 = DIRECTION('',(0.,0.,1.));
#5535 = ORIENTED_EDGE('',*,*,#3460,.T.);
#5536 = ORIENTED_EDGE('',*,*,#5508,.F.);
#5537 = ORIENTED_EDGE('',*,*,#2188,.F.);
#5538 = PLANE('',#5539);
#5539 = AXIS2_PLACEMENT_3D('',#5540,#5541,#5542);
#5540 = CARTESIAN_POINT('',(143.,-70.000001,0.));
#5541 = DIRECTION('',(-7.142857124823E-08,-1.,0.));
#5542 = DIRECTION('',(-1.,7.142857124823E-08,0.));
#5543 = ADVANCED_FACE('',(#5544),#5555,.T.);
#5544 = FACE_BOUND('',#5545,.T.);
#5545 = EDGE_LOOP('',(#5546,#5547,#5548,#5554));
#5546 = ORIENTED_EDGE('',*,*,#5515,.T.);
#5547 = ORIENTED_EDGE('',*,*,#3527,.T.);
#5548 = ORIENTED_EDGE('',*,*,#5549,.F.);
#5549 = EDGE_CURVE('',#2248,#3520,#5550,.T.);
#5550 = LINE('',#5551,#5552);
#5551 = CARTESIAN_POINT('',(126.500002,-77.,0.));
#5552 = VECTOR('',#5553,1.);
#5553 = DIRECTION('',(0.,0.,1.));
#5554 = ORIENTED_EDGE('',*,*,#2255,.F.);
#5555 = PLANE('',#5556);
#5556 = AXIS2_PLACEMENT_3D('',#5557,#5558,#5559);
#5557 = CARTESIAN_POINT('',(126.5,-72.5,0.));
#5558 = DIRECTION('',(1.,4.444444433223E-07,-0.));
#5559 = DIRECTION('',(4.444444433223E-07,-1.,0.));
#5560 = ADVANCED_FACE('',(#5561),#5572,.F.);
#5561 = FACE_BOUND('',#5562,.T.);
#5562 = EDGE_LOOP('',(#5563,#5569,#5570,#5571));
#5563 = ORIENTED_EDGE('',*,*,#5564,.T.);
#5564 = EDGE_CURVE('',#2197,#3469,#5565,.T.);
#5565 = LINE('',#5566,#5567);
#5566 = CARTESIAN_POINT('',(145.499999,-72.5,0.));
#5567 = VECTOR('',#5568,1.);
#5568 = DIRECTION('',(0.,0.,1.));
#5569 = ORIENTED_EDGE('',*,*,#3468,.T.);
#5570 = ORIENTED_EDGE('',*,*,#5530,.F.);
#5571 = ORIENTED_EDGE('',*,*,#2196,.F.);
#5572 = CYLINDRICAL_SURFACE('',#5573,2.499994718109);
#5573 = AXIS2_PLACEMENT_3D('',#5574,#5575,#5576);
#5574 = CARTESIAN_POINT('',(143.00000428189,-72.4999957181,0.));
#5575 = DIRECTION('',(-0.,-0.,-1.));
#5576 = DIRECTION('',(0.999999999999,-1.712761448967E-06,0.));
#5577 = ADVANCED_FACE('',(#5578),#5589,.T.);
#5578 = FACE_BOUND('',#5579,.T.);
#5579 = EDGE_LOOP('',(#5580,#5581,#5582,#5588));
#5580 = ORIENTED_EDGE('',*,*,#5549,.T.);
#5581 = ORIENTED_EDGE('',*,*,#3519,.T.);
#5582 = ORIENTED_EDGE('',*,*,#5583,.F.);
#5583 = EDGE_CURVE('',#2239,#3511,#5584,.T.);
#5584 = LINE('',#5585,#5586);
#5585 = CARTESIAN_POINT('',(126.5,-81.5,0.));
#5586 = VECTOR('',#5587,1.);
#5587 = DIRECTION('',(0.,0.,1.));
#5588 = ORIENTED_EDGE('',*,*,#2247,.F.);
#5589 = PLANE('',#5590);
#5590 = AXIS2_PLACEMENT_3D('',#5591,#5592,#5593);
#5591 = CARTESIAN_POINT('',(126.500002,-77.,0.));
#5592 = DIRECTION('',(1.,-4.444444433223E-07,0.));
#5593 = DIRECTION('',(-4.444444433223E-07,-1.,0.));
#5594 = ADVANCED_FACE('',(#5595),#5606,.T.);
#5595 = FACE_BOUND('',#5596,.T.);
#5596 = EDGE_LOOP('',(#5597,#5603,#5604,#5605));
#5597 = ORIENTED_EDGE('',*,*,#5598,.T.);
#5598 = EDGE_CURVE('',#2206,#3478,#5599,.T.);
#5599 = LINE('',#5600,#5601);
#5600 = CARTESIAN_POINT('',(145.5,-77.,0.));
#5601 = VECTOR('',#5602,1.);
#5602 = DIRECTION('',(0.,0.,1.));
#5603 = ORIENTED_EDGE('',*,*,#3477,.T.);
#5604 = ORIENTED_EDGE('',*,*,#5564,.F.);
#5605 = ORIENTED_EDGE('',*,*,#2205,.F.);
#5606 = PLANE('',#5607);
#5607 = AXIS2_PLACEMENT_3D('',#5608,#5609,#5610);
#5608 = CARTESIAN_POINT('',(145.5,-77.,0.));
#5609 = DIRECTION('',(-1.,-2.222222216612E-07,0.));
#5610 = DIRECTION('',(-2.222222216612E-07,1.,0.));
#5611 = ADVANCED_FACE('',(#5612),#5623,.F.);
#5612 = FACE_BOUND('',#5613,.T.);
#5613 = EDGE_LOOP('',(#5614,#5615,#5616,#5622));
#5614 = ORIENTED_EDGE('',*,*,#5583,.T.);
#5615 = ORIENTED_EDGE('',*,*,#3510,.T.);
#5616 = ORIENTED_EDGE('',*,*,#5617,.F.);
#5617 = EDGE_CURVE('',#2231,#3503,#5618,.T.);
#5618 = LINE('',#5619,#5620);
#5619 = CARTESIAN_POINT('',(129.,-84.,0.));
#5620 = VECTOR('',#5621,1.);
#5621 = DIRECTION('',(0.,0.,1.));
#5622 = ORIENTED_EDGE('',*,*,#2238,.F.);
#5623 = CYLINDRICAL_SURFACE('',#5624,2.499999839417);
#5624 = AXIS2_PLACEMENT_3D('',#5625,#5626,#5627);
#5625 = CARTESIAN_POINT('',(128.99999983941,-81.50000016058,0.));
#5626 = DIRECTION('',(-0.,-0.,-1.));
#5627 = DIRECTION('',(-1.,6.42331470194E-08,0.));
#5628 = ADVANCED_FACE('',(#5629),#5640,.T.);
#5629 = FACE_BOUND('',#5630,.T.);
#5630 = EDGE_LOOP('',(#5631,#5637,#5638,#5639));
#5631 = ORIENTED_EDGE('',*,*,#5632,.T.);
#5632 = EDGE_CURVE('',#2214,#3486,#5633,.T.);
#5633 = LINE('',#5634,#5635);
#5634 = CARTESIAN_POINT('',(145.500001,-81.5,0.));
#5635 = VECTOR('',#5636,1.);
#5636 = DIRECTION('',(0.,0.,1.));
#5637 = ORIENTED_EDGE('',*,*,#3485,.T.);
#5638 = ORIENTED_EDGE('',*,*,#5598,.F.);
#5639 = ORIENTED_EDGE('',*,*,#2213,.F.);
#5640 = PLANE('',#5641);
#5641 = AXIS2_PLACEMENT_3D('',#5642,#5643,#5644);
#5642 = CARTESIAN_POINT('',(145.500001,-81.5,0.));
#5643 = DIRECTION('',(-1.,-2.222222216612E-07,0.));
#5644 = DIRECTION('',(-2.222222216612E-07,1.,0.));
#5645 = ADVANCED_FACE('',(#5646),#5657,.T.);
#5646 = FACE_BOUND('',#5647,.T.);
#5647 = EDGE_LOOP('',(#5648,#5649,#5650,#5656));
#5648 = ORIENTED_EDGE('',*,*,#5617,.T.);
#5649 = ORIENTED_EDGE('',*,*,#3502,.T.);
#5650 = ORIENTED_EDGE('',*,*,#5651,.F.);
#5651 = EDGE_CURVE('',#2222,#3494,#5652,.T.);
#5652 = LINE('',#5653,#5654);
#5653 = CARTESIAN_POINT('',(143.000001,-84.,0.));
#5654 = VECTOR('',#5655,1.);
#5655 = DIRECTION('',(0.,0.,1.));
#5656 = ORIENTED_EDGE('',*,*,#2230,.F.);
#5657 = PLANE('',#5658);
#5658 = AXIS2_PLACEMENT_3D('',#5659,#5660,#5661);
#5659 = CARTESIAN_POINT('',(129.,-84.,0.));
#5660 = DIRECTION('',(0.,1.,0.));
#5661 = DIRECTION('',(1.,0.,0.));
#5662 = ADVANCED_FACE('',(#5663),#5669,.F.);
#5663 = FACE_BOUND('',#5664,.T.);
#5664 = EDGE_LOOP('',(#5665,#5666,#5667,#5668));
#5665 = ORIENTED_EDGE('',*,*,#5651,.T.);
#5666 = ORIENTED_EDGE('',*,*,#3493,.T.);
#5667 = ORIENTED_EDGE('',*,*,#5632,.F.);
#5668 = ORIENTED_EDGE('',*,*,#2221,.F.);
#5669 = CYLINDRICAL_SURFACE('',#5670,2.499999839417);
#5670 = AXIS2_PLACEMENT_3D('',#5671,#5672,#5673);
#5671 = CARTESIAN_POINT('',(143.00000116058,-81.50000016058,0.));
#5672 = DIRECTION('',(-0.,-0.,-1.));
#5673 = DIRECTION('',(-6.42331470194E-08,-1.,0.));
#5674 = ADVANCED_FACE('',(#5675),#5686,.F.);
#5675 = FACE_BOUND('',#5676,.T.);
#5676 = EDGE_LOOP('',(#5677,#5678,#5684,#5685));
#5677 = ORIENTED_EDGE('',*,*,#2263,.T.);
#5678 = ORIENTED_EDGE('',*,*,#5679,.T.);
#5679 = EDGE_CURVE('',#2264,#3536,#5680,.T.);
#5680 = LINE('',#5681,#5682);
#5681 = CARTESIAN_POINT('',(150.,-90.,-4.6E-02));
#5682 = VECTOR('',#5683,1.);
#5683 = DIRECTION('',(0.,0.,1.));
#5684 = ORIENTED_EDGE('',*,*,#3535,.F.);
#5685 = ORIENTED_EDGE('',*,*,#5679,.F.);
#5686 = CYLINDRICAL_SURFACE('',#5687,1.5);
#5687 = AXIS2_PLACEMENT_3D('',#5688,#5689,#5690);
#5688 = CARTESIAN_POINT('',(150.,-88.5,-4.6E-02));
#5689 = DIRECTION('',(-0.,-0.,-1.));
#5690 = DIRECTION('',(-0.,-1.,0.));
#5691 = ADVANCED_FACE('',(#5692),#5703,.F.);
#5692 = FACE_BOUND('',#5693,.T.);
#5693 = EDGE_LOOP('',(#5694,#5695,#5701,#5702));
#5694 = ORIENTED_EDGE('',*,*,#2274,.T.);
#5695 = ORIENTED_EDGE('',*,*,#5696,.T.);
#5696 = EDGE_CURVE('',#2275,#3547,#5697,.T.);
#5697 = LINE('',#5698,#5699);
#5698 = CARTESIAN_POINT('',(154.,-90.,-4.6E-02));
#5699 = VECTOR('',#5700,1.);
#5700 = DIRECTION('',(0.,0.,1.));
#5701 = ORIENTED_EDGE('',*,*,#3546,.F.);
#5702 = ORIENTED_EDGE('',*,*,#5696,.F.);
#5703 = CYLINDRICAL_SURFACE('',#5704,1.5);
#5704 = AXIS2_PLACEMENT_3D('',#5705,#5706,#5707);
#5705 = CARTESIAN_POINT('',(154.,-88.5,-4.6E-02));
#5706 = DIRECTION('',(-0.,-0.,-1.));
#5707 = DIRECTION('',(-0.,-1.,0.));
#5708 = ADVANCED_FACE('',(#5709),#5720,.F.);
#5709 = FACE_BOUND('',#5710,.T.);
#5710 = EDGE_LOOP('',(#5711,#5712,#5718,#5719));
#5711 = ORIENTED_EDGE('',*,*,#2285,.T.);
#5712 = ORIENTED_EDGE('',*,*,#5713,.T.);
#5713 = EDGE_CURVE('',#2286,#3558,#5714,.T.);
#5714 = LINE('',#5715,#5716);
#5715 = CARTESIAN_POINT('',(118.,-67.,-4.6E-02));
#5716 = VECTOR('',#5717,1.);
#5717 = DIRECTION('',(0.,0.,1.));
#5718 = ORIENTED_EDGE('',*,*,#3557,.F.);
#5719 = ORIENTED_EDGE('',*,*,#5713,.F.);
#5720 = CYLINDRICAL_SURFACE('',#5721,1.5);
#5721 = AXIS2_PLACEMENT_3D('',#5722,#5723,#5724);
#5722 = CARTESIAN_POINT('',(118.,-65.5,-4.6E-02));
#5723 = DIRECTION('',(-0.,-0.,-1.));
#5724 = DIRECTION('',(-0.,-1.,0.));
#5725 = ADVANCED_FACE('',(#5726),#5737,.F.);
#5726 = FACE_BOUND('',#5727,.T.);
#5727 = EDGE_LOOP('',(#5728,#5729,#5735,#5736));
#5728 = ORIENTED_EDGE('',*,*,#2296,.T.);
#5729 = ORIENTED_EDGE('',*,*,#5730,.T.);
#5730 = EDGE_CURVE('',#2297,#3569,#5731,.T.);
#5731 = LINE('',#5732,#5733);
#5732 = CARTESIAN_POINT('',(122.,-67.,-4.6E-02));
#5733 = VECTOR('',#5734,1.);
#5734 = DIRECTION('',(0.,0.,1.));
#5735 = ORIENTED_EDGE('',*,*,#3568,.F.);
#5736 = ORIENTED_EDGE('',*,*,#5730,.F.);
#5737 = CYLINDRICAL_SURFACE('',#5738,1.5);
#5738 = AXIS2_PLACEMENT_3D('',#5739,#5740,#5741);
#5739 = CARTESIAN_POINT('',(122.,-65.5,-4.6E-02));
#5740 = DIRECTION('',(-0.,-0.,-1.));
#5741 = DIRECTION('',(-0.,-1.,0.));
#5742 = ADVANCED_FACE('',(#5743),#5754,.F.);
#5743 = FACE_BOUND('',#5744,.T.);
#5744 = EDGE_LOOP('',(#5745,#5746,#5752,#5753));
#5745 = ORIENTED_EDGE('',*,*,#2307,.T.);
#5746 = ORIENTED_EDGE('',*,*,#5747,.T.);
#5747 = EDGE_CURVE('',#2308,#3580,#5748,.T.);
#5748 = LINE('',#5749,#5750);
#5749 = CARTESIAN_POINT('',(117.499999,-52.000001,-4.6E-02));
#5750 = VECTOR('',#5751,1.);
#5751 = DIRECTION('',(0.,0.,1.));
#5752 = ORIENTED_EDGE('',*,*,#3579,.F.);
#5753 = ORIENTED_EDGE('',*,*,#5747,.F.);
#5754 = CYLINDRICAL_SURFACE('',#5755,0.5);
#5755 = AXIS2_PLACEMENT_3D('',#5756,#5757,#5758);
#5756 = CARTESIAN_POINT('',(117.499999,-51.500001,-4.6E-02));
#5757 = DIRECTION('',(-0.,-0.,-1.));
#5758 = DIRECTION('',(-0.,-1.,0.));
#5759 = ADVANCED_FACE('',(#5760),#5771,.F.);
#5760 = FACE_BOUND('',#5761,.T.);
#5761 = EDGE_LOOP('',(#5762,#5763,#5769,#5770));
#5762 = ORIENTED_EDGE('',*,*,#2318,.T.);
#5763 = ORIENTED_EDGE('',*,*,#5764,.T.);
#5764 = EDGE_CURVE('',#2319,#3591,#5765,.T.);
#5765 = LINE('',#5766,#5767);
#5766 = CARTESIAN_POINT('',(123.999999,-52.000001,-4.6E-02));
#5767 = VECTOR('',#5768,1.);
#5768 = DIRECTION('',(0.,0.,1.));
#5769 = ORIENTED_EDGE('',*,*,#3590,.F.);
#5770 = ORIENTED_EDGE('',*,*,#5764,.F.);
#5771 = CYLINDRICAL_SURFACE('',#5772,0.5);
#5772 = AXIS2_PLACEMENT_3D('',#5773,#5774,#5775);
#5773 = CARTESIAN_POINT('',(123.999999,-51.500001,-4.6E-02));
#5774 = DIRECTION('',(-0.,-0.,-1.));
#5775 = DIRECTION('',(-0.,-1.,0.));
#5776 = ADVANCED_FACE('',(#5777),#5788,.F.);
#5777 = FACE_BOUND('',#5778,.T.);
#5778 = EDGE_LOOP('',(#5779,#5780,#5786,#5787));
#5779 = ORIENTED_EDGE('',*,*,#2329,.T.);
#5780 = ORIENTED_EDGE('',*,*,#5781,.T.);
#5781 = EDGE_CURVE('',#2330,#3602,#5782,.T.);
#5782 = LINE('',#5783,#5784);
#5783 = CARTESIAN_POINT('',(150.,-67.,-4.6E-02));
#5784 = VECTOR('',#5785,1.);
#5785 = DIRECTION('',(0.,0.,1.));
#5786 = ORIENTED_EDGE('',*,*,#3601,.F.);
#5787 = ORIENTED_EDGE('',*,*,#5781,.F.);
#5788 = CYLINDRICAL_SURFACE('',#5789,1.5);
#5789 = AXIS2_PLACEMENT_3D('',#5790,#5791,#5792);
#5790 = CARTESIAN_POINT('',(150.,-65.5,-4.6E-02));
#5791 = DIRECTION('',(-0.,-0.,-1.));
#5792 = DIRECTION('',(-0.,-1.,0.));
#5793 = ADVANCED_FACE('',(#5794),#5805,.F.);
#5794 = FACE_BOUND('',#5795,.T.);
#5795 = EDGE_LOOP('',(#5796,#5797,#5803,#5804));
#5796 = ORIENTED_EDGE('',*,*,#2340,.T.);
#5797 = ORIENTED_EDGE('',*,*,#5798,.T.);
#5798 = EDGE_CURVE('',#2341,#3613,#5799,.T.);
#5799 = LINE('',#5800,#5801);
#5800 = CARTESIAN_POINT('',(154.,-67.,-4.6E-02));
#5801 = VECTOR('',#5802,1.);
#5802 = DIRECTION('',(0.,0.,1.));
#5803 = ORIENTED_EDGE('',*,*,#3612,.F.);
#5804 = ORIENTED_EDGE('',*,*,#5798,.F.);
#5805 = CYLINDRICAL_SURFACE('',#5806,1.5);
#5806 = AXIS2_PLACEMENT_3D('',#5807,#5808,#5809);
#5807 = CARTESIAN_POINT('',(154.,-65.5,-4.6E-02));
#5808 = DIRECTION('',(-0.,-0.,-1.));
#5809 = DIRECTION('',(-0.,-1.,0.));
#5810 = ADVANCED_FACE('',(#5811),#5822,.F.);
#5811 = FACE_BOUND('',#5812,.T.);
#5812 = EDGE_LOOP('',(#5813,#5814,#5820,#5821));
#5813 = ORIENTED_EDGE('',*,*,#2351,.T.);
#5814 = ORIENTED_EDGE('',*,*,#5815,.T.);
#5815 = EDGE_CURVE('',#2352,#3624,#5816,.T.);
#5816 = LINE('',#5817,#5818);
#5817 = CARTESIAN_POINT('',(148.000001,-52.000001,-4.6E-02));
#5818 = VECTOR('',#5819,1.);
#5819 = DIRECTION('',(0.,0.,1.));
#5820 = ORIENTED_EDGE('',*,*,#3623,.F.);
#5821 = ORIENTED_EDGE('',*,*,#5815,.F.);
#5822 = CYLINDRICAL_SURFACE('',#5823,0.5);
#5823 = AXIS2_PLACEMENT_3D('',#5824,#5825,#5826);
#5824 = CARTESIAN_POINT('',(148.000001,-51.500001,-4.6E-02));
#5825 = DIRECTION('',(-0.,-0.,-1.));
#5826 = DIRECTION('',(-0.,-1.,0.));
#5827 = ADVANCED_FACE('',(#5828),#5839,.F.);
#5828 = FACE_BOUND('',#5829,.T.);
#5829 = EDGE_LOOP('',(#5830,#5831,#5837,#5838));
#5830 = ORIENTED_EDGE('',*,*,#2362,.T.);
#5831 = ORIENTED_EDGE('',*,*,#5832,.T.);
#5832 = EDGE_CURVE('',#2363,#3635,#5833,.T.);
#5833 = LINE('',#5834,#5835);
#5834 = CARTESIAN_POINT('',(160.,-90.,-4.6E-02));
#5835 = VECTOR('',#5836,1.);
#5836 = DIRECTION('',(0.,0.,1.));
#5837 = ORIENTED_EDGE('',*,*,#3634,.F.);
#5838 = ORIENTED_EDGE('',*,*,#5832,.F.);
#5839 = CYLINDRICAL_SURFACE('',#5840,1.5);
#5840 = AXIS2_PLACEMENT_3D('',#5841,#5842,#5843);
#5841 = CARTESIAN_POINT('',(160.,-88.5,-4.6E-02));
#5842 = DIRECTION('',(-0.,-0.,-1.));
#5843 = DIRECTION('',(-0.,-1.,0.));
#5844 = ADVANCED_FACE('',(#5845),#5856,.F.);
#5845 = FACE_BOUND('',#5846,.T.);
#5846 = EDGE_LOOP('',(#5847,#5848,#5854,#5855));
#5847 = ORIENTED_EDGE('',*,*,#2373,.T.);
#5848 = ORIENTED_EDGE('',*,*,#5849,.T.);
#5849 = EDGE_CURVE('',#2374,#3646,#5850,.T.);
#5850 = LINE('',#5851,#5852);
#5851 = CARTESIAN_POINT('',(164.,-90.,-4.6E-02));
#5852 = VECTOR('',#5853,1.);
#5853 = DIRECTION('',(0.,0.,1.));
#5854 = ORIENTED_EDGE('',*,*,#3645,.F.);
#5855 = ORIENTED_EDGE('',*,*,#5849,.F.);
#5856 = CYLINDRICAL_SURFACE('',#5857,1.5);
#5857 = AXIS2_PLACEMENT_3D('',#5858,#5859,#5860);
#5858 = CARTESIAN_POINT('',(164.,-88.5,-4.6E-02));
#5859 = DIRECTION('',(-0.,-0.,-1.));
#5860 = DIRECTION('',(-0.,-1.,0.));
#5861 = ADVANCED_FACE('',(#5862),#5873,.F.);
#5862 = FACE_BOUND('',#5863,.T.);
#5863 = EDGE_LOOP('',(#5864,#5865,#5871,#5872));
#5864 = ORIENTED_EDGE('',*,*,#2384,.T.);
#5865 = ORIENTED_EDGE('',*,*,#5866,.T.);
#5866 = EDGE_CURVE('',#2385,#3657,#5867,.T.);
#5867 = LINE('',#5868,#5869);
#5868 = CARTESIAN_POINT('',(192.,-90.,-4.6E-02));
#5869 = VECTOR('',#5870,1.);
#5870 = DIRECTION('',(0.,0.,1.));
#5871 = ORIENTED_EDGE('',*,*,#3656,.F.);
#5872 = ORIENTED_EDGE('',*,*,#5866,.F.);
#5873 = CYLINDRICAL_SURFACE('',#5874,1.5);
#5874 = AXIS2_PLACEMENT_3D('',#5875,#5876,#5877);
#5875 = CARTESIAN_POINT('',(192.,-88.5,-4.6E-02));
#5876 = DIRECTION('',(-0.,-0.,-1.));
#5877 = DIRECTION('',(-0.,-1.,0.));
#5878 = ADVANCED_FACE('',(#5879),#5890,.F.);
#5879 = FACE_BOUND('',#5880,.T.);
#5880 = EDGE_LOOP('',(#5881,#5882,#5888,#5889));
#5881 = ORIENTED_EDGE('',*,*,#2395,.T.);
#5882 = ORIENTED_EDGE('',*,*,#5883,.T.);
#5883 = EDGE_CURVE('',#2396,#3668,#5884,.T.);
#5884 = LINE('',#5885,#5886);
#5885 = CARTESIAN_POINT('',(196.,-90.,-4.6E-02));
#5886 = VECTOR('',#5887,1.);
#5887 = DIRECTION('',(0.,0.,1.));
#5888 = ORIENTED_EDGE('',*,*,#3667,.F.);
#5889 = ORIENTED_EDGE('',*,*,#5883,.F.);
#5890 = CYLINDRICAL_SURFACE('',#5891,1.5);
#5891 = AXIS2_PLACEMENT_3D('',#5892,#5893,#5894);
#5892 = CARTESIAN_POINT('',(196.,-88.5,-4.6E-02));
#5893 = DIRECTION('',(-0.,-0.,-1.));
#5894 = DIRECTION('',(-0.,-1.,0.));
#5895 = ADVANCED_FACE('',(#5896),#5912,.F.);
#5896 = FACE_BOUND('',#5897,.T.);
#5897 = EDGE_LOOP('',(#5898,#5904,#5905,#5911));
#5898 = ORIENTED_EDGE('',*,*,#5899,.T.);
#5899 = EDGE_CURVE('',#2407,#3679,#5900,.T.);
#5900 = LINE('',#5901,#5902);
#5901 = CARTESIAN_POINT('',(171.,-70.,0.));
#5902 = VECTOR('',#5903,1.);
#5903 = DIRECTION('',(0.,0.,1.));
#5904 = ORIENTED_EDGE('',*,*,#3678,.T.);
#5905 = ORIENTED_EDGE('',*,*,#5906,.F.);
#5906 = EDGE_CURVE('',#2409,#3681,#5907,.T.);
#5907 = LINE('',#5908,#5909);
#5908 = CARTESIAN_POINT('',(168.5,-72.5,0.));
#5909 = VECTOR('',#5910,1.);
#5910 = DIRECTION('',(0.,0.,1.));
#5911 = ORIENTED_EDGE('',*,*,#2406,.F.);
#5912 = CYLINDRICAL_SURFACE('',#5913,2.499999839417);
#5913 = AXIS2_PLACEMENT_3D('',#5914,#5915,#5916);
#5914 = CARTESIAN_POINT('',(170.99999983941,-72.49999983941,0.));
#5915 = DIRECTION('',(-0.,-0.,-1.));
#5916 = DIRECTION('',(6.42331470194E-08,1.,-0.));
#5917 = ADVANCED_FACE('',(#5918),#5929,.T.);
#5918 = FACE_BOUND('',#5919,.T.);
#5919 = EDGE_LOOP('',(#5920,#5926,#5927,#5928));
#5920 = ORIENTED_EDGE('',*,*,#5921,.T.);
#5921 = EDGE_CURVE('',#2418,#3690,#5922,.T.);
#5922 = LINE('',#5923,#5924);
#5923 = CARTESIAN_POINT('',(185.,-70.,0.));
#5924 = VECTOR('',#5925,1.);
#5925 = DIRECTION('',(0.,0.,1.));
#5926 = ORIENTED_EDGE('',*,*,#3689,.T.);
#5927 = ORIENTED_EDGE('',*,*,#5899,.F.);
#5928 = ORIENTED_EDGE('',*,*,#2417,.F.);
#5929 = PLANE('',#5930);
#5930 = AXIS2_PLACEMENT_3D('',#5931,#5932,#5933);
#5931 = CARTESIAN_POINT('',(185.,-70.,0.));
#5932 = DIRECTION('',(0.,-1.,0.));
#5933 = DIRECTION('',(-1.,0.,0.));
#5934 = ADVANCED_FACE('',(#5935),#5946,.T.);
#5935 = FACE_BOUND('',#5936,.T.);
#5936 = EDGE_LOOP('',(#5937,#5938,#5939,#5945));
#5937 = ORIENTED_EDGE('',*,*,#5906,.T.);
#5938 = ORIENTED_EDGE('',*,*,#3756,.T.);
#5939 = ORIENTED_EDGE('',*,*,#5940,.F.);
#5940 = EDGE_CURVE('',#2477,#3749,#5941,.T.);
#5941 = LINE('',#5942,#5943);
#5942 = CARTESIAN_POINT('',(168.500002,-77.,0.));
#5943 = VECTOR('',#5944,1.);
#5944 = DIRECTION('',(0.,0.,1.));
#5945 = ORIENTED_EDGE('',*,*,#2484,.F.);
#5946 = PLANE('',#5947);
#5947 = AXIS2_PLACEMENT_3D('',#5948,#5949,#5950);
#5948 = CARTESIAN_POINT('',(168.5,-72.5,0.));
#5949 = DIRECTION('',(1.,4.444444433223E-07,-0.));
#5950 = DIRECTION('',(4.444444433223E-07,-1.,0.));
#5951 = ADVANCED_FACE('',(#5952),#5963,.F.);
#5952 = FACE_BOUND('',#5953,.T.);
#5953 = EDGE_LOOP('',(#5954,#5960,#5961,#5962));
#5954 = ORIENTED_EDGE('',*,*,#5955,.T.);
#5955 = EDGE_CURVE('',#2426,#3698,#5956,.T.);
#5956 = LINE('',#5957,#5958);
#5957 = CARTESIAN_POINT('',(187.500001,-72.5,0.));
#5958 = VECTOR('',#5959,1.);
#5959 = DIRECTION('',(0.,0.,1.));
#5960 = ORIENTED_EDGE('',*,*,#3697,.T.);
#5961 = ORIENTED_EDGE('',*,*,#5921,.F.);
#5962 = ORIENTED_EDGE('',*,*,#2425,.F.);
#5963 = CYLINDRICAL_SURFACE('',#5964,2.500001546525);
#5964 = AXIS2_PLACEMENT_3D('',#5965,#5966,#5967);
#5965 = CARTESIAN_POINT('',(184.99999945347,-72.50000154652,0.));
#5966 = DIRECTION('',(-0.,-0.,-1.));
#5967 = DIRECTION('',(1.,6.186094349152E-07,-0.));
#5968 = ADVANCED_FACE('',(#5969),#5980,.T.);
#5969 = FACE_BOUND('',#5970,.T.);
#5970 = EDGE_LOOP('',(#5971,#5972,#5973,#5979));
#5971 = ORIENTED_EDGE('',*,*,#5940,.T.);
#5972 = ORIENTED_EDGE('',*,*,#3748,.T.);
#5973 = ORIENTED_EDGE('',*,*,#5974,.F.);
#5974 = EDGE_CURVE('',#2468,#3740,#5975,.T.);
#5975 = LINE('',#5976,#5977);
#5976 = CARTESIAN_POINT('',(168.5,-81.5,0.));
#5977 = VECTOR('',#5978,1.);
#5978 = DIRECTION('',(0.,0.,1.));
#5979 = ORIENTED_EDGE('',*,*,#2476,.F.);
#5980 = PLANE('',#5981);
#5981 = AXIS2_PLACEMENT_3D('',#5982,#5983,#5984);
#5982 = CARTESIAN_POINT('',(168.500002,-77.,0.));
#5983 = DIRECTION('',(1.,-4.444444433223E-07,0.));
#5984 = DIRECTION('',(-4.444444433223E-07,-1.,0.));
#5985 = ADVANCED_FACE('',(#5986),#5997,.T.);
#5986 = FACE_BOUND('',#5987,.T.);
#5987 = EDGE_LOOP('',(#5988,#5994,#5995,#5996));
#5988 = ORIENTED_EDGE('',*,*,#5989,.T.);
#5989 = EDGE_CURVE('',#2435,#3707,#5990,.T.);
#5990 = LINE('',#5991,#5992);
#5991 = CARTESIAN_POINT('',(187.500001,-77.,0.));
#5992 = VECTOR('',#5993,1.);
#5993 = DIRECTION('',(0.,0.,1.));
#5994 = ORIENTED_EDGE('',*,*,#3706,.T.);
#5995 = ORIENTED_EDGE('',*,*,#5955,.F.);
#5996 = ORIENTED_EDGE('',*,*,#2434,.F.);
#5997 = PLANE('',#5998);
#5998 = AXIS2_PLACEMENT_3D('',#5999,#6000,#6001);
#5999 = CARTESIAN_POINT('',(187.500001,-77.,0.));
#6000 = DIRECTION('',(-1.,0.,0.));
#6001 = DIRECTION('',(0.,1.,0.));
#6002 = ADVANCED_FACE('',(#6003),#6014,.F.);
#6003 = FACE_BOUND('',#6004,.T.);
#6004 = EDGE_LOOP('',(#6005,#6006,#6007,#6013));
#6005 = ORIENTED_EDGE('',*,*,#5974,.T.);
#6006 = ORIENTED_EDGE('',*,*,#3739,.T.);
#6007 = ORIENTED_EDGE('',*,*,#6008,.F.);
#6008 = EDGE_CURVE('',#2460,#3732,#6009,.T.);
#6009 = LINE('',#6010,#6011);
#6010 = CARTESIAN_POINT('',(171.,-84.,0.));
#6011 = VECTOR('',#6012,1.);
#6012 = DIRECTION('',(0.,0.,1.));
#6013 = ORIENTED_EDGE('',*,*,#2467,.F.);
#6014 = CYLINDRICAL_SURFACE('',#6015,2.499999839417);
#6015 = AXIS2_PLACEMENT_3D('',#6016,#6017,#6018);
#6016 = CARTESIAN_POINT('',(170.99999983941,-81.50000016058,0.));
#6017 = DIRECTION('',(-0.,-0.,-1.));
#6018 = DIRECTION('',(-1.,6.423314133505E-08,0.));
#6019 = ADVANCED_FACE('',(#6020),#6031,.T.);
#6020 = FACE_BOUND('',#6021,.T.);
#6021 = EDGE_LOOP('',(#6022,#6028,#6029,#6030));
#6022 = ORIENTED_EDGE('',*,*,#6023,.T.);
#6023 = EDGE_CURVE('',#2443,#3715,#6024,.T.);
#6024 = LINE('',#6025,#6026);
#6025 = CARTESIAN_POINT('',(187.500002,-81.5,0.));
#6026 = VECTOR('',#6027,1.);
#6027 = DIRECTION('',(0.,0.,1.));
#6028 = ORIENTED_EDGE('',*,*,#3714,.T.);
#6029 = ORIENTED_EDGE('',*,*,#5989,.F.);
#6030 = ORIENTED_EDGE('',*,*,#2442,.F.);
#6031 = PLANE('',#6032);
#6032 = AXIS2_PLACEMENT_3D('',#6033,#6034,#6035);
#6033 = CARTESIAN_POINT('',(187.500002,-81.5,0.));
#6034 = DIRECTION('',(-1.,-2.222222216612E-07,0.));
#6035 = DIRECTION('',(-2.222222216612E-07,1.,0.));
#6036 = ADVANCED_FACE('',(#6037),#6048,.T.);
#6037 = FACE_BOUND('',#6038,.T.);
#6038 = EDGE_LOOP('',(#6039,#6040,#6041,#6047));
#6039 = ORIENTED_EDGE('',*,*,#6008,.T.);
#6040 = ORIENTED_EDGE('',*,*,#3731,.T.);
#6041 = ORIENTED_EDGE('',*,*,#6042,.F.);
#6042 = EDGE_CURVE('',#2451,#3723,#6043,.T.);
#6043 = LINE('',#6044,#6045);
#6044 = CARTESIAN_POINT('',(185.,-84.,0.));
#6045 = VECTOR('',#6046,1.);
#6046 = DIRECTION('',(0.,0.,1.));
#6047 = ORIENTED_EDGE('',*,*,#2459,.F.);
#6048 = PLANE('',#6049);
#6049 = AXIS2_PLACEMENT_3D('',#6050,#6051,#6052);
#6050 = CARTESIAN_POINT('',(171.,-84.,0.));
#6051 = DIRECTION('',(0.,1.,0.));
#6052 = DIRECTION('',(1.,0.,0.));
#6053 = ADVANCED_FACE('',(#6054),#6060,.F.);
#6054 = FACE_BOUND('',#6055,.T.);
#6055 = EDGE_LOOP('',(#6056,#6057,#6058,#6059));
#6056 = ORIENTED_EDGE('',*,*,#6042,.T.);
#6057 = ORIENTED_EDGE('',*,*,#3722,.T.);
#6058 = ORIENTED_EDGE('',*,*,#6023,.F.);
#6059 = ORIENTED_EDGE('',*,*,#2450,.F.);
#6060 = CYLINDRICAL_SURFACE('',#6061,2.499999839419);
#6061 = AXIS2_PLACEMENT_3D('',#6062,#6063,#6064);
#6062 = CARTESIAN_POINT('',(185.00000216058,-81.50000016058,0.));
#6063 = DIRECTION('',(-0.,-0.,-1.));
#6064 = DIRECTION('',(-8.642325597392E-07,-1.,0.));
#6065 = ADVANCED_FACE('',(#6066),#6077,.F.);
#6066 = FACE_BOUND('',#6067,.T.);
#6067 = EDGE_LOOP('',(#6068,#6069,#6075,#6076));
#6068 = ORIENTED_EDGE('',*,*,#2492,.T.);
#6069 = ORIENTED_EDGE('',*,*,#6070,.T.);
#6070 = EDGE_CURVE('',#2493,#3765,#6071,.T.);
#6071 = LINE('',#6072,#6073);
#6072 = CARTESIAN_POINT('',(160.,-67.,-4.6E-02));
#6073 = VECTOR('',#6074,1.);
#6074 = DIRECTION('',(0.,0.,1.));
#6075 = ORIENTED_EDGE('',*,*,#3764,.F.);
#6076 = ORIENTED_EDGE('',*,*,#6070,.F.);
#6077 = CYLINDRICAL_SURFACE('',#6078,1.5);
#6078 = AXIS2_PLACEMENT_3D('',#6079,#6080,#6081);
#6079 = CARTESIAN_POINT('',(160.,-65.5,-4.6E-02));
#6080 = DIRECTION('',(-0.,-0.,-1.));
#6081 = DIRECTION('',(-0.,-1.,0.));
#6082 = ADVANCED_FACE('',(#6083),#6094,.F.);
#6083 = FACE_BOUND('',#6084,.T.);
#6084 = EDGE_LOOP('',(#6085,#6086,#6092,#6093));
#6085 = ORIENTED_EDGE('',*,*,#2503,.T.);
#6086 = ORIENTED_EDGE('',*,*,#6087,.T.);
#6087 = EDGE_CURVE('',#2504,#3776,#6088,.T.);
#6088 = LINE('',#6089,#6090);
#6089 = CARTESIAN_POINT('',(164.,-67.,-4.6E-02));
#6090 = VECTOR('',#6091,1.);
#6091 = DIRECTION('',(0.,0.,1.));
#6092 = ORIENTED_EDGE('',*,*,#3775,.F.);
#6093 = ORIENTED_EDGE('',*,*,#6087,.F.);
#6094 = CYLINDRICAL_SURFACE('',#6095,1.5);
#6095 = AXIS2_PLACEMENT_3D('',#6096,#6097,#6098);
#6096 = CARTESIAN_POINT('',(164.,-65.5,-4.6E-02));
#6097 = DIRECTION('',(-0.,-0.,-1.));
#6098 = DIRECTION('',(-0.,-1.,0.));
#6099 = ADVANCED_FACE('',(#6100),#6111,.F.);
#6100 = FACE_BOUND('',#6101,.T.);
#6101 = EDGE_LOOP('',(#6102,#6103,#6109,#6110));
#6102 = ORIENTED_EDGE('',*,*,#2514,.T.);
#6103 = ORIENTED_EDGE('',*,*,#6104,.T.);
#6104 = EDGE_CURVE('',#2515,#3787,#6105,.T.);
#6105 = LINE('',#6106,#6107);
#6106 = CARTESIAN_POINT('',(165.999999,-51.999999,-4.6E-02));
#6107 = VECTOR('',#6108,1.);
#6108 = DIRECTION('',(0.,0.,1.));
#6109 = ORIENTED_EDGE('',*,*,#3786,.F.);
#6110 = ORIENTED_EDGE('',*,*,#6104,.F.);
#6111 = CYLINDRICAL_SURFACE('',#6112,0.5);
#6112 = AXIS2_PLACEMENT_3D('',#6113,#6114,#6115);
#6113 = CARTESIAN_POINT('',(165.999999,-51.499999,-4.6E-02));
#6114 = DIRECTION('',(-0.,-0.,-1.));
#6115 = DIRECTION('',(-0.,-1.,0.));
#6116 = ADVANCED_FACE('',(#6117),#6128,.F.);
#6117 = FACE_BOUND('',#6118,.T.);
#6118 = EDGE_LOOP('',(#6119,#6120,#6126,#6127));
#6119 = ORIENTED_EDGE('',*,*,#2525,.T.);
#6120 = ORIENTED_EDGE('',*,*,#6121,.T.);
#6121 = EDGE_CURVE('',#2526,#3798,#6122,.T.);
#6122 = LINE('',#6123,#6124);
#6123 = CARTESIAN_POINT('',(192.,-67.,-4.6E-02));
#6124 = VECTOR('',#6125,1.);
#6125 = DIRECTION('',(0.,0.,1.));
#6126 = ORIENTED_EDGE('',*,*,#3797,.F.);
#6127 = ORIENTED_EDGE('',*,*,#6121,.F.);
#6128 = CYLINDRICAL_SURFACE('',#6129,1.5);
#6129 = AXIS2_PLACEMENT_3D('',#6130,#6131,#6132);
#6130 = CARTESIAN_POINT('',(192.,-65.5,-4.6E-02));
#6131 = DIRECTION('',(-0.,-0.,-1.));
#6132 = DIRECTION('',(-0.,-1.,0.));
#6133 = ADVANCED_FACE('',(#6134),#6145,.F.);
#6134 = FACE_BOUND('',#6135,.T.);
#6135 = EDGE_LOOP('',(#6136,#6137,#6143,#6144));
#6136 = ORIENTED_EDGE('',*,*,#2536,.T.);
#6137 = ORIENTED_EDGE('',*,*,#6138,.T.);
#6138 = EDGE_CURVE('',#2537,#3809,#6139,.T.);
#6139 = LINE('',#6140,#6141);
#6140 = CARTESIAN_POINT('',(196.,-67.,-4.6E-02));
#6141 = VECTOR('',#6142,1.);
#6142 = DIRECTION('',(0.,0.,1.));
#6143 = ORIENTED_EDGE('',*,*,#3808,.F.);
#6144 = ORIENTED_EDGE('',*,*,#6138,.F.);
#6145 = CYLINDRICAL_SURFACE('',#6146,1.5);
#6146 = AXIS2_PLACEMENT_3D('',#6147,#6148,#6149);
#6147 = CARTESIAN_POINT('',(196.,-65.5,-4.6E-02));
#6148 = DIRECTION('',(-0.,-0.,-1.));
#6149 = DIRECTION('',(-0.,-1.,0.));
#6150 = ADVANCED_FACE('',(#6151),#6162,.F.);
#6151 = FACE_BOUND('',#6152,.T.);
#6152 = EDGE_LOOP('',(#6153,#6154,#6160,#6161));
#6153 = ORIENTED_EDGE('',*,*,#2547,.T.);
#6154 = ORIENTED_EDGE('',*,*,#6155,.T.);
#6155 = EDGE_CURVE('',#2548,#3820,#6156,.T.);
#6156 = LINE('',#6157,#6158);
#6157 = CARTESIAN_POINT('',(190.,-52.,-4.6E-02));
#6158 = VECTOR('',#6159,1.);
#6159 = DIRECTION('',(0.,0.,1.));
#6160 = ORIENTED_EDGE('',*,*,#3819,.F.);
#6161 = ORIENTED_EDGE('',*,*,#6155,.F.);
#6162 = CYLINDRICAL_SURFACE('',#6163,0.5);
#6163 = AXIS2_PLACEMENT_3D('',#6164,#6165,#6166);
#6164 = CARTESIAN_POINT('',(190.,-51.5,-4.6E-02));
#6165 = DIRECTION('',(-0.,-0.,-1.));
#6166 = DIRECTION('',(-0.,-1.,0.));
#6167 = ADVANCED_FACE('',(#6168),#6179,.F.);
#6168 = FACE_BOUND('',#6169,.T.);
#6169 = EDGE_LOOP('',(#6170,#6171,#6177,#6178));
#6170 = ORIENTED_EDGE('',*,*,#2558,.T.);
#6171 = ORIENTED_EDGE('',*,*,#6172,.T.);
#6172 = EDGE_CURVE('',#2559,#3831,#6173,.T.);
#6173 = LINE('',#6174,#6175);
#6174 = CARTESIAN_POINT('',(196.5,-52.,-4.6E-02));
#6175 = VECTOR('',#6176,1.);
#6176 = DIRECTION('',(0.,0.,1.));
#6177 = ORIENTED_EDGE('',*,*,#3830,.F.);
#6178 = ORIENTED_EDGE('',*,*,#6172,.F.);
#6179 = CYLINDRICAL_SURFACE('',#6180,0.5);
#6180 = AXIS2_PLACEMENT_3D('',#6181,#6182,#6183);
#6181 = CARTESIAN_POINT('',(196.5,-51.5,-4.6E-02));
#6182 = DIRECTION('',(-0.,-0.,-1.));
#6183 = DIRECTION('',(-0.,-1.,0.));
#6184 = ( GEOMETRIC_REPRESENTATION_CONTEXT(3) 
GLOBAL_UNCERTAINTY_ASSIGNED_CONTEXT((#6188)) 
GLOBAL_UNIT_ASSIGNED_CONTEXT((#6185,#6186,#6187)) REPRESENTATION_CONTEXT
('Context #1','3D Context with UNIT and UNCERTAINTY') );
#6185 = ( LENGTH_UNIT() NAMED_UNIT(*) SI_UNIT(.MILLI.,.METRE.) );
#6186 = ( NAMED_UNIT(*) PLANE_ANGLE_UNIT() SI_UNIT($,.RADIAN.) );
#6187 = ( NAMED_UNIT(*) SI_UNIT($,.STERADIAN.) SOLID_ANGLE_UNIT() );
#6188 = UNCERTAINTY_MEASURE_WITH_UNIT(LENGTH_MEASURE(1.E-07),#6185,
  'distance_accuracy_value','confusion accuracy');
#6189 = CONTEXT_DEPENDENT_SHAPE_REPRESENTATION(#6190,#6192);
#6190 = ( REPRESENTATION_RELATIONSHIP('','',#1192,#10) 
REPRESENTATION_RELATIONSHIP_WITH_TRANSFORMATION(#6191) 
SHAPE_REPRESENTATION_RELATIONSHIP() );
#6191 = ITEM_DEFINED_TRANSFORMATION('','',#11,#39);
#6192 = PRODUCT_DEFINITION_SHAPE('Placement','Placement of an item',
  #6193);
#6193 = NEXT_ASSEMBLY_USAGE_OCCURRENCE('7','=>[0:1:1:3]','',#5,#1187,$);
#6194 = PRODUCT_RELATED_PRODUCT_CATEGORY('part',$,(#1189));
#6195 = REPRESENTATION('material name',(#6196),#1149);
#6196 = DESCRIPTIVE_REPRESENTATION_ITEM('Steel','Steel');
#6197 = DERIVED_UNIT((#6198,#6200));
#6198 = DERIVED_UNIT_ELEMENT(#6199,3.);
#6199 = ( MASS_UNIT() NAMED_UNIT(*) SI_UNIT($,.GRAM.) );
#6200 = DERIVED_UNIT_ELEMENT(#6201,2.);
#6201 = ( LENGTH_UNIT() NAMED_UNIT(*) SI_UNIT(.CENTI.,.METRE.) );
#6202 = REPRESENTATION('density',(#6203),#1149);
#6203 = MEASURE_REPRESENTATION_ITEM('density measure',
  POSITIVE_RATIO_MEASURE(7.85E-03),#6197);
#6204 = PROPERTY_DEFINITION('material property','material name',#51);
#6205 = PROPERTY_DEFINITION_REPRESENTATION(#6204,#6195);
#6206 = PROPERTY_DEFINITION('material property','density',#51);
#6207 = PROPERTY_DEFINITION_REPRESENTATION(#6206,#6202);
#6208 = MECHANICAL_DESIGN_GEOMETRIC_PRESENTATION_REPRESENTATION('',(
    #6209,#6217,#6225),#1149);
#6209 = STYLED_ITEM('color',(#6210),#57);
#6210 = PRESENTATION_STYLE_ASSIGNMENT((#6211));
#6211 = SURFACE_STYLE_USAGE(.BOTH.,#6212);
#6212 = SURFACE_SIDE_STYLE('',(#6213));
#6213 = SURFACE_STYLE_FILL_AREA(#6214);
#6214 = FILL_AREA_STYLE('',(#6215));
#6215 = FILL_AREA_STYLE_COLOUR('',#6216);
#6216 = COLOUR_RGB('',9.803921802644E-02,9.803921802644E-02,
  9.803921802644E-02);
#6217 = OVER_RIDING_STYLED_ITEM('overriding color',(#6218),#92,#6209);
#6218 = PRESENTATION_STYLE_ASSIGNMENT((#6219));
#6219 = SURFACE_STYLE_USAGE(.BOTH.,#6220);
#6220 = SURFACE_SIDE_STYLE('',(#6221));
#6221 = SURFACE_STYLE_FILL_AREA(#6222);
#6222 = FILL_AREA_STYLE('',(#6223));
#6223 = FILL_AREA_STYLE_COLOUR('',#6224);
#6224 = COLOUR_RGB('',0.952941189437,0.796078417252,0.486274506065);
#6225 = OVER_RIDING_STYLED_ITEM('overriding color',(#6226),#134,#6209);
#6226 = PRESENTATION_STYLE_ASSIGNMENT((#6227));
#6227 = SURFACE_STYLE_USAGE(.BOTH.,#6228);
#6228 = SURFACE_SIDE_STYLE('',(#6229));
#6229 = SURFACE_STYLE_FILL_AREA(#6230);
#6230 = FILL_AREA_STYLE('',(#6231));
#6231 = FILL_AREA_STYLE_COLOUR('',#6224);
#6232 = MECHANICAL_DESIGN_GEOMETRIC_PRESENTATION_REPRESENTATION('',(
    #6233),#6184);
#6233 = STYLED_ITEM('color',(#6234),#1193);
#6234 = PRESENTATION_STYLE_ASSIGNMENT((#6235));
#6235 = SURFACE_STYLE_USAGE(.BOTH.,#6236);
#6236 = SURFACE_SIDE_STYLE('',(#6237));
#6237 = SURFACE_STYLE_FILL_AREA(#6238);
#6238 = FILL_AREA_STYLE('',(#6239));
#6239 = FILL_AREA_STYLE_COLOUR('',#6240);
#6240 = COLOUR_RGB('',0.313304153717,0.484529207832,0.410020903123);
ENDSEC;
END-ISO-10303-21;
